Timestamp,OC-02-S1_temperature,OC-02-S1_contact,OC-02-S1_tamper,OC-01-HWA_temperature,OC-01-HWA_tamper,OC-00-H1_tamper,OC-00-H1_contact_x,OC-00-H1_temperature,A6-00-HW_humidity,A6-00-HW_temperature,A6-00-HW_motion,A6-00-HW_illuminance,A6-00-HW_tamper,A6-02-SL_humidity,A6-02-SL_temperature,A6-02-SL_illuminance,A6-02-SL_motion,A6-02-B4_humidity,A6-02-B4_temperature,A6-02-B4_illuminance,A6-02-B4_motion,A6-01-B3_humidity,A6-01-B3_temperature,A6-01-B3_illuminance,A6-01-B3_motion,A6-01-B1_humidity_x,A6-01-B1_temperature_x,A6-01-B1_illuminance_x,A6-01-B1_motion_x,A6-00-K1_humidity_x,A6-00-K1_temperature_x,A6-00-K1_motion_x,A6-00-K1_illuminance_x,A6-00-K1_tamper_x,A6-00-L1_humidity,A6-00-L1_temperature,A6-00-L1_motion,A6-00-L1_illuminance,A6-00-L1_ultravioletIndex,A6-01-B2_humidity,A6-01-B2_temperature,A6-01-B2_illuminance,A6-01-B2_motion,A6-01-B2_tamper,S3-00-L1_Mass Concentration PM1.0,S3-00-L1_Mass Concentration PM2.5,S3-00-L1_Mass Concentration PM4.0,S3-00-L1_Mass Concentration PM10.0,S3-00-L1_Number Concentration NC0.5,S3-00-L1_Number Concentration NC1.0,S3-00-L1_Number Concentration NC2.5,S3-00-L1_Number Concentration NC4.0,S3-00-L1_Number Concentration NC10.0,S3-00-L1_Typical Particle Size,OC-01-B3_temperature,OC-01-B3_tamper,OC-01-B3_contact,OC-01-B3A_temperature,OC-00-L1_temperature,OC-00-L1_tamper,A6-01-H2_motion,A6-01-H2_humidity,A6-01-H2_temperature,A6-01-H2_illuminance,A6-02-H3_humidity,A6-02-H3_temperature,A6-02-H3_illuminance,A6-02-H3_motion,A6-02-H3_tamper,S3-01-B1_Mass Concentration PM1.0,S3-01-B1_Mass Concentration PM10.0,S3-01-B1_Mass Concentration PM2.5,S3-01-B1_Mass Concentration PM4.0,S3-01-B1_Number Concentration NC0.5,S3-01-B1_Number Concentration NC1.0,S3-01-B1_Number Concentration NC10.0,S3-01-B1_Number Concentration NC2.5,S3-01-B1_Number Concentration NC4.0,S3-01-B1_Typical Particle Size,OC-00-H1_contact_y,OC-00-U1_contact,OC-01-W1_contact,A6-00-K1_humidity_y,A6-00-K1_illuminance_y,A6-00-K1_motion_y,A6-00-K1_temperature_y,A6-00-K1_tamper_y,A6-01-B1_humidity_y,A6-01-B1_illuminance_y,A6-01-B1_motion_y,A6-01-B1_temperature_y,OC-00-L1_contact,OC-01-HB_contact,OC-01-BD_contact
2022-10-18 00:00:00,17.3,1.0,1.0,20.6,1.0,0.0,0.0,20.4,53.0,21.7,0.0,0.0,0.0,65.0,12.2,0.0,0.0,44.0,23.0,0.0,0.0,42.0,22.8,0.0,0.0,46.0,21.7,0.0,0.0,46.0,21.9,0.0,0.0,0.0,49.0,21.6,0.0,27.0,0.0,52.0,19.8,0.0,0.0,0.0,1.71,1.82,1.82,1.83,11.68,13.6,13.66,13.66,13.67,0.58,22.2,1.0,0.0,21.0,20.2,0.0,1.0,47.0,23.0,0.0,48.0,22.9,0.0,0.0,0.0,3.21,3.4,3.4,3.4,21.9,25.54,25.64,25.63,25.64,0.53,0.0,1.0,0.0,53.0,0.0,0.0,20.5,0.0,53.0,0.0,0.0,20.4,1.0,1.0,1.0
2022-10-18 00:00:01,17.3,1.0,1.0,20.6,1.0,0.0,0.0,20.4,53.0,21.7,0.0,0.0,0.0,65.0,12.2,0.0,0.0,44.0,23.0,0.0,0.0,42.0,22.8,0.0,0.0,46.0,21.7,0.0,0.0,46.0,21.9,0.0,0.0,0.0,49.0,21.6,0.0,27.0,0.0,52.0,19.8,0.0,0.0,0.0,1.71,1.82,1.82,1.83,11.68,13.6,13.66,13.66,13.67,0.58,22.2,1.0,0.0,21.0,20.2,0.0,1.0,47.0,23.0,0.0,48.0,22.9,0.0,0.0,0.0,3.21,3.4,3.4,3.4,21.9,25.54,25.64,25.63,25.64,0.53,0.0,1.0,0.0,53.0,0.0,0.0,20.5,0.0,53.0,0.0,0.0,20.4,1.0,1.0,1.0
2022-10-18 00:00:02,17.3,1.0,1.0,20.6,1.0,0.0,0.0,20.4,53.0,21.7,0.0,0.0,0.0,65.0,12.2,0.0,0.0,44.0,23.0,0.0,0.0,42.0,22.8,0.0,0.0,46.0,21.7,0.0,0.0,46.0,21.9,0.0,0.0,0.0,49.0,21.6,0.0,27.0,0.0,52.0,19.8,0.0,0.0,0.0,1.71,1.82,1.82,1.83,11.68,13.6,13.66,13.66,13.67,0.58,22.2,1.0,0.0,21.0,20.2,0.0,1.0,47.0,23.0,0.0,48.0,22.9,0.0,0.0,0.0,3.21,3.4,3.4,3.4,21.9,25.54,25.64,25.63,25.64,0.53,0.0,1.0,0.0,53.0,0.0,0.0,20.5,0.0,53.0,0.0,0.0,20.4,1.0,1.0,1.0
2022-10-18 00:00:03,17.3,1.0,1.0,20.6,1.0,0.0,0.0,20.4,53.0,21.7,0.0,0.0,0.0,65.0,12.2,0.0,0.0,44.0,23.0,0.0,0.0,42.0,22.8,0.0,0.0,46.0,21.7,0.0,0.0,46.0,21.9,0.0,0.0,0.0,49.0,21.6,0.0,27.0,0.0,52.0,19.8,0.0,0.0,0.0,1.71,1.82,1.82,1.83,11.68,13.6,13.66,13.66,13.67,0.58,22.2,1.0,0.0,21.0,20.2,0.0,1.0,47.0,23.0,0.0,48.0,22.9,0.0,0.0,0.0,3.21,3.4,3.4,3.4,21.9,25.54,25.64,25.63,25.64,0.53,0.0,1.0,0.0,53.0,0.0,0.0,20.5,0.0,53.0,0.0,0.0,20.4,1.0,1.0,1.0
2022-10-18 00:00:04,17.3,1.0,1.0,20.6,1.0,0.0,0.0,20.4,53.0,21.7,0.0,0.0,0.0,65.0,12.2,0.0,0.0,44.0,23.0,0.0,0.0,42.0,22.8,0.0,0.0,46.0,21.7,0.0,0.0,46.0,21.9,0.0,0.0,0.0,49.0,21.6,0.0,27.0,0.0,52.0,19.8,0.0,0.0,0.0,1.71,1.82,1.82,1.83,11.68,13.6,13.66,13.66,13.67,0.58,22.2,1.0,0.0,21.0,20.2,0.0,1.0,47.0,23.0,0.0,48.0,22.9,0.0,0.0,0.0,3.21,3.4,3.4,3.4,21.9,25.54,25.64,25.63,25.64,0.53,0.0,1.0,0.0,53.0,0.0,0.0,20.5,0.0,53.0,0.0,0.0,20.4,1.0,1.0,1.0
2022-10-18 00:00:05,17.3,1.0,1.0,20.6,1.0,0.0,0.0,20.4,53.0,21.7,0.0,0.0,0.0,65.0,12.2,0.0,0.0,44.0,23.0,0.0,0.0,42.0,22.8,0.0,0.0,46.0,21.7,0.0,0.0,46.0,21.9,0.0,0.0,0.0,49.0,21.6,0.0,27.0,0.0,52.0,19.8,0.0,0.0,0.0,1.71,1.82,1.82,1.83,11.68,13.6,13.66,13.66,13.67,0.58,22.2,1.0,0.0,21.0,20.2,0.0,1.0,47.0,23.0,0.0,48.0,22.9,0.0,0.0,0.0,3.21,3.4,3.4,3.4,21.9,25.54,25.64,25.63,25.64,0.53,0.0,1.0,0.0,53.0,0.0,0.0,20.5,0.0,53.0,0.0,0.0,20.4,1.0,1.0,1.0
2022-10-18 00:00:06,17.3,1.0,1.0,20.6,1.0,0.0,0.0,20.4,53.0,21.7,0.0,0.0,0.0,65.0,12.2,0.0,0.0,44.0,23.0,0.0,0.0,42.0,22.8,0.0,0.0,46.0,21.7,0.0,0.0,46.0,21.9,0.0,0.0,0.0,49.0,21.6,0.0,27.0,0.0,52.0,19.8,0.0,0.0,0.0,1.71,1.82,1.82,1.83,11.68,13.6,13.66,13.66,13.67,0.58,22.2,1.0,0.0,21.0,20.2,0.0,1.0,47.0,23.0,0.0,48.0,22.9,0.0,0.0,0.0,3.21,3.4,3.4,3.4,21.9,25.54,25.64,25.63,25.64,0.53,0.0,1.0,0.0,53.0,0.0,0.0,20.5,0.0,53.0,0.0,0.0,20.4,1.0,1.0,1.0
2022-10-18 00:00:07,17.3,1.0,1.0,20.6,1.0,0.0,0.0,20.4,53.0,21.7,0.0,0.0,0.0,65.0,12.2,0.0,0.0,44.0,23.0,0.0,0.0,42.0,22.8,0.0,0.0,46.0,21.7,0.0,0.0,46.0,21.9,0.0,0.0,0.0,49.0,21.6,0.0,27.0,0.0,52.0,19.8,0.0,0.0,0.0,1.71,1.82,1.82,1.83,11.68,13.6,13.66,13.66,13.67,0.58,22.2,1.0,0.0,21.0,20.2,0.0,1.0,47.0,23.0,0.0,48.0,22.9,0.0,0.0,0.0,3.21,3.4,3.4,3.4,21.9,25.54,25.64,25.63,25.64,0.53,0.0,1.0,0.0,53.0,0.0,0.0,20.5,0.0,53.0,0.0,0.0,20.4,1.0,1.0,1.0
2022-10-18 00:00:08,17.3,1.0,1.0,20.6,1.0,0.0,0.0,20.4,53.0,21.7,0.0,0.0,0.0,65.0,12.2,0.0,0.0,44.0,23.0,0.0,0.0,42.0,22.8,0.0,0.0,46.0,21.7,0.0,0.0,46.0,21.9,0.0,0.0,0.0,49.0,21.6,0.0,27.0,0.0,52.0,19.8,0.0,0.0,0.0,1.71,1.82,1.82,1.83,11.68,13.6,13.66,13.66,13.67,0.58,22.2,1.0,0.0,21.0,20.2,0.0,1.0,47.0,23.0,0.0,48.0,22.9,0.0,0.0,0.0,3.21,3.4,3.4,3.4,21.9,25.54,25.64,25.63,25.64,0.53,0.0,1.0,0.0,53.0,0.0,0.0,20.5,0.0,53.0,0.0,0.0,20.4,1.0,1.0,1.0
2022-10-18 00:00:09,17.3,1.0,1.0,20.6,1.0,0.0,0.0,20.4,53.0,21.7,0.0,0.0,0.0,65.0,12.2,0.0,0.0,44.0,23.0,0.0,0.0,42.0,22.8,0.0,0.0,46.0,21.7,0.0,0.0,46.0,21.9,0.0,0.0,0.0,49.0,21.6,0.0,27.0,0.0,52.0,19.8,0.0,0.0,0.0,1.71,1.82,1.82,1.83,11.68,13.6,13.66,13.66,13.67,0.58,22.2,1.0,0.0,21.0,20.2,0.0,1.0,47.0,23.0,0.0,48.0,22.9,0.0,0.0,0.0,3.21,3.4,3.4,3.4,21.9,25.54,25.64,25.63,25.64,0.53,0.0,1.0,0.0,53.0,0.0,0.0,20.5,0.0,53.0,0.0,0.0,20.4,1.0,1.0,1.0
2022-10-18 00:00:10,17.3,1.0,1.0,20.6,1.0,0.0,0.0,20.4,53.0,21.7,0.0,0.0,0.0,65.0,12.2,0.0,0.0,44.0,23.0,0.0,0.0,42.0,22.8,0.0,0.0,46.0,21.7,0.0,0.0,46.0,21.9,0.0,0.0,0.0,49.0,21.6,0.0,27.0,0.0,52.0,19.8,0.0,0.0,0.0,1.71,1.82,1.82,1.83,11.68,13.6,13.66,13.66,13.67,0.58,22.2,1.0,0.0,21.0,20.2,0.0,1.0,47.0,23.0,0.0,48.0,22.9,0.0,0.0,0.0,3.21,3.4,3.4,3.4,21.9,25.54,25.64,25.63,25.64,0.53,0.0,1.0,0.0,53.0,0.0,0.0,20.5,0.0,53.0,0.0,0.0,20.4,1.0,1.0,1.0
2022-10-18 00:00:11,17.3,1.0,1.0,20.6,1.0,0.0,0.0,20.4,53.0,21.7,0.0,0.0,0.0,65.0,12.2,0.0,0.0,44.0,23.0,0.0,0.0,42.0,22.8,0.0,0.0,46.0,21.7,0.0,0.0,46.0,21.9,0.0,0.0,0.0,49.0,21.6,0.0,27.0,0.0,52.0,19.8,0.0,0.0,0.0,1.71,1.82,1.82,1.83,11.68,13.6,13.66,13.66,13.67,0.58,22.2,1.0,0.0,21.0,20.2,0.0,1.0,47.0,23.0,0.0,48.0,22.9,0.0,0.0,0.0,3.21,3.4,3.4,3.4,21.9,25.54,25.64,25.63,25.64,0.53,0.0,1.0,0.0,53.0,0.0,0.0,20.5,0.0,53.0,0.0,0.0,20.4,1.0,1.0,1.0
2022-10-18 00:00:12,17.3,1.0,1.0,20.6,1.0,0.0,0.0,20.4,53.0,21.7,0.0,0.0,0.0,65.0,12.2,0.0,0.0,44.0,23.0,0.0,0.0,42.0,22.8,0.0,0.0,46.0,21.7,0.0,0.0,46.0,21.9,0.0,0.0,0.0,49.0,21.6,0.0,27.0,0.0,52.0,19.8,0.0,0.0,0.0,1.71,1.82,1.82,1.83,11.68,13.6,13.66,13.66,13.67,0.58,22.2,1.0,0.0,21.0,20.2,0.0,1.0,47.0,23.0,0.0,48.0,22.9,0.0,0.0,0.0,3.21,3.4,3.4,3.4,21.9,25.54,25.64,25.63,25.64,0.53,0.0,1.0,0.0,53.0,0.0,0.0,20.5,0.0,53.0,0.0,0.0,20.4,1.0,1.0,1.0
2022-10-18 00:00:13,17.3,1.0,1.0,20.6,1.0,0.0,0.0,20.4,53.0,21.7,0.0,0.0,0.0,65.0,12.2,0.0,0.0,44.0,23.0,0.0,0.0,42.0,22.8,0.0,0.0,46.0,21.7,0.0,0.0,46.0,21.9,0.0,0.0,0.0,49.0,21.6,0.0,27.0,0.0,52.0,19.8,0.0,0.0,0.0,1.71,1.82,1.82,1.83,11.68,13.6,13.66,13.66,13.67,0.58,22.2,1.0,0.0,21.0,20.2,0.0,1.0,47.0,23.0,0.0,48.0,22.9,0.0,0.0,0.0,3.21,3.4,3.4,3.4,21.9,25.54,25.64,25.63,25.64,0.53,0.0,1.0,0.0,53.0,0.0,0.0,20.5,0.0,53.0,0.0,0.0,20.4,1.0,1.0,1.0
2022-10-18 00:00:14,17.3,1.0,1.0,20.6,1.0,0.0,0.0,20.4,53.0,21.7,0.0,0.0,0.0,65.0,12.2,0.0,0.0,44.0,23.0,0.0,0.0,42.0,22.8,0.0,0.0,46.0,21.7,0.0,0.0,46.0,21.9,0.0,0.0,0.0,49.0,21.6,0.0,27.0,0.0,52.0,19.8,0.0,0.0,0.0,1.71,1.82,1.82,1.83,11.68,13.6,13.66,13.66,13.67,0.58,22.2,1.0,0.0,21.0,20.2,0.0,1.0,47.0,23.0,0.0,48.0,22.9,0.0,0.0,0.0,3.21,3.4,3.4,3.4,21.9,25.54,25.64,25.63,25.64,0.53,0.0,1.0,0.0,53.0,0.0,0.0,20.5,0.0,53.0,0.0,0.0,20.4,1.0,1.0,1.0
2022-10-18 00:00:15,17.3,1.0,1.0,20.6,1.0,0.0,0.0,20.4,53.0,21.7,0.0,0.0,0.0,65.0,12.2,0.0,0.0,44.0,23.0,0.0,0.0,42.0,22.8,0.0,0.0,46.0,21.7,0.0,0.0,46.0,21.9,0.0,0.0,0.0,49.0,21.6,0.0,27.0,0.0,52.0,19.8,0.0,0.0,0.0,1.71,1.82,1.82,1.83,11.68,13.6,13.66,13.66,13.67,0.58,22.2,1.0,0.0,21.0,20.2,0.0,1.0,47.0,23.0,0.0,48.0,22.9,0.0,0.0,0.0,3.21,3.4,3.4,3.4,21.9,25.54,25.64,25.63,25.64,0.53,0.0,1.0,0.0,53.0,0.0,0.0,20.5,0.0,53.0,0.0,0.0,20.4,1.0,1.0,1.0
2022-10-18 00:00:16,17.3,1.0,1.0,20.6,1.0,0.0,0.0,20.4,53.0,21.7,0.0,0.0,0.0,65.0,12.2,0.0,0.0,44.0,23.0,0.0,0.0,42.0,22.8,0.0,0.0,46.0,21.7,0.0,0.0,46.0,21.9,0.0,0.0,0.0,49.0,21.6,0.0,27.0,0.0,52.0,19.8,0.0,0.0,0.0,1.71,1.82,1.82,1.83,11.68,13.6,13.66,13.66,13.67,0.58,22.2,1.0,0.0,21.0,20.2,0.0,1.0,47.0,23.0,0.0,48.0,22.9,0.0,0.0,0.0,3.21,3.4,3.4,3.4,21.9,25.54,25.64,25.63,25.64,0.53,0.0,1.0,0.0,53.0,0.0,0.0,20.5,0.0,53.0,0.0,0.0,20.4,1.0,1.0,1.0
2022-10-18 00:00:17,17.3,1.0,1.0,20.6,1.0,0.0,0.0,20.4,53.0,21.7,0.0,0.0,0.0,65.0,12.2,0.0,0.0,44.0,23.0,0.0,0.0,42.0,22.8,0.0,0.0,46.0,21.7,0.0,0.0,46.0,21.9,0.0,0.0,0.0,49.0,21.6,0.0,27.0,0.0,52.0,19.8,0.0,0.0,0.0,1.71,1.82,1.82,1.83,11.68,13.6,13.66,13.66,13.67,0.58,22.2,1.0,0.0,21.0,20.2,0.0,1.0,47.0,23.0,0.0,48.0,22.9,0.0,0.0,0.0,3.21,3.4,3.4,3.4,21.9,25.54,25.64,25.63,25.64,0.53,0.0,1.0,0.0,53.0,0.0,0.0,20.5,0.0,53.0,0.0,0.0,20.4,1.0,1.0,1.0
2022-10-18 00:00:18,17.3,1.0,1.0,20.6,1.0,0.0,0.0,20.4,53.0,21.7,0.0,0.0,0.0,65.0,12.2,0.0,0.0,44.0,23.0,0.0,0.0,42.0,22.8,0.0,0.0,46.0,21.7,0.0,0.0,46.0,21.9,0.0,0.0,0.0,49.0,21.6,0.0,27.0,0.0,52.0,19.8,0.0,0.0,0.0,1.71,1.82,1.82,1.83,11.68,13.6,13.66,13.66,13.67,0.58,22.2,1.0,0.0,21.0,20.2,0.0,1.0,47.0,23.0,0.0,48.0,22.9,0.0,0.0,0.0,3.21,3.4,3.4,3.4,21.9,25.54,25.64,25.63,25.64,0.53,0.0,1.0,0.0,53.0,0.0,0.0,20.5,0.0,53.0,0.0,0.0,20.4,1.0,1.0,1.0
2022-10-18 00:00:19,17.3,1.0,1.0,20.6,1.0,0.0,0.0,20.4,53.0,21.7,0.0,0.0,0.0,65.0,12.2,0.0,0.0,44.0,23.0,0.0,0.0,42.0,22.8,0.0,0.0,46.0,21.7,0.0,0.0,46.0,21.9,0.0,0.0,0.0,49.0,21.6,0.0,27.0,0.0,52.0,19.8,0.0,0.0,0.0,1.71,1.82,1.82,1.83,11.68,13.6,13.66,13.66,13.67,0.58,22.2,1.0,0.0,21.0,20.2,0.0,1.0,47.0,23.0,0.0,48.0,22.9,0.0,0.0,0.0,3.21,3.4,3.4,3.4,21.9,25.54,25.64,25.63,25.64,0.53,0.0,1.0,0.0,53.0,0.0,0.0,20.5,0.0,53.0,0.0,0.0,20.4,1.0,1.0,1.0
2022-10-18 00:00:20,17.3,1.0,1.0,20.6,1.0,0.0,0.0,20.4,53.0,21.7,0.0,0.0,0.0,65.0,12.2,0.0,0.0,44.0,23.0,0.0,0.0,42.0,22.8,0.0,0.0,46.0,21.7,0.0,0.0,46.0,21.9,0.0,0.0,0.0,49.0,21.6,0.0,27.0,0.0,52.0,19.8,0.0,0.0,0.0,1.71,1.82,1.82,1.83,11.68,13.6,13.66,13.66,13.67,0.58,22.2,1.0,0.0,21.0,20.2,0.0,1.0,47.0,23.0,0.0,48.0,22.9,0.0,0.0,0.0,3.21,3.4,3.4,3.4,21.9,25.54,25.64,25.63,25.64,0.53,0.0,1.0,0.0,53.0,0.0,0.0,20.5,0.0,53.0,0.0,0.0,20.4,1.0,1.0,1.0
2022-10-18 00:00:21,17.3,1.0,1.0,20.6,1.0,0.0,0.0,20.4,53.0,21.7,0.0,0.0,0.0,65.0,12.2,0.0,0.0,44.0,23.0,0.0,0.0,42.0,22.8,0.0,0.0,46.0,21.7,0.0,0.0,46.0,21.9,0.0,0.0,0.0,49.0,21.6,0.0,27.0,0.0,52.0,19.8,0.0,0.0,0.0,1.71,1.82,1.82,1.83,11.68,13.6,13.66,13.66,13.67,0.58,22.2,1.0,0.0,21.0,20.2,0.0,1.0,47.0,23.0,0.0,48.0,22.9,0.0,0.0,0.0,3.21,3.4,3.4,3.4,21.9,25.54,25.64,25.63,25.64,0.53,0.0,1.0,0.0,53.0,0.0,0.0,20.5,0.0,53.0,0.0,0.0,20.4,1.0,1.0,1.0
2022-10-18 00:00:22,17.3,1.0,1.0,20.6,1.0,0.0,0.0,20.4,53.0,21.7,0.0,0.0,0.0,65.0,12.2,0.0,0.0,44.0,23.0,0.0,0.0,42.0,22.8,0.0,0.0,46.0,21.7,0.0,0.0,46.0,21.9,0.0,0.0,0.0,49.0,21.6,0.0,27.0,0.0,52.0,19.8,0.0,0.0,0.0,1.71,1.82,1.82,1.83,11.68,13.6,13.66,13.66,13.67,0.58,22.2,1.0,0.0,21.0,20.2,0.0,1.0,47.0,23.0,0.0,48.0,22.9,0.0,0.0,0.0,3.21,3.4,3.4,3.4,21.9,25.54,25.64,25.63,25.64,0.53,0.0,1.0,0.0,53.0,0.0,0.0,20.5,0.0,53.0,0.0,0.0,20.4,1.0,1.0,1.0
2022-10-18 00:00:23,17.3,1.0,1.0,20.6,1.0,0.0,0.0,20.4,53.0,21.7,0.0,0.0,0.0,65.0,12.2,0.0,0.0,44.0,23.0,0.0,0.0,42.0,22.8,0.0,0.0,46.0,21.7,0.0,0.0,46.0,21.9,0.0,0.0,0.0,49.0,21.6,0.0,27.0,0.0,52.0,19.8,0.0,0.0,0.0,1.71,1.82,1.82,1.83,11.68,13.6,13.66,13.66,13.67,0.58,22.2,1.0,0.0,21.0,20.2,0.0,1.0,47.0,23.0,0.0,48.0,22.9,0.0,0.0,0.0,3.21,3.4,3.4,3.4,21.9,25.54,25.64,25.63,25.64,0.53,0.0,1.0,0.0,53.0,0.0,0.0,20.5,0.0,53.0,0.0,0.0,20.4,1.0,1.0,1.0
2022-10-18 00:00:24,17.3,1.0,1.0,20.6,1.0,0.0,0.0,20.4,53.0,21.7,0.0,0.0,0.0,65.0,12.2,0.0,0.0,44.0,23.0,0.0,0.0,42.0,22.8,0.0,0.0,46.0,21.7,0.0,0.0,46.0,21.9,0.0,0.0,0.0,49.0,21.6,0.0,27.0,0.0,52.0,19.8,0.0,0.0,0.0,1.71,1.82,1.82,1.83,11.68,13.6,13.66,13.66,13.67,0.58,22.2,1.0,0.0,21.0,20.2,0.0,1.0,47.0,23.0,0.0,48.0,22.9,0.0,0.0,0.0,3.21,3.4,3.4,3.4,21.9,25.54,25.64,25.63,25.64,0.53,0.0,1.0,0.0,53.0,0.0,0.0,20.5,0.0,53.0,0.0,0.0,20.4,1.0,1.0,1.0
2022-10-18 00:00:25,17.3,1.0,1.0,20.6,1.0,0.0,0.0,20.4,53.0,21.7,0.0,0.0,0.0,65.0,12.2,0.0,0.0,44.0,23.0,0.0,0.0,42.0,22.8,0.0,0.0,46.0,21.7,0.0,0.0,46.0,21.9,0.0,0.0,0.0,49.0,21.6,0.0,27.0,0.0,52.0,19.8,0.0,0.0,0.0,1.71,1.82,1.82,1.83,11.68,13.6,13.66,13.66,13.67,0.58,22.2,1.0,0.0,21.0,20.2,0.0,1.0,47.0,23.0,0.0,48.0,22.9,0.0,0.0,0.0,3.21,3.4,3.4,3.4,21.9,25.54,25.64,25.63,25.64,0.53,0.0,1.0,0.0,53.0,0.0,0.0,20.5,0.0,53.0,0.0,0.0,20.4,1.0,1.0,1.0
2022-10-18 00:00:26,17.3,1.0,1.0,20.6,1.0,0.0,0.0,20.4,53.0,21.7,0.0,0.0,0.0,65.0,12.2,0.0,0.0,44.0,23.0,0.0,0.0,42.0,22.8,0.0,0.0,46.0,21.7,0.0,0.0,46.0,21.9,0.0,0.0,0.0,49.0,21.6,0.0,27.0,0.0,52.0,19.8,0.0,0.0,0.0,1.71,1.82,1.82,1.83,11.68,13.6,13.66,13.66,13.67,0.58,22.2,1.0,0.0,21.0,20.2,0.0,1.0,47.0,23.0,0.0,48.0,22.9,0.0,0.0,0.0,3.21,3.4,3.4,3.4,21.9,25.54,25.64,25.63,25.64,0.53,0.0,1.0,0.0,53.0,0.0,0.0,20.5,0.0,53.0,0.0,0.0,20.4,1.0,1.0,1.0
2022-10-18 00:00:27,17.3,1.0,1.0,20.6,1.0,0.0,0.0,20.4,53.0,21.7,0.0,0.0,0.0,65.0,12.2,0.0,0.0,44.0,23.0,0.0,0.0,42.0,22.8,0.0,0.0,46.0,21.7,0.0,0.0,46.0,21.9,0.0,0.0,0.0,49.0,21.6,0.0,27.0,0.0,52.0,19.8,0.0,0.0,0.0,1.71,1.82,1.82,1.83,11.68,13.6,13.66,13.66,13.67,0.58,22.2,1.0,0.0,21.0,20.2,0.0,1.0,47.0,23.0,0.0,48.0,22.9,0.0,0.0,0.0,3.21,3.4,3.4,3.4,21.9,25.54,25.64,25.63,25.64,0.53,0.0,1.0,0.0,53.0,0.0,0.0,20.5,0.0,53.0,0.0,0.0,20.4,1.0,1.0,1.0
2022-10-18 00:00:28,17.3,1.0,1.0,20.6,1.0,0.0,0.0,20.4,53.0,21.7,0.0,0.0,0.0,65.0,12.2,0.0,0.0,44.0,23.0,0.0,0.0,42.0,22.8,0.0,0.0,46.0,21.7,0.0,0.0,46.0,21.9,0.0,0.0,0.0,49.0,21.6,0.0,27.0,0.0,52.0,19.8,0.0,0.0,0.0,1.71,1.82,1.82,1.83,11.68,13.6,13.66,13.66,13.67,0.58,22.2,1.0,0.0,21.0,20.2,0.0,1.0,47.0,23.0,0.0,48.0,22.9,0.0,0.0,0.0,3.21,3.4,3.4,3.4,21.9,25.54,25.64,25.63,25.64,0.53,0.0,1.0,0.0,53.0,0.0,0.0,20.5,0.0,53.0,0.0,0.0,20.4,1.0,1.0,1.0
2022-10-18 00:00:29,17.3,1.0,1.0,20.6,1.0,0.0,0.0,20.4,53.0,21.7,0.0,0.0,0.0,65.0,12.2,0.0,0.0,44.0,23.0,0.0,0.0,42.0,22.8,0.0,0.0,46.0,21.7,0.0,0.0,46.0,21.9,0.0,0.0,0.0,49.0,21.6,0.0,27.0,0.0,52.0,19.8,0.0,0.0,0.0,1.71,1.82,1.82,1.83,11.68,13.6,13.66,13.66,13.67,0.58,22.2,1.0,0.0,21.0,20.2,0.0,1.0,47.0,23.0,0.0,48.0,22.9,0.0,0.0,0.0,3.21,3.4,3.4,3.4,21.9,25.54,25.64,25.63,25.64,0.53,0.0,1.0,0.0,53.0,0.0,0.0,20.5,0.0,53.0,0.0,0.0,20.4,1.0,1.0,1.0
2022-10-18 00:00:30,17.3,1.0,1.0,20.6,1.0,0.0,0.0,20.4,53.0,21.7,0.0,0.0,0.0,65.0,12.2,0.0,0.0,44.0,23.0,0.0,0.0,42.0,22.8,0.0,0.0,46.0,21.7,0.0,0.0,46.0,21.9,0.0,0.0,0.0,49.0,21.6,0.0,27.0,0.0,52.0,19.8,0.0,0.0,0.0,1.71,1.82,1.82,1.83,11.68,13.6,13.66,13.66,13.67,0.58,22.2,1.0,0.0,21.0,20.2,0.0,1.0,47.0,23.0,0.0,48.0,22.9,0.0,0.0,0.0,3.21,3.4,3.4,3.4,21.9,25.54,25.64,25.63,25.64,0.53,0.0,1.0,0.0,53.0,0.0,0.0,20.5,0.0,53.0,0.0,0.0,20.4,1.0,1.0,1.0
2022-10-18 00:00:31,17.3,1.0,1.0,20.6,1.0,0.0,0.0,20.4,53.0,21.7,0.0,0.0,0.0,65.0,12.2,0.0,0.0,44.0,23.0,0.0,0.0,42.0,22.8,0.0,0.0,46.0,21.7,0.0,0.0,46.0,21.9,0.0,0.0,0.0,49.0,21.6,0.0,27.0,0.0,52.0,19.8,0.0,0.0,0.0,1.71,1.82,1.82,1.83,11.68,13.6,13.66,13.66,13.67,0.58,22.2,1.0,0.0,21.0,20.2,0.0,1.0,47.0,23.0,0.0,48.0,22.9,0.0,0.0,0.0,3.21,3.4,3.4,3.4,21.9,25.54,25.64,25.63,25.64,0.53,0.0,1.0,0.0,53.0,0.0,0.0,20.5,0.0,53.0,0.0,0.0,20.4,1.0,1.0,1.0
2022-10-18 00:00:32,17.3,1.0,1.0,20.6,1.0,0.0,0.0,20.4,53.0,21.7,0.0,0.0,0.0,65.0,12.2,0.0,0.0,44.0,23.0,0.0,0.0,42.0,22.8,0.0,0.0,46.0,21.7,0.0,0.0,46.0,21.9,0.0,0.0,0.0,49.0,21.6,0.0,27.0,0.0,52.0,19.8,0.0,0.0,0.0,1.71,1.82,1.82,1.83,11.68,13.6,13.66,13.66,13.67,0.58,22.2,1.0,0.0,21.0,20.2,0.0,1.0,47.0,23.0,0.0,48.0,22.9,0.0,0.0,0.0,3.21,3.4,3.4,3.4,21.9,25.54,25.64,25.63,25.64,0.53,0.0,1.0,0.0,53.0,0.0,0.0,20.5,0.0,53.0,0.0,0.0,20.4,1.0,1.0,1.0
2022-10-18 00:00:33,17.3,1.0,1.0,20.6,1.0,0.0,0.0,20.4,53.0,21.7,0.0,0.0,0.0,65.0,12.2,0.0,0.0,44.0,23.0,0.0,0.0,42.0,22.8,0.0,0.0,46.0,21.7,0.0,0.0,46.0,21.9,0.0,0.0,0.0,49.0,21.6,0.0,27.0,0.0,52.0,19.8,0.0,0.0,0.0,1.71,1.82,1.82,1.83,11.68,13.6,13.66,13.66,13.67,0.58,22.2,1.0,0.0,21.0,20.2,0.0,1.0,47.0,23.0,0.0,48.0,22.9,0.0,0.0,0.0,3.21,3.4,3.4,3.4,21.9,25.54,25.64,25.63,25.64,0.53,0.0,1.0,0.0,53.0,0.0,0.0,20.5,0.0,53.0,0.0,0.0,20.4,1.0,1.0,1.0
2022-10-18 00:00:34,17.3,1.0,1.0,20.6,1.0,0.0,0.0,20.4,53.0,21.7,0.0,0.0,0.0,65.0,12.2,0.0,0.0,44.0,23.0,0.0,0.0,42.0,22.8,0.0,0.0,46.0,21.7,0.0,0.0,46.0,21.9,0.0,0.0,0.0,49.0,21.6,0.0,27.0,0.0,52.0,19.8,0.0,0.0,0.0,1.71,1.82,1.82,1.83,11.68,13.6,13.66,13.66,13.67,0.58,22.2,1.0,0.0,21.0,20.2,0.0,1.0,47.0,23.0,0.0,48.0,22.9,0.0,0.0,0.0,3.21,3.4,3.4,3.4,21.9,25.54,25.64,25.63,25.64,0.53,0.0,1.0,0.0,53.0,0.0,0.0,20.5,0.0,53.0,0.0,0.0,20.4,1.0,1.0,1.0
2022-10-18 00:00:35,17.3,1.0,1.0,20.6,1.0,0.0,0.0,20.4,53.0,21.7,0.0,0.0,0.0,65.0,12.2,0.0,0.0,44.0,23.0,0.0,0.0,42.0,22.8,0.0,0.0,46.0,21.7,0.0,0.0,46.0,21.9,0.0,0.0,0.0,49.0,21.6,0.0,27.0,0.0,52.0,19.8,0.0,0.0,0.0,1.71,1.82,1.82,1.83,11.68,13.6,13.66,13.66,13.67,0.58,22.2,1.0,0.0,21.0,20.2,0.0,1.0,47.0,23.0,0.0,48.0,22.9,0.0,0.0,0.0,3.21,3.4,3.4,3.4,21.9,25.54,25.64,25.63,25.64,0.53,0.0,1.0,0.0,53.0,0.0,0.0,20.5,0.0,53.0,0.0,0.0,20.4,1.0,1.0,1.0
2022-10-18 00:00:36,17.3,1.0,1.0,20.6,1.0,0.0,0.0,20.4,53.0,21.7,0.0,0.0,0.0,65.0,12.2,0.0,0.0,44.0,23.0,0.0,0.0,42.0,22.8,0.0,0.0,46.0,21.7,0.0,0.0,46.0,21.9,0.0,0.0,0.0,49.0,21.6,0.0,27.0,0.0,52.0,19.8,0.0,0.0,0.0,1.71,1.82,1.82,1.83,11.68,13.6,13.66,13.66,13.67,0.58,22.2,1.0,0.0,21.0,20.2,0.0,1.0,47.0,23.0,0.0,48.0,22.9,0.0,0.0,0.0,3.21,3.4,3.4,3.4,21.9,25.54,25.64,25.63,25.64,0.53,0.0,1.0,0.0,53.0,0.0,0.0,20.5,0.0,53.0,0.0,0.0,20.4,1.0,1.0,1.0
2022-10-18 00:00:37,17.3,1.0,1.0,20.6,1.0,0.0,0.0,20.4,53.0,21.7,0.0,0.0,0.0,65.0,12.2,0.0,0.0,44.0,23.0,0.0,0.0,42.0,22.8,0.0,0.0,46.0,21.7,0.0,0.0,46.0,21.9,0.0,0.0,0.0,49.0,21.6,0.0,27.0,0.0,52.0,19.8,0.0,0.0,0.0,1.71,1.82,1.82,1.83,11.68,13.6,13.66,13.66,13.67,0.58,22.2,1.0,0.0,21.0,20.2,0.0,1.0,47.0,23.0,0.0,48.0,22.9,0.0,0.0,0.0,3.21,3.4,3.4,3.4,21.9,25.54,25.64,25.63,25.64,0.53,0.0,1.0,0.0,53.0,0.0,0.0,20.5,0.0,53.0,0.0,0.0,20.4,1.0,1.0,1.0
2022-10-18 00:00:38,17.3,1.0,1.0,20.6,1.0,0.0,0.0,20.4,53.0,21.7,0.0,0.0,0.0,65.0,12.2,0.0,0.0,44.0,23.0,0.0,0.0,42.0,22.8,0.0,0.0,46.0,21.7,0.0,0.0,46.0,21.9,0.0,0.0,0.0,49.0,21.6,0.0,27.0,0.0,52.0,19.8,0.0,0.0,0.0,1.71,1.82,1.82,1.83,11.68,13.6,13.66,13.66,13.67,0.58,22.2,1.0,0.0,21.0,20.2,0.0,1.0,47.0,23.0,0.0,48.0,22.9,0.0,0.0,0.0,3.21,3.4,3.4,3.4,21.9,25.54,25.64,25.63,25.64,0.53,0.0,1.0,0.0,53.0,0.0,0.0,20.5,0.0,53.0,0.0,0.0,20.4,1.0,1.0,1.0
2022-10-18 00:00:39,17.3,1.0,1.0,20.6,1.0,0.0,0.0,20.4,53.0,21.7,0.0,0.0,0.0,65.0,12.2,0.0,0.0,44.0,23.0,0.0,0.0,42.0,22.8,0.0,0.0,46.0,21.7,0.0,0.0,46.0,21.9,0.0,0.0,0.0,49.0,21.6,0.0,27.0,0.0,52.0,19.8,0.0,0.0,0.0,1.71,1.82,1.82,1.83,11.68,13.6,13.66,13.66,13.67,0.58,22.2,1.0,0.0,21.0,20.2,0.0,1.0,47.0,23.0,0.0,48.0,22.9,0.0,0.0,0.0,3.21,3.4,3.4,3.4,21.9,25.54,25.64,25.63,25.64,0.53,0.0,1.0,0.0,53.0,0.0,0.0,20.5,0.0,53.0,0.0,0.0,20.4,1.0,1.0,1.0
2022-10-18 00:00:40,17.3,1.0,1.0,20.6,1.0,0.0,0.0,20.4,53.0,21.7,0.0,0.0,0.0,65.0,12.2,0.0,0.0,44.0,23.0,0.0,0.0,42.0,22.8,0.0,0.0,46.0,21.7,0.0,0.0,46.0,21.9,0.0,0.0,0.0,49.0,21.6,0.0,27.0,0.0,52.0,19.8,0.0,0.0,0.0,1.71,1.82,1.82,1.83,11.68,13.6,13.66,13.66,13.67,0.58,22.2,1.0,0.0,21.0,20.2,0.0,1.0,47.0,23.0,0.0,48.0,22.9,0.0,0.0,0.0,3.21,3.4,3.4,3.4,21.9,25.54,25.64,25.63,25.64,0.53,0.0,1.0,0.0,53.0,0.0,0.0,20.5,0.0,53.0,0.0,0.0,20.4,1.0,1.0,1.0
2022-10-18 00:00:41,17.3,1.0,1.0,20.6,1.0,0.0,0.0,20.4,53.0,21.7,0.0,0.0,0.0,65.0,12.2,0.0,0.0,44.0,23.0,0.0,0.0,42.0,22.8,0.0,0.0,46.0,21.7,0.0,0.0,46.0,21.9,0.0,0.0,0.0,49.0,21.6,0.0,27.0,0.0,52.0,19.8,0.0,0.0,0.0,1.71,1.82,1.82,1.83,11.68,13.6,13.66,13.66,13.67,0.58,22.2,1.0,0.0,21.0,20.2,0.0,1.0,47.0,23.0,0.0,48.0,22.9,0.0,0.0,0.0,3.21,3.4,3.4,3.4,21.9,25.54,25.64,25.63,25.64,0.53,0.0,1.0,0.0,53.0,0.0,0.0,20.5,0.0,53.0,0.0,0.0,20.4,1.0,1.0,1.0
2022-10-18 00:00:42,17.3,1.0,1.0,20.6,1.0,0.0,0.0,20.4,53.0,21.7,0.0,0.0,0.0,65.0,12.2,0.0,0.0,44.0,23.0,0.0,0.0,42.0,22.8,0.0,0.0,46.0,21.7,0.0,0.0,46.0,21.9,0.0,0.0,0.0,49.0,21.6,0.0,27.0,0.0,52.0,19.8,0.0,0.0,0.0,1.71,1.82,1.82,1.83,11.68,13.6,13.66,13.66,13.67,0.58,22.2,1.0,0.0,21.0,20.2,0.0,1.0,47.0,23.0,0.0,48.0,22.9,0.0,0.0,0.0,3.21,3.4,3.4,3.4,21.9,25.54,25.64,25.63,25.64,0.53,0.0,1.0,0.0,53.0,0.0,0.0,20.5,0.0,53.0,0.0,0.0,20.4,1.0,1.0,1.0
2022-10-18 00:00:43,17.3,1.0,1.0,20.6,1.0,0.0,0.0,20.4,53.0,21.7,0.0,0.0,0.0,65.0,12.2,0.0,0.0,44.0,23.0,0.0,0.0,42.0,22.8,0.0,0.0,46.0,21.7,0.0,0.0,46.0,21.9,0.0,0.0,0.0,49.0,21.6,0.0,27.0,0.0,52.0,19.8,0.0,0.0,0.0,1.71,1.82,1.82,1.83,11.68,13.6,13.66,13.66,13.67,0.58,22.2,1.0,0.0,21.0,20.2,0.0,1.0,47.0,23.0,0.0,48.0,22.9,0.0,0.0,0.0,3.21,3.4,3.4,3.4,21.9,25.54,25.64,25.63,25.64,0.53,0.0,1.0,0.0,53.0,0.0,0.0,20.5,0.0,53.0,0.0,0.0,20.4,1.0,1.0,1.0
2022-10-18 00:00:44,17.3,1.0,1.0,20.6,1.0,0.0,0.0,20.4,53.0,21.7,0.0,0.0,0.0,65.0,12.2,0.0,0.0,44.0,23.0,0.0,0.0,42.0,22.8,0.0,0.0,46.0,21.7,0.0,0.0,46.0,21.9,0.0,0.0,0.0,49.0,21.6,0.0,27.0,0.0,52.0,19.8,0.0,0.0,0.0,1.71,1.82,1.82,1.83,11.68,13.6,13.66,13.66,13.67,0.58,22.2,1.0,0.0,21.0,20.2,0.0,1.0,47.0,23.0,0.0,48.0,22.9,0.0,0.0,0.0,3.21,3.4,3.4,3.4,21.9,25.54,25.64,25.63,25.64,0.53,0.0,1.0,0.0,53.0,0.0,0.0,20.5,0.0,53.0,0.0,0.0,20.4,1.0,1.0,1.0
2022-10-18 00:00:45,17.3,1.0,1.0,20.6,1.0,0.0,0.0,20.4,53.0,21.7,0.0,0.0,0.0,65.0,12.2,0.0,0.0,44.0,23.0,0.0,0.0,42.0,22.8,0.0,0.0,46.0,21.7,0.0,0.0,46.0,21.9,0.0,0.0,0.0,49.0,21.6,0.0,27.0,0.0,52.0,19.8,0.0,0.0,0.0,1.71,1.82,1.82,1.83,11.68,13.6,13.66,13.66,13.67,0.58,22.2,1.0,0.0,21.0,20.2,0.0,1.0,47.0,23.0,0.0,48.0,22.9,0.0,0.0,0.0,3.21,3.4,3.4,3.4,21.9,25.54,25.64,25.63,25.64,0.53,0.0,1.0,0.0,53.0,0.0,0.0,20.5,0.0,53.0,0.0,0.0,20.4,1.0,1.0,1.0
2022-10-18 00:00:46,17.3,1.0,1.0,20.6,1.0,0.0,0.0,20.4,53.0,21.7,0.0,0.0,0.0,65.0,12.2,0.0,0.0,44.0,23.0,0.0,0.0,42.0,22.8,0.0,0.0,46.0,21.7,0.0,0.0,46.0,21.9,0.0,0.0,0.0,49.0,21.6,0.0,27.0,0.0,52.0,19.8,0.0,0.0,0.0,1.71,1.82,1.82,1.83,11.68,13.6,13.66,13.66,13.67,0.58,22.2,1.0,0.0,21.0,20.2,0.0,1.0,47.0,23.0,0.0,48.0,22.9,0.0,0.0,0.0,3.21,3.4,3.4,3.4,21.9,25.54,25.64,25.63,25.64,0.53,0.0,1.0,0.0,53.0,0.0,0.0,20.5,0.0,53.0,0.0,0.0,20.4,1.0,1.0,1.0
2022-10-18 00:00:47,17.3,1.0,1.0,20.6,1.0,0.0,0.0,20.4,53.0,21.7,0.0,0.0,0.0,65.0,12.2,0.0,0.0,44.0,23.0,0.0,0.0,42.0,22.8,0.0,0.0,46.0,21.7,0.0,0.0,46.0,21.9,0.0,0.0,0.0,49.0,21.6,0.0,27.0,0.0,52.0,19.8,0.0,0.0,0.0,1.71,1.82,1.82,1.83,11.68,13.6,13.66,13.66,13.67,0.58,22.2,1.0,0.0,20.9,20.2,0.0,1.0,47.0,23.0,0.0,48.0,22.9,0.0,0.0,0.0,3.21,3.4,3.4,3.4,21.9,25.54,25.64,25.63,25.64,0.53,0.0,1.0,0.0,53.0,0.0,0.0,20.5,0.0,53.0,0.0,0.0,20.4,1.0,1.0,1.0
2022-10-18 00:00:48,17.3,1.0,1.0,20.6,1.0,0.0,0.0,20.4,53.0,21.7,0.0,0.0,0.0,65.0,12.2,0.0,0.0,44.0,23.0,0.0,0.0,42.0,22.8,0.0,0.0,46.0,21.7,0.0,0.0,46.0,21.9,0.0,0.0,0.0,49.0,21.6,0.0,27.0,0.0,52.0,19.8,0.0,0.0,0.0,1.71,1.82,1.82,1.83,11.68,13.6,13.66,13.66,13.67,0.58,22.2,1.0,0.0,20.9,20.2,0.0,1.0,47.0,23.0,0.0,48.0,22.9,0.0,0.0,0.0,3.21,3.4,3.4,3.4,21.9,25.54,25.64,25.63,25.64,0.53,0.0,1.0,0.0,53.0,0.0,0.0,20.5,0.0,53.0,0.0,0.0,20.4,1.0,1.0,1.0
2022-10-18 00:00:49,17.3,1.0,1.0,20.6,1.0,0.0,0.0,20.4,53.0,21.7,0.0,0.0,0.0,65.0,12.2,0.0,0.0,44.0,23.0,0.0,0.0,42.0,22.8,0.0,0.0,46.0,21.7,0.0,0.0,46.0,21.9,0.0,0.0,0.0,49.0,21.6,0.0,27.0,0.0,52.0,19.8,0.0,0.0,0.0,1.71,1.82,1.82,1.83,11.68,13.6,13.66,13.66,13.67,0.58,22.2,1.0,0.0,20.9,20.2,0.0,1.0,47.0,23.0,0.0,48.0,22.9,0.0,0.0,0.0,3.21,3.4,3.4,3.4,21.9,25.54,25.64,25.63,25.64,0.53,0.0,1.0,0.0,53.0,0.0,0.0,20.5,0.0,53.0,0.0,0.0,20.4,1.0,1.0,1.0
2022-10-18 00:00:50,17.3,1.0,1.0,20.6,1.0,0.0,0.0,20.4,53.0,21.7,0.0,0.0,0.0,65.0,12.2,0.0,0.0,44.0,23.0,0.0,0.0,42.0,22.8,0.0,0.0,46.0,21.7,0.0,0.0,46.0,21.9,0.0,0.0,0.0,49.0,21.6,0.0,27.0,0.0,52.0,19.8,0.0,0.0,0.0,1.71,1.82,1.82,1.83,11.68,13.6,13.66,13.66,13.67,0.58,22.2,1.0,0.0,20.9,20.2,0.0,1.0,47.0,23.0,0.0,48.0,22.9,0.0,0.0,0.0,3.21,3.4,3.4,3.4,21.9,25.54,25.64,25.63,25.64,0.53,0.0,1.0,0.0,53.0,0.0,0.0,20.5,0.0,53.0,0.0,0.0,20.4,1.0,1.0,1.0
2022-10-18 00:00:51,17.3,1.0,1.0,20.6,1.0,0.0,0.0,20.4,53.0,21.7,0.0,0.0,0.0,65.0,12.2,0.0,0.0,44.0,23.0,0.0,0.0,42.0,22.8,0.0,0.0,46.0,21.7,0.0,0.0,46.0,21.9,0.0,0.0,0.0,49.0,21.6,0.0,27.0,0.0,52.0,19.8,0.0,0.0,0.0,1.71,1.82,1.82,1.83,11.68,13.6,13.66,13.66,13.67,0.58,22.2,1.0,0.0,20.9,20.2,0.0,1.0,47.0,23.0,0.0,48.0,22.9,0.0,0.0,0.0,3.21,3.4,3.4,3.4,21.9,25.54,25.64,25.63,25.64,0.53,0.0,1.0,0.0,53.0,0.0,0.0,20.5,0.0,53.0,0.0,0.0,20.4,1.0,1.0,1.0
2022-10-18 00:00:52,17.3,1.0,1.0,20.6,1.0,0.0,0.0,20.4,53.0,21.7,0.0,0.0,0.0,65.0,12.2,0.0,0.0,44.0,23.0,0.0,0.0,42.0,22.8,0.0,0.0,46.0,21.7,0.0,0.0,46.0,21.9,0.0,0.0,0.0,49.0,21.6,0.0,27.0,0.0,52.0,19.8,0.0,0.0,0.0,1.71,1.82,1.82,1.83,11.68,13.6,13.66,13.66,13.67,0.58,22.2,1.0,0.0,20.9,20.2,0.0,1.0,47.0,23.0,0.0,48.0,22.9,0.0,0.0,0.0,3.21,3.4,3.4,3.4,21.9,25.54,25.64,25.63,25.64,0.53,0.0,1.0,0.0,53.0,0.0,0.0,20.5,0.0,53.0,0.0,0.0,20.4,1.0,1.0,1.0
2022-10-18 00:00:53,17.3,1.0,1.0,20.6,1.0,0.0,0.0,20.4,53.0,21.7,0.0,0.0,0.0,65.0,12.2,0.0,0.0,44.0,23.0,0.0,0.0,42.0,22.8,0.0,0.0,46.0,21.7,0.0,0.0,46.0,21.9,0.0,0.0,0.0,49.0,21.6,0.0,27.0,0.0,52.0,19.8,0.0,0.0,0.0,1.71,1.82,1.82,1.83,11.68,13.6,13.66,13.66,13.67,0.58,22.2,1.0,0.0,20.9,20.2,0.0,1.0,47.0,23.0,0.0,48.0,22.9,0.0,0.0,0.0,3.21,3.4,3.4,3.4,21.9,25.54,25.64,25.63,25.64,0.53,0.0,1.0,0.0,53.0,0.0,0.0,20.5,0.0,53.0,0.0,0.0,20.4,1.0,1.0,1.0
2022-10-18 00:00:54,17.3,1.0,1.0,20.6,1.0,0.0,0.0,20.4,53.0,21.7,0.0,0.0,0.0,65.0,12.2,0.0,0.0,44.0,23.0,0.0,0.0,42.0,22.8,0.0,0.0,46.0,21.7,0.0,0.0,46.0,21.9,0.0,0.0,0.0,49.0,21.6,0.0,27.0,0.0,52.0,19.8,0.0,0.0,0.0,1.71,1.82,1.82,1.83,11.68,13.6,13.66,13.66,13.67,0.58,22.2,1.0,0.0,20.9,20.2,0.0,1.0,47.0,23.0,0.0,48.0,22.9,0.0,0.0,0.0,3.21,3.4,3.4,3.4,21.9,25.54,25.64,25.63,25.64,0.53,0.0,1.0,0.0,53.0,0.0,0.0,20.5,0.0,53.0,0.0,0.0,20.4,1.0,1.0,1.0
2022-10-18 00:00:55,17.3,1.0,1.0,20.6,1.0,0.0,0.0,20.4,53.0,21.7,0.0,0.0,0.0,65.0,12.2,0.0,0.0,44.0,23.0,0.0,0.0,42.0,22.8,0.0,0.0,46.0,21.7,0.0,0.0,46.0,21.9,0.0,0.0,0.0,49.0,21.6,0.0,27.0,0.0,52.0,19.8,0.0,0.0,0.0,1.71,1.82,1.82,1.83,11.68,13.6,13.66,13.66,13.67,0.58,22.2,1.0,0.0,20.9,20.2,0.0,1.0,47.0,23.0,0.0,48.0,22.9,0.0,0.0,0.0,3.21,3.4,3.4,3.4,21.9,25.54,25.64,25.63,25.64,0.53,0.0,1.0,0.0,53.0,0.0,0.0,20.5,0.0,53.0,0.0,0.0,20.4,1.0,1.0,1.0
2022-10-18 00:00:56,17.3,1.0,1.0,20.6,1.0,0.0,0.0,20.4,53.0,21.7,0.0,0.0,0.0,65.0,12.2,0.0,0.0,44.0,23.0,0.0,0.0,42.0,22.8,0.0,0.0,46.0,21.7,0.0,0.0,46.0,21.9,0.0,0.0,0.0,49.0,21.6,0.0,27.0,0.0,52.0,19.8,0.0,0.0,0.0,1.71,1.82,1.82,1.83,11.68,13.6,13.66,13.66,13.67,0.58,22.2,1.0,0.0,20.9,20.2,0.0,1.0,47.0,23.0,0.0,48.0,22.9,0.0,0.0,0.0,3.21,3.4,3.4,3.4,21.9,25.54,25.64,25.63,25.64,0.53,0.0,1.0,0.0,53.0,0.0,0.0,20.5,0.0,53.0,0.0,0.0,20.4,1.0,1.0,1.0
2022-10-18 00:00:57,17.3,1.0,1.0,20.6,1.0,0.0,0.0,20.4,53.0,21.7,0.0,0.0,0.0,65.0,12.2,0.0,0.0,44.0,23.0,0.0,0.0,42.0,22.8,0.0,0.0,46.0,21.7,0.0,0.0,46.0,21.9,0.0,0.0,0.0,49.0,21.6,0.0,27.0,0.0,52.0,19.8,0.0,0.0,0.0,1.71,1.82,1.82,1.83,11.68,13.6,13.66,13.66,13.67,0.58,22.2,1.0,0.0,20.9,20.2,0.0,1.0,47.0,23.0,0.0,48.0,22.9,0.0,0.0,0.0,3.21,3.4,3.4,3.4,21.9,25.54,25.64,25.63,25.64,0.53,0.0,1.0,0.0,53.0,0.0,0.0,20.5,0.0,53.0,0.0,0.0,20.4,1.0,1.0,1.0
2022-10-18 00:00:58,17.3,1.0,1.0,20.6,1.0,0.0,0.0,20.4,53.0,21.7,0.0,0.0,0.0,65.0,12.2,0.0,0.0,44.0,23.0,0.0,0.0,42.0,22.8,0.0,0.0,46.0,21.7,0.0,0.0,46.0,21.9,0.0,0.0,0.0,49.0,21.6,0.0,27.0,0.0,52.0,19.8,0.0,0.0,0.0,1.71,1.82,1.82,1.83,11.68,13.6,13.66,13.66,13.67,0.58,22.2,1.0,0.0,20.9,20.2,0.0,1.0,47.0,23.0,0.0,48.0,22.9,0.0,0.0,0.0,3.21,3.4,3.4,3.4,21.9,25.54,25.64,25.63,25.64,0.53,0.0,1.0,0.0,53.0,0.0,0.0,20.5,0.0,53.0,0.0,0.0,20.4,1.0,1.0,1.0
2022-10-18 00:00:59,17.3,1.0,1.0,20.6,1.0,0.0,0.0,20.4,53.0,21.7,0.0,0.0,0.0,65.0,12.2,0.0,0.0,44.0,23.0,0.0,0.0,42.0,22.8,0.0,0.0,46.0,21.7,0.0,0.0,46.0,21.9,0.0,0.0,0.0,49.0,21.6,0.0,27.0,0.0,52.0,19.8,0.0,0.0,0.0,1.71,1.82,1.82,1.83,11.68,13.6,13.66,13.66,13.67,0.58,22.2,1.0,0.0,20.9,20.2,0.0,1.0,47.0,23.0,0.0,48.0,22.9,0.0,0.0,0.0,3.21,3.4,3.4,3.4,21.9,25.54,25.64,25.63,25.64,0.53,0.0,1.0,0.0,53.0,0.0,0.0,20.5,0.0,53.0,0.0,0.0,20.4,1.0,1.0,1.0
2022-10-18 00:01:00,17.3,1.0,1.0,20.6,1.0,0.0,0.0,20.4,53.0,21.7,0.0,0.0,0.0,65.0,12.2,0.0,0.0,44.0,23.0,0.0,0.0,42.0,22.8,0.0,0.0,46.0,21.7,0.0,0.0,46.0,21.9,0.0,0.0,0.0,49.0,21.6,0.0,27.0,0.0,52.0,19.8,0.0,0.0,0.0,1.71,1.82,1.82,1.83,11.68,13.6,13.66,13.66,13.67,0.58,22.2,1.0,0.0,20.9,20.2,0.0,1.0,47.0,23.0,0.0,48.0,22.9,0.0,0.0,0.0,3.21,3.4,3.4,3.4,21.9,25.54,25.64,25.63,25.64,0.53,0.0,1.0,0.0,53.0,0.0,0.0,20.5,0.0,53.0,0.0,0.0,20.4,1.0,1.0,1.0
2022-10-18 00:01:01,17.3,1.0,1.0,20.6,1.0,0.0,0.0,20.4,53.0,21.7,0.0,0.0,0.0,65.0,12.2,0.0,0.0,44.0,23.0,0.0,0.0,42.0,22.8,0.0,0.0,46.0,21.7,0.0,0.0,46.0,21.9,0.0,0.0,0.0,49.0,21.6,0.0,27.0,0.0,52.0,19.8,0.0,0.0,0.0,1.71,1.82,1.82,1.83,11.68,13.6,13.66,13.66,13.67,0.58,22.2,1.0,0.0,20.9,20.2,0.0,1.0,47.0,23.0,0.0,48.0,22.9,0.0,0.0,0.0,3.21,3.4,3.4,3.4,21.9,25.54,25.64,25.63,25.64,0.53,0.0,1.0,0.0,53.0,0.0,0.0,20.5,0.0,53.0,0.0,0.0,20.4,1.0,1.0,1.0
2022-10-18 00:01:02,17.3,1.0,1.0,20.6,1.0,0.0,0.0,20.4,53.0,21.7,0.0,0.0,0.0,65.0,12.2,0.0,0.0,44.0,23.0,0.0,0.0,42.0,22.8,0.0,0.0,46.0,21.7,0.0,0.0,46.0,21.9,0.0,0.0,0.0,49.0,21.6,0.0,27.0,0.0,52.0,19.8,0.0,0.0,0.0,1.71,1.82,1.82,1.83,11.68,13.6,13.66,13.66,13.67,0.58,22.2,1.0,0.0,20.9,20.2,0.0,1.0,47.0,23.0,0.0,48.0,22.9,0.0,0.0,0.0,3.21,3.4,3.4,3.4,21.9,25.54,25.64,25.63,25.64,0.53,0.0,1.0,0.0,53.0,0.0,0.0,20.5,0.0,53.0,0.0,0.0,20.4,1.0,1.0,1.0
2022-10-18 00:01:03,17.3,1.0,1.0,20.6,1.0,0.0,0.0,20.4,53.0,21.7,0.0,0.0,0.0,65.0,12.2,0.0,0.0,44.0,23.0,0.0,0.0,42.0,22.8,0.0,0.0,46.0,21.7,0.0,0.0,46.0,21.9,0.0,0.0,0.0,49.0,21.6,0.0,27.0,0.0,52.0,19.8,0.0,0.0,0.0,1.71,1.82,1.82,1.83,11.68,13.6,13.66,13.66,13.67,0.58,22.2,1.0,0.0,20.9,20.2,0.0,1.0,47.0,23.0,0.0,48.0,22.9,0.0,0.0,0.0,3.21,3.4,3.4,3.4,21.9,25.54,25.64,25.63,25.64,0.53,0.0,1.0,0.0,53.0,0.0,0.0,20.5,0.0,53.0,0.0,0.0,20.4,1.0,1.0,1.0
2022-10-18 00:01:04,17.3,1.0,1.0,20.6,1.0,0.0,0.0,20.4,53.0,21.7,0.0,0.0,0.0,65.0,12.2,0.0,0.0,44.0,23.0,0.0,0.0,42.0,22.8,0.0,0.0,46.0,21.7,0.0,0.0,46.0,21.9,0.0,0.0,0.0,49.0,21.6,0.0,27.0,0.0,52.0,19.8,0.0,0.0,0.0,1.71,1.82,1.82,1.83,11.68,13.6,13.66,13.66,13.67,0.58,22.2,1.0,0.0,20.9,20.2,0.0,1.0,47.0,23.0,0.0,48.0,22.9,0.0,0.0,0.0,3.21,3.4,3.4,3.4,21.9,25.54,25.64,25.63,25.64,0.53,0.0,1.0,0.0,53.0,0.0,0.0,20.5,0.0,53.0,0.0,0.0,20.4,1.0,1.0,1.0
2022-10-18 00:01:05,17.3,1.0,1.0,20.6,1.0,0.0,0.0,20.4,53.0,21.7,0.0,0.0,0.0,65.0,12.2,0.0,0.0,44.0,23.0,0.0,0.0,42.0,22.8,0.0,0.0,46.0,21.7,0.0,0.0,46.0,21.9,0.0,0.0,0.0,49.0,21.6,0.0,27.0,0.0,52.0,19.8,0.0,0.0,0.0,1.71,1.82,1.82,1.83,11.68,13.6,13.66,13.66,13.67,0.58,22.2,1.0,0.0,20.9,20.2,0.0,1.0,47.0,23.0,0.0,48.0,22.9,0.0,0.0,0.0,3.21,3.4,3.4,3.4,21.9,25.54,25.64,25.63,25.64,0.53,0.0,1.0,0.0,53.0,0.0,0.0,20.5,0.0,53.0,0.0,0.0,20.4,1.0,1.0,1.0
2022-10-18 00:01:06,17.3,1.0,1.0,20.6,1.0,0.0,0.0,20.4,53.0,21.7,0.0,0.0,0.0,65.0,12.2,0.0,0.0,44.0,23.0,0.0,0.0,42.0,22.8,0.0,0.0,46.0,21.7,0.0,0.0,46.0,21.9,0.0,0.0,0.0,49.0,21.6,0.0,27.0,0.0,52.0,19.8,0.0,0.0,0.0,1.71,1.82,1.82,1.83,11.68,13.6,13.66,13.66,13.67,0.58,22.2,1.0,0.0,20.9,20.2,0.0,1.0,47.0,23.0,0.0,48.0,22.9,0.0,0.0,0.0,3.21,3.4,3.4,3.4,21.9,25.54,25.64,25.63,25.64,0.53,0.0,1.0,0.0,53.0,0.0,0.0,20.5,0.0,53.0,0.0,0.0,20.4,1.0,1.0,1.0
2022-10-18 00:01:07,17.3,1.0,1.0,20.6,1.0,0.0,0.0,20.4,53.0,21.7,0.0,0.0,0.0,65.0,12.2,0.0,0.0,44.0,23.0,0.0,0.0,42.0,22.8,0.0,0.0,46.0,21.7,0.0,0.0,46.0,21.9,0.0,0.0,0.0,49.0,21.6,0.0,27.0,0.0,52.0,19.8,0.0,0.0,0.0,1.71,1.82,1.82,1.83,11.68,13.6,13.66,13.66,13.67,0.58,22.2,1.0,0.0,20.9,20.2,0.0,1.0,47.0,23.0,0.0,48.0,22.9,0.0,0.0,0.0,3.21,3.4,3.4,3.4,21.9,25.54,25.64,25.63,25.64,0.53,0.0,1.0,0.0,53.0,0.0,0.0,20.5,0.0,53.0,0.0,0.0,20.4,1.0,1.0,1.0
2022-10-18 00:01:08,17.3,1.0,1.0,20.6,1.0,0.0,0.0,20.4,53.0,21.7,0.0,0.0,0.0,65.0,12.2,0.0,0.0,44.0,23.0,0.0,0.0,42.0,22.8,0.0,0.0,46.0,21.7,0.0,0.0,46.0,21.9,0.0,0.0,0.0,49.0,21.6,0.0,27.0,0.0,52.0,19.8,0.0,0.0,0.0,1.71,1.82,1.82,1.83,11.68,13.6,13.66,13.66,13.67,0.58,22.2,1.0,0.0,20.9,20.2,0.0,1.0,47.0,23.0,0.0,48.0,22.9,0.0,0.0,0.0,3.21,3.4,3.4,3.4,21.9,25.54,25.64,25.63,25.64,0.53,0.0,1.0,0.0,53.0,0.0,0.0,20.5,0.0,53.0,0.0,0.0,20.4,1.0,1.0,1.0
2022-10-18 00:01:09,17.3,1.0,1.0,20.6,1.0,0.0,0.0,20.4,53.0,21.7,0.0,0.0,0.0,65.0,12.2,0.0,0.0,44.0,23.0,0.0,0.0,42.0,22.8,0.0,0.0,46.0,21.7,0.0,0.0,46.0,21.9,0.0,0.0,0.0,49.0,21.6,0.0,27.0,0.0,52.0,19.8,0.0,0.0,0.0,1.71,1.82,1.82,1.83,11.68,13.6,13.66,13.66,13.67,0.58,22.2,1.0,0.0,20.9,20.2,0.0,1.0,47.0,23.0,0.0,48.0,22.9,0.0,0.0,0.0,3.21,3.4,3.4,3.4,21.9,25.54,25.64,25.63,25.64,0.53,0.0,1.0,0.0,53.0,0.0,0.0,20.5,0.0,53.0,0.0,0.0,20.4,1.0,1.0,1.0
2022-10-18 00:01:10,17.3,1.0,1.0,20.6,1.0,0.0,0.0,20.4,53.0,21.7,0.0,0.0,0.0,65.0,12.2,0.0,0.0,44.0,23.0,0.0,0.0,42.0,22.8,0.0,0.0,46.0,21.7,0.0,0.0,46.0,21.9,0.0,0.0,0.0,49.0,21.6,0.0,27.0,0.0,52.0,19.8,0.0,0.0,0.0,1.71,1.82,1.82,1.83,11.68,13.6,13.66,13.66,13.67,0.58,22.2,1.0,0.0,20.9,20.2,0.0,1.0,47.0,23.0,0.0,48.0,22.9,0.0,0.0,0.0,3.21,3.4,3.4,3.4,21.9,25.54,25.64,25.63,25.64,0.53,0.0,1.0,0.0,53.0,0.0,0.0,20.5,0.0,53.0,0.0,0.0,20.4,1.0,1.0,1.0
2022-10-18 00:01:11,17.3,1.0,1.0,20.6,1.0,0.0,0.0,20.4,53.0,21.7,0.0,0.0,0.0,65.0,12.2,0.0,0.0,44.0,23.0,0.0,0.0,42.0,22.8,0.0,0.0,46.0,21.7,0.0,0.0,46.0,21.9,0.0,0.0,0.0,49.0,21.6,0.0,27.0,0.0,52.0,19.8,0.0,0.0,0.0,1.71,1.82,1.82,1.83,11.68,13.6,13.66,13.66,13.67,0.58,22.2,1.0,0.0,20.9,20.2,0.0,1.0,47.0,23.0,0.0,48.0,22.9,0.0,0.0,0.0,3.21,3.4,3.4,3.4,21.9,25.54,25.64,25.63,25.64,0.53,0.0,1.0,0.0,53.0,0.0,0.0,20.5,0.0,53.0,0.0,0.0,20.4,1.0,1.0,1.0
2022-10-18 00:01:12,17.3,1.0,1.0,20.6,1.0,0.0,0.0,20.4,53.0,21.7,0.0,0.0,0.0,65.0,12.2,0.0,0.0,44.0,23.0,0.0,0.0,42.0,22.8,0.0,0.0,46.0,21.7,0.0,0.0,46.0,21.9,0.0,0.0,0.0,49.0,21.6,0.0,27.0,0.0,52.0,19.8,0.0,0.0,0.0,1.71,1.82,1.82,1.83,11.68,13.6,13.66,13.66,13.67,0.58,22.2,1.0,0.0,20.9,20.2,0.0,1.0,47.0,23.0,0.0,48.0,22.9,0.0,0.0,0.0,3.21,3.4,3.4,3.4,21.9,25.54,25.64,25.63,25.64,0.53,0.0,1.0,0.0,53.0,0.0,0.0,20.5,0.0,53.0,0.0,0.0,20.4,1.0,1.0,1.0
2022-10-18 00:01:13,17.3,1.0,1.0,20.6,1.0,0.0,0.0,20.4,53.0,21.7,0.0,0.0,0.0,65.0,12.2,0.0,0.0,44.0,23.0,0.0,0.0,42.0,22.8,0.0,0.0,46.0,21.7,0.0,0.0,46.0,21.9,0.0,0.0,0.0,49.0,21.6,0.0,27.0,0.0,52.0,19.8,0.0,0.0,0.0,1.71,1.82,1.82,1.83,11.68,13.6,13.66,13.66,13.67,0.58,22.2,1.0,0.0,20.9,20.2,0.0,1.0,47.0,23.0,0.0,48.0,22.9,0.0,0.0,0.0,3.21,3.4,3.4,3.4,21.9,25.54,25.64,25.63,25.64,0.53,0.0,1.0,0.0,53.0,0.0,0.0,20.5,0.0,53.0,0.0,0.0,20.4,1.0,1.0,1.0
2022-10-18 00:01:14,17.3,1.0,1.0,20.6,1.0,0.0,0.0,20.4,53.0,21.7,0.0,0.0,0.0,65.0,12.2,0.0,0.0,44.0,23.0,0.0,0.0,42.0,22.8,0.0,0.0,46.0,21.7,0.0,0.0,46.0,21.9,0.0,0.0,0.0,49.0,21.6,0.0,27.0,0.0,52.0,19.8,0.0,0.0,0.0,1.71,1.82,1.82,1.83,11.68,13.6,13.66,13.66,13.67,0.58,22.2,1.0,0.0,20.9,20.2,0.0,1.0,47.0,23.0,0.0,48.0,22.9,0.0,0.0,0.0,3.21,3.4,3.4,3.4,21.9,25.54,25.64,25.63,25.64,0.53,0.0,1.0,0.0,53.0,0.0,0.0,20.5,0.0,53.0,0.0,0.0,20.4,1.0,1.0,1.0
2022-10-18 00:01:15,17.3,1.0,1.0,20.6,1.0,0.0,0.0,20.4,53.0,21.7,0.0,0.0,0.0,65.0,12.2,0.0,0.0,44.0,23.0,0.0,0.0,42.0,22.8,0.0,0.0,46.0,21.7,0.0,0.0,46.0,21.9,0.0,0.0,0.0,49.0,21.6,0.0,27.0,0.0,52.0,19.8,0.0,0.0,0.0,1.71,1.82,1.82,1.83,11.68,13.6,13.66,13.66,13.67,0.58,22.2,1.0,0.0,20.9,20.2,0.0,1.0,47.0,23.0,0.0,48.0,22.9,0.0,0.0,0.0,3.21,3.4,3.4,3.4,21.9,25.54,25.64,25.63,25.64,0.53,0.0,1.0,0.0,53.0,0.0,0.0,20.5,0.0,53.0,0.0,0.0,20.4,1.0,1.0,1.0
2022-10-18 00:01:16,17.3,1.0,1.0,20.6,1.0,0.0,0.0,20.4,53.0,21.7,0.0,0.0,0.0,65.0,12.2,0.0,0.0,44.0,23.0,0.0,0.0,42.0,22.8,0.0,0.0,46.0,21.7,0.0,0.0,46.0,21.9,0.0,0.0,0.0,49.0,21.6,0.0,27.0,0.0,52.0,19.8,0.0,0.0,0.0,1.71,1.82,1.82,1.83,11.68,13.6,13.66,13.66,13.67,0.58,22.2,1.0,0.0,20.9,20.2,0.0,1.0,47.0,23.0,0.0,48.0,22.9,0.0,0.0,0.0,3.21,3.4,3.4,3.4,21.9,25.54,25.64,25.63,25.64,0.53,0.0,1.0,0.0,53.0,0.0,0.0,20.5,0.0,53.0,0.0,0.0,20.4,1.0,1.0,1.0
2022-10-18 00:01:17,17.3,1.0,1.0,20.6,1.0,0.0,0.0,20.4,53.0,21.7,0.0,0.0,0.0,65.0,12.2,0.0,0.0,44.0,23.0,0.0,0.0,42.0,22.8,0.0,0.0,46.0,21.7,0.0,0.0,46.0,21.9,0.0,0.0,0.0,49.0,21.6,0.0,27.0,0.0,52.0,19.8,0.0,0.0,0.0,1.71,1.82,1.82,1.83,11.68,13.6,13.66,13.66,13.67,0.58,22.2,1.0,0.0,20.9,20.2,0.0,1.0,47.0,23.0,0.0,48.0,22.9,0.0,0.0,0.0,3.21,3.4,3.4,3.4,21.9,25.54,25.64,25.63,25.64,0.53,0.0,1.0,0.0,53.0,0.0,0.0,20.5,0.0,53.0,0.0,0.0,20.4,1.0,1.0,1.0
2022-10-18 00:01:18,17.3,1.0,1.0,20.6,1.0,0.0,0.0,20.4,53.0,21.7,0.0,0.0,0.0,65.0,12.2,0.0,0.0,44.0,23.0,0.0,0.0,42.0,22.8,0.0,0.0,46.0,21.7,0.0,0.0,46.0,21.9,0.0,0.0,0.0,49.0,21.6,0.0,27.0,0.0,52.0,19.8,0.0,0.0,0.0,1.71,1.82,1.82,1.83,11.68,13.6,13.66,13.66,13.67,0.58,22.2,1.0,0.0,20.9,20.2,0.0,1.0,47.0,23.0,0.0,48.0,22.9,0.0,0.0,0.0,3.21,3.4,3.4,3.4,21.9,25.54,25.64,25.63,25.64,0.53,0.0,1.0,0.0,53.0,0.0,0.0,20.5,0.0,53.0,0.0,0.0,20.4,1.0,1.0,1.0
2022-10-18 00:01:19,17.3,1.0,1.0,20.6,1.0,0.0,0.0,20.4,53.0,21.7,0.0,0.0,0.0,65.0,12.2,0.0,0.0,44.0,23.0,0.0,0.0,42.0,22.8,0.0,0.0,46.0,21.7,0.0,0.0,46.0,21.9,0.0,0.0,0.0,49.0,21.6,0.0,27.0,0.0,52.0,19.8,0.0,0.0,0.0,1.71,1.82,1.82,1.83,11.68,13.6,13.66,13.66,13.67,0.58,22.2,1.0,0.0,20.9,20.2,0.0,1.0,47.0,23.0,0.0,48.0,22.9,0.0,0.0,0.0,3.21,3.4,3.4,3.4,21.9,25.54,25.64,25.63,25.64,0.53,0.0,1.0,0.0,53.0,0.0,0.0,20.5,0.0,53.0,0.0,0.0,20.4,1.0,1.0,1.0
2022-10-18 00:01:20,17.3,1.0,1.0,20.6,1.0,0.0,0.0,20.4,53.0,21.7,0.0,0.0,0.0,65.0,12.2,0.0,0.0,44.0,23.0,0.0,0.0,42.0,22.8,0.0,0.0,46.0,21.7,0.0,0.0,46.0,21.9,0.0,0.0,0.0,49.0,21.6,0.0,27.0,0.0,52.0,19.8,0.0,0.0,0.0,1.71,1.82,1.82,1.83,11.68,13.6,13.66,13.66,13.67,0.58,22.2,1.0,0.0,20.9,20.2,0.0,1.0,47.0,23.0,0.0,48.0,22.9,0.0,0.0,0.0,3.21,3.4,3.4,3.4,21.9,25.54,25.64,25.63,25.64,0.53,0.0,1.0,0.0,53.0,0.0,0.0,20.5,0.0,53.0,0.0,0.0,20.4,1.0,1.0,1.0
2022-10-18 00:01:21,17.3,1.0,1.0,20.6,1.0,0.0,0.0,20.4,53.0,21.7,0.0,0.0,0.0,65.0,12.2,0.0,0.0,44.0,23.0,0.0,0.0,42.0,22.8,0.0,0.0,46.0,21.7,0.0,0.0,46.0,21.9,0.0,0.0,0.0,49.0,21.6,0.0,27.0,0.0,52.0,19.8,0.0,0.0,0.0,1.71,1.82,1.82,1.83,11.68,13.6,13.66,13.66,13.67,0.58,22.2,1.0,0.0,20.9,20.2,0.0,1.0,47.0,23.0,0.0,48.0,22.9,0.0,0.0,0.0,3.21,3.4,3.4,3.4,21.9,25.54,25.64,25.63,25.64,0.53,0.0,1.0,0.0,53.0,0.0,0.0,20.5,0.0,53.0,0.0,0.0,20.4,1.0,1.0,1.0
2022-10-18 00:01:22,17.3,1.0,1.0,20.6,1.0,0.0,0.0,20.4,53.0,21.7,0.0,0.0,0.0,65.0,12.2,0.0,0.0,44.0,23.0,0.0,0.0,42.0,22.8,0.0,0.0,46.0,21.7,0.0,0.0,46.0,21.9,0.0,0.0,0.0,49.0,21.6,0.0,27.0,0.0,52.0,19.8,0.0,0.0,0.0,1.71,1.82,1.82,1.83,11.68,13.6,13.66,13.66,13.67,0.58,22.2,1.0,0.0,20.9,20.2,0.0,1.0,47.0,23.0,0.0,48.0,22.9,0.0,0.0,0.0,3.21,3.4,3.4,3.4,21.9,25.54,25.64,25.63,25.64,0.53,0.0,1.0,0.0,53.0,0.0,0.0,20.5,0.0,53.0,0.0,0.0,20.4,1.0,1.0,1.0
2022-10-18 00:01:23,17.3,1.0,1.0,20.6,1.0,0.0,0.0,20.4,53.0,21.7,0.0,0.0,0.0,65.0,12.2,0.0,0.0,44.0,23.0,0.0,0.0,42.0,22.8,0.0,0.0,46.0,21.7,0.0,0.0,46.0,21.9,0.0,0.0,0.0,49.0,21.6,0.0,27.0,0.0,52.0,19.8,0.0,0.0,0.0,1.71,1.82,1.82,1.83,11.68,13.6,13.66,13.66,13.67,0.58,22.2,1.0,0.0,20.9,20.2,0.0,1.0,47.0,23.0,0.0,48.0,22.9,0.0,0.0,0.0,3.21,3.4,3.4,3.4,21.9,25.54,25.64,25.63,25.64,0.53,0.0,1.0,0.0,53.0,0.0,0.0,20.5,0.0,53.0,0.0,0.0,20.4,1.0,1.0,1.0
2022-10-18 00:01:24,17.3,1.0,1.0,20.6,1.0,0.0,0.0,20.4,53.0,21.7,0.0,0.0,0.0,65.0,12.2,0.0,0.0,44.0,23.0,0.0,0.0,42.0,22.8,0.0,0.0,46.0,21.7,0.0,0.0,46.0,21.9,0.0,0.0,0.0,49.0,21.6,0.0,27.0,0.0,52.0,19.8,0.0,0.0,0.0,1.71,1.82,1.82,1.83,11.68,13.6,13.66,13.66,13.67,0.58,22.2,1.0,0.0,20.9,20.2,0.0,1.0,47.0,23.0,0.0,48.0,22.9,0.0,0.0,0.0,3.21,3.4,3.4,3.4,21.9,25.54,25.64,25.63,25.64,0.53,0.0,1.0,0.0,53.0,0.0,0.0,20.5,0.0,53.0,0.0,0.0,20.4,1.0,1.0,1.0
2022-10-18 00:01:25,17.3,1.0,1.0,20.6,1.0,0.0,0.0,20.4,53.0,21.7,0.0,0.0,0.0,65.0,12.2,0.0,0.0,44.0,23.0,0.0,0.0,42.0,22.8,0.0,0.0,46.0,21.7,0.0,0.0,46.0,21.9,0.0,0.0,0.0,49.0,21.6,0.0,27.0,0.0,52.0,19.8,0.0,0.0,0.0,1.71,1.82,1.82,1.83,11.68,13.6,13.66,13.66,13.67,0.58,22.2,1.0,0.0,20.9,20.2,0.0,1.0,47.0,23.0,0.0,48.0,22.9,0.0,0.0,0.0,3.21,3.4,3.4,3.4,21.9,25.54,25.64,25.63,25.64,0.53,0.0,1.0,0.0,53.0,0.0,0.0,20.5,0.0,53.0,0.0,0.0,20.4,1.0,1.0,1.0
2022-10-18 00:01:26,17.3,1.0,1.0,20.6,1.0,0.0,0.0,20.4,53.0,21.7,0.0,0.0,0.0,65.0,12.2,0.0,0.0,44.0,23.0,0.0,0.0,42.0,22.8,0.0,0.0,46.0,21.7,0.0,0.0,46.0,21.9,0.0,0.0,0.0,49.0,21.6,0.0,27.0,0.0,52.0,19.8,0.0,0.0,0.0,1.71,1.82,1.82,1.83,11.68,13.6,13.66,13.66,13.67,0.58,22.2,1.0,0.0,20.9,20.2,0.0,1.0,47.0,23.0,0.0,48.0,22.9,0.0,0.0,0.0,3.21,3.4,3.4,3.4,21.9,25.54,25.64,25.63,25.64,0.53,0.0,1.0,0.0,53.0,0.0,0.0,20.5,0.0,53.0,0.0,0.0,20.4,1.0,1.0,1.0
2022-10-18 00:01:27,17.3,1.0,1.0,20.6,1.0,0.0,0.0,20.4,53.0,21.7,0.0,0.0,0.0,65.0,12.2,0.0,0.0,44.0,23.0,0.0,0.0,42.0,22.8,0.0,0.0,46.0,21.7,0.0,0.0,46.0,21.9,0.0,0.0,0.0,49.0,21.6,0.0,27.0,0.0,52.0,19.8,0.0,0.0,0.0,1.71,1.82,1.82,1.83,11.68,13.6,13.66,13.66,13.67,0.58,22.2,1.0,0.0,20.9,20.2,0.0,1.0,47.0,23.0,0.0,48.0,22.9,0.0,0.0,0.0,3.21,3.4,3.4,3.4,21.9,25.54,25.64,25.63,25.64,0.53,0.0,1.0,0.0,53.0,0.0,0.0,20.5,0.0,53.0,0.0,0.0,20.4,1.0,1.0,1.0
2022-10-18 00:01:28,17.3,1.0,1.0,20.6,1.0,0.0,0.0,20.4,53.0,21.7,0.0,0.0,0.0,65.0,12.2,0.0,0.0,44.0,23.0,0.0,0.0,42.0,22.8,0.0,0.0,46.0,21.7,0.0,0.0,46.0,21.9,0.0,0.0,0.0,49.0,21.6,0.0,27.0,0.0,52.0,19.8,0.0,0.0,0.0,1.71,1.82,1.82,1.83,11.68,13.6,13.66,13.66,13.67,0.58,22.2,1.0,0.0,20.9,20.2,0.0,1.0,47.0,23.0,0.0,48.0,22.9,0.0,0.0,0.0,3.21,3.4,3.4,3.4,21.9,25.54,25.64,25.63,25.64,0.53,0.0,1.0,0.0,53.0,0.0,0.0,20.5,0.0,53.0,0.0,0.0,20.4,1.0,1.0,1.0
2022-10-18 00:01:29,17.3,1.0,1.0,20.6,1.0,0.0,0.0,20.4,53.0,21.7,0.0,0.0,0.0,65.0,12.2,0.0,0.0,44.0,23.0,0.0,0.0,42.0,22.8,0.0,0.0,46.0,21.7,0.0,0.0,46.0,21.9,0.0,0.0,0.0,49.0,21.6,0.0,27.0,0.0,52.0,19.8,0.0,0.0,0.0,1.71,1.82,1.82,1.83,11.68,13.6,13.66,13.66,13.67,0.58,22.2,1.0,0.0,20.9,20.2,0.0,1.0,47.0,23.0,0.0,48.0,22.9,0.0,0.0,0.0,3.21,3.4,3.4,3.4,21.9,25.54,25.64,25.63,25.64,0.53,0.0,1.0,0.0,53.0,0.0,0.0,20.5,0.0,53.0,0.0,0.0,20.4,1.0,1.0,1.0
2022-10-18 00:01:30,17.3,1.0,1.0,20.6,1.0,0.0,0.0,20.4,53.0,21.7,0.0,0.0,0.0,65.0,12.2,0.0,0.0,44.0,23.0,0.0,0.0,42.0,22.8,0.0,0.0,46.0,21.7,0.0,0.0,46.0,21.9,0.0,0.0,0.0,49.0,21.6,0.0,27.0,0.0,52.0,19.8,0.0,0.0,0.0,1.71,1.82,1.82,1.83,11.68,13.6,13.66,13.66,13.67,0.58,22.2,1.0,0.0,20.9,20.2,0.0,1.0,47.0,23.0,0.0,48.0,22.9,0.0,0.0,0.0,3.21,3.4,3.4,3.4,21.9,25.54,25.64,25.63,25.64,0.53,0.0,1.0,0.0,53.0,0.0,0.0,20.5,0.0,53.0,0.0,0.0,20.4,1.0,1.0,1.0
2022-10-18 00:01:31,17.3,1.0,1.0,20.6,1.0,0.0,0.0,20.4,53.0,21.7,0.0,0.0,0.0,65.0,12.2,0.0,0.0,44.0,23.0,0.0,0.0,42.0,22.8,0.0,0.0,46.0,21.7,0.0,0.0,46.0,21.9,0.0,0.0,0.0,49.0,21.6,0.0,27.0,0.0,52.0,19.8,0.0,0.0,0.0,1.71,1.82,1.82,1.83,11.68,13.6,13.66,13.66,13.67,0.58,22.2,1.0,0.0,20.9,20.2,0.0,1.0,47.0,23.0,0.0,48.0,22.9,0.0,0.0,0.0,3.21,3.4,3.4,3.4,21.9,25.54,25.64,25.63,25.64,0.53,0.0,1.0,0.0,53.0,0.0,0.0,20.5,0.0,53.0,0.0,0.0,20.4,1.0,1.0,1.0
2022-10-18 00:01:32,17.3,1.0,1.0,20.6,1.0,0.0,0.0,20.4,53.0,21.7,0.0,0.0,0.0,65.0,12.2,0.0,0.0,44.0,23.0,0.0,0.0,42.0,22.8,0.0,0.0,46.0,21.7,0.0,0.0,46.0,21.9,0.0,0.0,0.0,49.0,21.6,0.0,27.0,0.0,52.0,19.8,0.0,0.0,0.0,1.71,1.82,1.82,1.83,11.68,13.6,13.66,13.66,13.67,0.58,22.2,1.0,0.0,20.9,20.2,0.0,1.0,47.0,23.0,0.0,48.0,22.9,0.0,0.0,0.0,3.21,3.4,3.4,3.4,21.9,25.54,25.64,25.63,25.64,0.53,0.0,1.0,0.0,53.0,0.0,0.0,20.5,0.0,53.0,0.0,0.0,20.4,1.0,1.0,1.0
2022-10-18 00:01:33,17.3,1.0,1.0,20.6,1.0,0.0,0.0,20.4,53.0,21.7,0.0,0.0,0.0,65.0,12.2,0.0,0.0,44.0,23.0,0.0,0.0,42.0,22.8,0.0,0.0,46.0,21.7,0.0,0.0,46.0,21.9,0.0,0.0,0.0,49.0,21.6,0.0,27.0,0.0,52.0,19.8,0.0,0.0,0.0,1.71,1.82,1.82,1.83,11.68,13.6,13.66,13.66,13.67,0.58,22.2,1.0,0.0,20.9,20.2,0.0,1.0,47.0,23.0,0.0,48.0,22.9,0.0,0.0,0.0,3.21,3.4,3.4,3.4,21.9,25.54,25.64,25.63,25.64,0.53,0.0,1.0,0.0,53.0,0.0,0.0,20.5,0.0,53.0,0.0,0.0,20.4,1.0,1.0,1.0
2022-10-18 00:01:34,17.3,1.0,1.0,20.6,1.0,0.0,0.0,20.4,53.0,21.7,0.0,0.0,0.0,65.0,12.2,0.0,0.0,44.0,23.0,0.0,0.0,42.0,22.8,0.0,0.0,46.0,21.7,0.0,0.0,46.0,21.9,0.0,0.0,0.0,49.0,21.6,0.0,27.0,0.0,52.0,19.8,0.0,0.0,0.0,1.71,1.82,1.82,1.83,11.68,13.6,13.66,13.66,13.67,0.58,22.2,1.0,0.0,20.9,20.2,0.0,1.0,47.0,23.0,0.0,48.0,22.9,0.0,0.0,0.0,3.21,3.4,3.4,3.4,21.9,25.54,25.64,25.63,25.64,0.53,0.0,1.0,0.0,53.0,0.0,0.0,20.5,0.0,53.0,0.0,0.0,20.4,1.0,1.0,1.0
2022-10-18 00:01:35,17.3,1.0,1.0,20.6,1.0,0.0,0.0,20.4,53.0,21.7,0.0,0.0,0.0,65.0,12.2,0.0,0.0,44.0,23.0,0.0,0.0,42.0,22.8,0.0,0.0,46.0,21.7,0.0,0.0,46.0,21.9,0.0,0.0,0.0,49.0,21.6,0.0,27.0,0.0,52.0,19.8,0.0,0.0,0.0,1.71,1.82,1.82,1.83,11.68,13.6,13.66,13.66,13.67,0.58,22.2,1.0,0.0,20.9,20.2,0.0,1.0,47.0,23.0,0.0,48.0,22.9,0.0,0.0,0.0,3.21,3.4,3.4,3.4,21.9,25.54,25.64,25.63,25.64,0.53,0.0,1.0,0.0,53.0,0.0,0.0,20.5,0.0,53.0,0.0,0.0,20.4,1.0,1.0,1.0
2022-10-18 00:01:36,17.3,1.0,1.0,20.6,1.0,0.0,0.0,20.4,53.0,21.7,0.0,0.0,0.0,65.0,12.2,0.0,0.0,44.0,23.0,0.0,0.0,42.0,22.8,0.0,0.0,46.0,21.7,0.0,0.0,46.0,21.9,0.0,0.0,0.0,49.0,21.6,0.0,27.0,0.0,52.0,19.8,0.0,0.0,0.0,1.71,1.82,1.82,1.83,11.68,13.6,13.66,13.66,13.67,0.58,22.2,1.0,0.0,20.9,20.2,0.0,1.0,47.0,23.0,0.0,48.0,22.9,0.0,0.0,0.0,3.21,3.4,3.4,3.4,21.9,25.54,25.64,25.63,25.64,0.53,0.0,1.0,0.0,53.0,0.0,0.0,20.5,0.0,53.0,0.0,0.0,20.4,1.0,1.0,1.0
2022-10-18 00:01:37,17.3,1.0,1.0,20.6,1.0,0.0,0.0,20.4,53.0,21.7,0.0,0.0,0.0,65.0,12.2,0.0,0.0,44.0,23.0,0.0,0.0,42.0,22.8,0.0,0.0,46.0,21.7,0.0,0.0,46.0,21.9,0.0,0.0,0.0,49.0,21.6,0.0,27.0,0.0,52.0,19.8,0.0,0.0,0.0,1.71,1.82,1.82,1.83,11.68,13.6,13.66,13.66,13.67,0.58,22.2,1.0,0.0,20.9,20.2,0.0,1.0,47.0,23.0,0.0,48.0,22.9,0.0,0.0,0.0,3.21,3.4,3.4,3.4,21.9,25.54,25.64,25.63,25.64,0.53,0.0,1.0,0.0,53.0,0.0,0.0,20.5,0.0,53.0,0.0,0.0,20.4,1.0,1.0,1.0
2022-10-18 00:01:38,17.3,1.0,1.0,20.6,1.0,0.0,0.0,20.4,53.0,21.7,0.0,0.0,0.0,65.0,12.2,0.0,0.0,44.0,23.0,0.0,0.0,42.0,22.8,0.0,0.0,46.0,21.7,0.0,0.0,46.0,21.9,0.0,0.0,0.0,49.0,21.6,0.0,27.0,0.0,52.0,19.8,0.0,0.0,0.0,1.71,1.82,1.82,1.83,11.68,13.6,13.66,13.66,13.67,0.58,22.2,1.0,0.0,20.9,20.2,0.0,1.0,47.0,23.0,0.0,48.0,22.9,0.0,0.0,0.0,3.21,3.4,3.4,3.4,21.9,25.54,25.64,25.63,25.64,0.53,0.0,1.0,0.0,53.0,0.0,0.0,20.5,0.0,53.0,0.0,0.0,20.4,1.0,1.0,1.0
2022-10-18 00:01:39,17.3,1.0,1.0,20.6,1.0,0.0,0.0,20.4,53.0,21.7,0.0,0.0,0.0,65.0,12.2,0.0,0.0,44.0,23.0,0.0,0.0,42.0,22.8,0.0,0.0,46.0,21.7,0.0,0.0,46.0,21.9,0.0,0.0,0.0,49.0,21.6,0.0,27.0,0.0,52.0,19.8,0.0,0.0,0.0,1.71,1.82,1.82,1.83,11.68,13.6,13.66,13.66,13.67,0.58,22.2,1.0,0.0,20.9,20.2,0.0,1.0,47.0,23.0,0.0,48.0,22.9,0.0,0.0,0.0,3.21,3.4,3.4,3.4,21.9,25.54,25.64,25.63,25.64,0.53,0.0,1.0,0.0,53.0,0.0,0.0,20.5,0.0,53.0,0.0,0.0,20.4,1.0,1.0,1.0
2022-10-18 00:01:40,17.3,1.0,1.0,20.6,1.0,0.0,0.0,20.4,53.0,21.7,0.0,0.0,0.0,65.0,12.2,0.0,0.0,44.0,23.0,0.0,0.0,42.0,22.8,0.0,0.0,46.0,21.7,0.0,0.0,46.0,21.9,0.0,0.0,0.0,49.0,21.6,0.0,27.0,0.0,52.0,19.8,0.0,0.0,0.0,1.71,1.82,1.82,1.83,11.68,13.6,13.66,13.66,13.67,0.58,22.2,1.0,0.0,20.9,20.2,0.0,1.0,47.0,23.0,0.0,48.0,22.9,0.0,0.0,0.0,3.21,3.4,3.4,3.4,21.9,25.54,25.64,25.63,25.64,0.53,0.0,1.0,0.0,53.0,0.0,0.0,20.5,0.0,53.0,0.0,0.0,20.4,1.0,1.0,1.0
2022-10-18 00:01:41,17.3,1.0,1.0,20.6,1.0,0.0,0.0,20.4,53.0,21.7,0.0,0.0,0.0,65.0,12.2,0.0,0.0,44.0,23.0,0.0,0.0,42.0,22.8,0.0,0.0,46.0,21.7,0.0,0.0,46.0,21.9,0.0,0.0,0.0,49.0,21.6,0.0,27.0,0.0,52.0,19.8,0.0,0.0,0.0,1.71,1.82,1.82,1.83,11.68,13.6,13.66,13.66,13.67,0.58,22.2,1.0,0.0,20.9,20.2,0.0,1.0,47.0,23.0,0.0,48.0,22.9,0.0,0.0,0.0,3.21,3.4,3.4,3.4,21.9,25.54,25.64,25.63,25.64,0.53,0.0,1.0,0.0,53.0,0.0,0.0,20.5,0.0,53.0,0.0,0.0,20.4,1.0,1.0,1.0
2022-10-18 00:01:42,17.3,1.0,1.0,20.6,1.0,0.0,0.0,20.4,53.0,21.7,0.0,0.0,0.0,65.0,12.2,0.0,0.0,44.0,23.0,0.0,0.0,42.0,22.8,0.0,0.0,46.0,21.7,0.0,0.0,46.0,21.9,0.0,0.0,0.0,49.0,21.6,0.0,27.0,0.0,52.0,19.8,0.0,0.0,0.0,1.71,1.82,1.82,1.83,11.68,13.6,13.66,13.66,13.67,0.58,22.2,1.0,0.0,20.9,20.2,0.0,1.0,47.0,23.0,0.0,48.0,22.9,0.0,0.0,0.0,3.21,3.4,3.4,3.4,21.9,25.54,25.64,25.63,25.64,0.53,0.0,1.0,0.0,53.0,0.0,0.0,20.5,0.0,53.0,0.0,0.0,20.4,1.0,1.0,1.0
2022-10-18 00:01:43,17.3,1.0,1.0,20.6,1.0,0.0,0.0,20.4,53.0,21.7,0.0,0.0,0.0,65.0,12.2,0.0,0.0,44.0,23.0,0.0,0.0,42.0,22.8,0.0,0.0,46.0,21.7,0.0,0.0,46.0,21.9,0.0,0.0,0.0,49.0,21.6,0.0,27.0,0.0,52.0,19.8,0.0,0.0,0.0,1.71,1.82,1.82,1.83,11.68,13.6,13.66,13.66,13.67,0.58,22.2,1.0,0.0,20.9,20.2,0.0,1.0,47.0,23.0,0.0,48.0,22.9,0.0,0.0,0.0,3.21,3.4,3.4,3.4,21.9,25.54,25.64,25.63,25.64,0.53,0.0,1.0,0.0,53.0,0.0,0.0,20.5,0.0,53.0,0.0,0.0,20.4,1.0,1.0,1.0
2022-10-18 00:01:44,17.3,1.0,1.0,20.6,1.0,0.0,0.0,20.4,53.0,21.7,0.0,0.0,0.0,65.0,12.2,0.0,0.0,44.0,23.0,0.0,0.0,42.0,22.8,0.0,0.0,46.0,21.7,0.0,0.0,46.0,21.9,0.0,0.0,0.0,49.0,21.6,0.0,27.0,0.0,52.0,19.8,0.0,0.0,0.0,1.71,1.82,1.82,1.83,11.68,13.6,13.66,13.66,13.67,0.58,22.2,1.0,0.0,20.9,20.2,0.0,1.0,47.0,23.0,0.0,48.0,22.9,0.0,0.0,0.0,3.21,3.4,3.4,3.4,21.9,25.54,25.64,25.63,25.64,0.53,0.0,1.0,0.0,53.0,0.0,0.0,20.5,0.0,53.0,0.0,0.0,20.4,1.0,1.0,1.0
2022-10-18 00:01:45,17.3,1.0,1.0,20.6,1.0,0.0,0.0,20.4,53.0,21.7,0.0,0.0,0.0,65.0,12.2,0.0,0.0,44.0,23.0,0.0,0.0,42.0,22.8,0.0,0.0,46.0,21.7,0.0,0.0,46.0,21.9,0.0,0.0,0.0,49.0,21.6,0.0,27.0,0.0,52.0,19.8,0.0,0.0,0.0,1.71,1.82,1.82,1.83,11.68,13.6,13.66,13.66,13.67,0.58,22.2,1.0,0.0,20.9,20.2,0.0,1.0,47.0,23.0,0.0,48.0,22.9,0.0,0.0,0.0,3.21,3.4,3.4,3.4,21.9,25.54,25.64,25.63,25.64,0.53,0.0,1.0,0.0,53.0,0.0,0.0,20.5,0.0,53.0,0.0,0.0,20.4,1.0,1.0,1.0
2022-10-18 00:01:46,17.3,1.0,1.0,20.6,1.0,0.0,0.0,20.4,53.0,21.7,0.0,0.0,0.0,65.0,12.2,0.0,0.0,44.0,23.0,0.0,0.0,42.0,22.8,0.0,0.0,46.0,21.7,0.0,0.0,46.0,21.9,0.0,0.0,0.0,49.0,21.6,0.0,27.0,0.0,52.0,19.8,0.0,0.0,0.0,1.71,1.82,1.82,1.83,11.68,13.6,13.66,13.66,13.67,0.58,22.2,1.0,0.0,20.9,20.2,0.0,1.0,47.0,23.0,0.0,48.0,22.9,0.0,0.0,0.0,3.21,3.4,3.4,3.4,21.9,25.54,25.64,25.63,25.64,0.53,0.0,1.0,0.0,53.0,0.0,0.0,20.5,0.0,53.0,0.0,0.0,20.4,1.0,1.0,1.0
2022-10-18 00:01:47,17.3,1.0,1.0,20.6,1.0,0.0,0.0,20.4,53.0,21.7,0.0,0.0,0.0,65.0,12.2,0.0,0.0,44.0,23.0,0.0,0.0,42.0,22.8,0.0,0.0,46.0,21.7,0.0,0.0,46.0,21.9,0.0,0.0,0.0,49.0,21.6,0.0,27.0,0.0,52.0,19.8,0.0,0.0,0.0,1.71,1.82,1.82,1.83,11.68,13.6,13.66,13.66,13.67,0.58,22.2,1.0,0.0,20.9,20.2,0.0,1.0,47.0,23.0,0.0,48.0,22.9,0.0,0.0,0.0,3.21,3.4,3.4,3.4,21.9,25.54,25.64,25.63,25.64,0.53,0.0,1.0,0.0,53.0,0.0,0.0,20.5,0.0,53.0,0.0,0.0,20.4,1.0,1.0,1.0
2022-10-18 00:01:48,17.3,1.0,1.0,20.6,1.0,0.0,0.0,20.4,53.0,21.7,0.0,0.0,0.0,65.0,12.2,0.0,0.0,44.0,23.0,0.0,0.0,42.0,22.8,0.0,0.0,46.0,21.7,0.0,0.0,46.0,21.9,0.0,0.0,0.0,49.0,21.6,0.0,27.0,0.0,52.0,19.8,0.0,0.0,0.0,1.71,1.82,1.82,1.83,11.68,13.6,13.66,13.66,13.67,0.58,22.2,1.0,0.0,20.9,20.2,0.0,1.0,47.0,23.0,0.0,48.0,22.9,0.0,0.0,0.0,3.21,3.4,3.4,3.4,21.9,25.54,25.64,25.63,25.64,0.53,0.0,1.0,0.0,53.0,0.0,0.0,20.5,0.0,53.0,0.0,0.0,20.4,1.0,1.0,1.0
2022-10-18 00:01:49,17.3,1.0,1.0,20.6,1.0,0.0,0.0,20.4,53.0,21.7,0.0,0.0,0.0,65.0,12.2,0.0,0.0,44.0,23.0,0.0,0.0,42.0,22.8,0.0,0.0,46.0,21.7,0.0,0.0,46.0,21.9,0.0,0.0,0.0,49.0,21.6,0.0,27.0,0.0,52.0,19.8,0.0,0.0,0.0,1.71,1.82,1.82,1.83,11.68,13.6,13.66,13.66,13.67,0.58,22.2,1.0,0.0,20.9,20.2,0.0,1.0,47.0,23.0,0.0,48.0,22.9,0.0,0.0,0.0,3.21,3.4,3.4,3.4,21.9,25.54,25.64,25.63,25.64,0.53,0.0,1.0,0.0,53.0,0.0,0.0,20.5,0.0,53.0,0.0,0.0,20.4,1.0,1.0,1.0
2022-10-18 00:01:50,17.3,1.0,1.0,20.6,1.0,0.0,0.0,20.4,53.0,21.7,0.0,0.0,0.0,65.0,12.2,0.0,0.0,44.0,23.0,0.0,0.0,42.0,22.8,0.0,0.0,46.0,21.7,0.0,0.0,46.0,21.9,0.0,0.0,0.0,49.0,21.6,0.0,27.0,0.0,52.0,19.8,0.0,0.0,0.0,1.71,1.82,1.82,1.83,11.68,13.6,13.66,13.66,13.67,0.58,22.2,1.0,0.0,20.9,20.2,0.0,1.0,47.0,23.0,0.0,48.0,22.9,0.0,0.0,0.0,3.21,3.4,3.4,3.4,21.9,25.54,25.64,25.63,25.64,0.53,0.0,1.0,0.0,53.0,0.0,0.0,20.5,0.0,53.0,0.0,0.0,20.4,1.0,1.0,1.0
2022-10-18 00:01:51,17.3,1.0,1.0,20.6,1.0,0.0,0.0,20.4,53.0,21.7,0.0,0.0,0.0,65.0,12.2,0.0,0.0,44.0,23.0,0.0,0.0,42.0,22.8,0.0,0.0,46.0,21.7,0.0,0.0,46.0,21.9,0.0,0.0,0.0,49.0,21.6,0.0,27.0,0.0,52.0,19.8,0.0,0.0,0.0,1.71,1.82,1.82,1.83,11.68,13.6,13.66,13.66,13.67,0.58,22.2,1.0,0.0,20.9,20.2,0.0,1.0,47.0,23.0,0.0,48.0,22.9,0.0,0.0,0.0,3.21,3.4,3.4,3.4,21.9,25.54,25.64,25.63,25.64,0.53,0.0,1.0,0.0,53.0,0.0,0.0,20.5,0.0,53.0,0.0,0.0,20.4,1.0,1.0,1.0
2022-10-18 00:01:52,17.3,1.0,1.0,20.6,1.0,0.0,0.0,20.4,53.0,21.7,0.0,0.0,0.0,65.0,12.2,0.0,0.0,44.0,23.0,0.0,0.0,42.0,22.8,0.0,0.0,46.0,21.7,0.0,0.0,46.0,21.9,0.0,0.0,0.0,49.0,21.6,0.0,27.0,0.0,52.0,19.8,0.0,0.0,0.0,1.71,1.82,1.82,1.83,11.68,13.6,13.66,13.66,13.67,0.58,22.2,1.0,0.0,20.9,20.2,0.0,1.0,47.0,23.0,0.0,48.0,22.9,0.0,0.0,0.0,3.21,3.4,3.4,3.4,21.9,25.54,25.64,25.63,25.64,0.53,0.0,1.0,0.0,53.0,0.0,0.0,20.5,0.0,53.0,0.0,0.0,20.4,1.0,1.0,1.0
2022-10-18 00:01:53,17.3,1.0,1.0,20.6,1.0,0.0,0.0,20.4,53.0,21.7,0.0,0.0,0.0,65.0,12.2,0.0,0.0,44.0,23.0,0.0,0.0,42.0,22.8,0.0,0.0,46.0,21.7,0.0,0.0,46.0,21.9,0.0,0.0,0.0,49.0,21.6,0.0,27.0,0.0,52.0,19.8,0.0,0.0,0.0,1.71,1.82,1.82,1.83,11.68,13.6,13.66,13.66,13.67,0.58,22.2,1.0,0.0,20.9,20.2,0.0,1.0,47.0,23.0,0.0,48.0,22.9,0.0,0.0,0.0,3.21,3.4,3.4,3.4,21.9,25.54,25.64,25.63,25.64,0.53,0.0,1.0,0.0,53.0,0.0,0.0,20.5,0.0,53.0,0.0,0.0,20.4,1.0,1.0,1.0
2022-10-18 00:01:54,17.3,1.0,1.0,20.6,1.0,0.0,0.0,20.4,53.0,21.7,0.0,0.0,0.0,65.0,12.2,0.0,0.0,44.0,23.0,0.0,0.0,42.0,22.8,0.0,0.0,46.0,21.7,0.0,0.0,46.0,21.9,0.0,0.0,0.0,49.0,21.6,0.0,27.0,0.0,52.0,19.8,0.0,0.0,0.0,1.71,1.82,1.82,1.83,11.68,13.6,13.66,13.66,13.67,0.58,22.2,1.0,0.0,20.9,20.2,0.0,1.0,47.0,23.0,0.0,48.0,22.9,0.0,0.0,0.0,3.21,3.4,3.4,3.4,21.9,25.54,25.64,25.63,25.64,0.53,0.0,1.0,0.0,53.0,0.0,0.0,20.5,0.0,53.0,0.0,0.0,20.4,1.0,1.0,1.0
2022-10-18 00:01:55,17.3,1.0,1.0,20.6,1.0,0.0,0.0,20.4,53.0,21.7,0.0,0.0,0.0,65.0,12.2,0.0,0.0,44.0,23.0,0.0,0.0,42.0,22.8,0.0,0.0,46.0,21.7,0.0,0.0,46.0,21.9,0.0,0.0,0.0,49.0,21.6,0.0,27.0,0.0,52.0,19.8,0.0,0.0,0.0,1.71,1.82,1.82,1.83,11.68,13.6,13.66,13.66,13.67,0.58,22.2,1.0,0.0,20.9,20.2,0.0,1.0,47.0,23.0,0.0,48.0,22.9,0.0,0.0,0.0,3.21,3.4,3.4,3.4,21.9,25.54,25.64,25.63,25.64,0.53,0.0,1.0,0.0,53.0,0.0,0.0,20.5,0.0,53.0,0.0,0.0,20.4,1.0,1.0,1.0
2022-10-18 00:01:56,17.3,1.0,1.0,20.6,1.0,0.0,0.0,20.4,53.0,21.7,0.0,0.0,0.0,65.0,12.2,0.0,0.0,44.0,23.0,0.0,0.0,42.0,22.8,0.0,0.0,46.0,21.7,0.0,0.0,46.0,21.9,0.0,0.0,0.0,49.0,21.6,0.0,27.0,0.0,52.0,19.8,0.0,0.0,0.0,1.71,1.82,1.82,1.83,11.68,13.6,13.66,13.66,13.67,0.58,22.2,1.0,0.0,20.9,20.2,0.0,1.0,47.0,23.0,0.0,48.0,22.9,0.0,0.0,0.0,3.21,3.4,3.4,3.4,21.9,25.54,25.64,25.63,25.64,0.53,0.0,1.0,0.0,53.0,0.0,0.0,20.5,0.0,53.0,0.0,0.0,20.4,1.0,1.0,1.0
2022-10-18 00:01:57,17.3,1.0,1.0,20.6,1.0,0.0,0.0,20.4,53.0,21.7,0.0,0.0,0.0,65.0,12.2,0.0,0.0,44.0,23.0,0.0,0.0,42.0,22.8,0.0,0.0,46.0,21.7,0.0,0.0,46.0,21.9,0.0,0.0,0.0,49.0,21.6,0.0,27.0,0.0,52.0,19.8,0.0,0.0,0.0,1.71,1.82,1.82,1.83,11.68,13.6,13.66,13.66,13.67,0.58,22.2,1.0,0.0,20.9,20.2,0.0,1.0,47.0,23.0,0.0,48.0,22.9,0.0,0.0,0.0,3.21,3.4,3.4,3.4,21.9,25.54,25.64,25.63,25.64,0.53,0.0,1.0,0.0,53.0,0.0,0.0,20.5,0.0,53.0,0.0,0.0,20.4,1.0,1.0,1.0
2022-10-18 00:01:58,17.3,1.0,1.0,20.6,1.0,0.0,0.0,20.4,53.0,21.7,0.0,0.0,0.0,65.0,12.2,0.0,0.0,44.0,23.0,0.0,0.0,42.0,22.8,0.0,0.0,46.0,21.7,0.0,0.0,46.0,21.9,0.0,0.0,0.0,49.0,21.6,0.0,27.0,0.0,52.0,19.8,0.0,0.0,0.0,1.71,1.82,1.82,1.83,11.68,13.6,13.66,13.66,13.67,0.58,22.2,1.0,0.0,20.9,20.2,0.0,1.0,47.0,23.0,0.0,48.0,22.9,0.0,0.0,0.0,3.21,3.4,3.4,3.4,21.9,25.54,25.64,25.63,25.64,0.53,0.0,1.0,0.0,53.0,0.0,0.0,20.5,0.0,53.0,0.0,0.0,20.4,1.0,1.0,1.0
2022-10-18 00:01:59,17.3,1.0,1.0,20.6,1.0,0.0,0.0,20.4,53.0,21.7,0.0,0.0,0.0,65.0,12.2,0.0,0.0,44.0,23.0,0.0,0.0,42.0,22.8,0.0,0.0,46.0,21.7,0.0,0.0,46.0,21.9,0.0,0.0,0.0,49.0,21.6,0.0,27.0,0.0,52.0,19.8,0.0,0.0,0.0,1.71,1.82,1.82,1.83,11.68,13.6,13.66,13.66,13.67,0.58,22.2,1.0,0.0,20.9,20.2,0.0,1.0,47.0,23.0,0.0,48.0,22.9,0.0,0.0,0.0,3.21,3.4,3.4,3.4,21.9,25.54,25.64,25.63,25.64,0.53,0.0,1.0,0.0,53.0,0.0,0.0,20.5,0.0,53.0,0.0,0.0,20.4,1.0,1.0,1.0
2022-10-18 00:02:00,17.3,1.0,1.0,20.6,1.0,0.0,0.0,20.4,53.0,21.7,0.0,0.0,0.0,65.0,12.2,0.0,0.0,44.0,23.0,0.0,0.0,42.0,22.8,0.0,0.0,46.0,21.7,0.0,0.0,46.0,21.9,0.0,0.0,0.0,49.0,21.6,0.0,27.0,0.0,52.0,19.8,0.0,0.0,0.0,1.71,1.82,1.82,1.83,11.68,13.6,13.66,13.66,13.67,0.58,22.2,1.0,0.0,20.9,20.2,0.0,1.0,47.0,23.0,0.0,48.0,22.9,0.0,0.0,0.0,3.21,3.4,3.4,3.4,21.9,25.54,25.64,25.63,25.64,0.53,0.0,1.0,0.0,53.0,0.0,0.0,20.5,0.0,53.0,0.0,0.0,20.4,1.0,1.0,1.0
2022-10-18 00:02:01,17.3,1.0,1.0,20.6,1.0,0.0,0.0,20.4,53.0,21.7,0.0,0.0,0.0,65.0,12.2,0.0,0.0,44.0,23.0,0.0,0.0,42.0,22.8,0.0,0.0,46.0,21.7,0.0,0.0,46.0,21.9,0.0,0.0,0.0,49.0,21.6,0.0,27.0,0.0,52.0,19.8,0.0,0.0,0.0,1.71,1.82,1.82,1.83,11.68,13.6,13.66,13.66,13.67,0.58,22.2,1.0,0.0,20.9,20.2,0.0,1.0,47.0,23.0,0.0,48.0,22.9,0.0,0.0,0.0,3.21,3.4,3.4,3.4,21.9,25.54,25.64,25.63,25.64,0.53,0.0,1.0,0.0,53.0,0.0,0.0,20.5,0.0,53.0,0.0,0.0,20.4,1.0,1.0,1.0
2022-10-18 00:02:02,17.3,1.0,1.0,20.6,1.0,0.0,0.0,20.4,53.0,21.7,0.0,0.0,0.0,65.0,12.2,0.0,0.0,44.0,23.0,0.0,0.0,42.0,22.8,0.0,0.0,46.0,21.7,0.0,0.0,46.0,21.9,0.0,0.0,0.0,49.0,21.6,0.0,27.0,0.0,52.0,19.8,0.0,0.0,0.0,1.71,1.82,1.82,1.83,11.68,13.6,13.66,13.66,13.67,0.58,22.2,1.0,0.0,20.9,20.2,0.0,1.0,47.0,23.0,0.0,48.0,22.9,0.0,0.0,0.0,3.21,3.4,3.4,3.4,21.9,25.54,25.64,25.63,25.64,0.53,0.0,1.0,0.0,53.0,0.0,0.0,20.5,0.0,53.0,0.0,0.0,20.4,1.0,1.0,1.0
2022-10-18 00:02:03,17.3,1.0,1.0,20.6,1.0,0.0,0.0,20.4,53.0,21.7,0.0,0.0,0.0,65.0,12.2,0.0,0.0,44.0,23.0,0.0,0.0,42.0,22.8,0.0,0.0,46.0,21.7,0.0,0.0,46.0,21.9,0.0,0.0,0.0,49.0,21.6,0.0,27.0,0.0,52.0,19.8,0.0,0.0,0.0,1.71,1.82,1.82,1.83,11.68,13.6,13.66,13.66,13.67,0.58,22.2,1.0,0.0,20.9,20.2,0.0,1.0,47.0,23.0,0.0,48.0,22.9,0.0,0.0,0.0,3.21,3.4,3.4,3.4,21.9,25.54,25.64,25.63,25.64,0.53,0.0,1.0,0.0,53.0,0.0,0.0,20.5,0.0,53.0,0.0,0.0,20.4,1.0,1.0,1.0
2022-10-18 00:02:04,17.3,1.0,1.0,20.6,1.0,0.0,0.0,20.4,53.0,21.7,0.0,0.0,0.0,65.0,12.2,0.0,0.0,44.0,23.0,0.0,0.0,42.0,22.8,0.0,0.0,46.0,21.7,0.0,0.0,46.0,21.9,0.0,0.0,0.0,49.0,21.6,0.0,27.0,0.0,52.0,19.8,0.0,0.0,0.0,1.71,1.82,1.82,1.83,11.68,13.6,13.66,13.66,13.67,0.58,22.2,1.0,0.0,20.9,20.2,0.0,1.0,47.0,23.0,0.0,48.0,22.9,0.0,0.0,0.0,3.21,3.4,3.4,3.4,21.9,25.54,25.64,25.63,25.64,0.53,0.0,1.0,0.0,53.0,0.0,0.0,20.5,0.0,53.0,0.0,0.0,20.4,1.0,1.0,1.0
2022-10-18 00:02:05,17.3,1.0,1.0,20.6,1.0,0.0,0.0,20.4,53.0,21.7,0.0,0.0,0.0,65.0,12.2,0.0,0.0,44.0,23.0,0.0,0.0,42.0,22.8,0.0,0.0,46.0,21.7,0.0,0.0,46.0,21.9,0.0,0.0,0.0,49.0,21.6,0.0,27.0,0.0,52.0,19.8,0.0,0.0,0.0,1.71,1.82,1.82,1.83,11.68,13.6,13.66,13.66,13.67,0.58,22.2,1.0,0.0,20.9,20.2,0.0,1.0,47.0,23.0,0.0,48.0,22.9,0.0,0.0,0.0,3.21,3.4,3.4,3.4,21.9,25.54,25.64,25.63,25.64,0.53,0.0,1.0,0.0,53.0,0.0,0.0,20.5,0.0,53.0,0.0,0.0,20.4,1.0,1.0,1.0
2022-10-18 00:02:06,17.3,1.0,1.0,20.6,1.0,0.0,0.0,20.4,53.0,21.7,0.0,0.0,0.0,65.0,12.2,0.0,0.0,44.0,23.0,0.0,0.0,42.0,22.8,0.0,0.0,46.0,21.7,0.0,0.0,46.0,21.9,0.0,0.0,0.0,49.0,21.6,0.0,27.0,0.0,52.0,19.8,0.0,0.0,0.0,1.71,1.82,1.82,1.83,11.68,13.6,13.66,13.66,13.67,0.58,22.2,1.0,0.0,20.9,20.2,0.0,1.0,47.0,23.0,0.0,48.0,22.9,0.0,0.0,0.0,3.21,3.4,3.4,3.4,21.9,25.54,25.64,25.63,25.64,0.53,0.0,1.0,0.0,53.0,0.0,0.0,20.5,0.0,53.0,0.0,0.0,20.4,1.0,1.0,1.0
2022-10-18 00:02:07,17.3,1.0,1.0,20.6,1.0,0.0,0.0,20.4,53.0,21.7,0.0,0.0,0.0,65.0,12.2,0.0,0.0,44.0,23.0,0.0,0.0,42.0,22.8,0.0,0.0,46.0,21.7,0.0,0.0,46.0,21.9,0.0,0.0,0.0,49.0,21.6,0.0,27.0,0.0,52.0,19.8,0.0,0.0,0.0,1.71,1.82,1.82,1.83,11.68,13.6,13.66,13.66,13.67,0.58,22.2,1.0,0.0,20.9,20.2,0.0,1.0,47.0,23.0,0.0,48.0,22.9,0.0,0.0,0.0,3.21,3.4,3.4,3.4,21.9,25.54,25.64,25.63,25.64,0.53,0.0,1.0,0.0,53.0,0.0,0.0,20.5,0.0,53.0,0.0,0.0,20.4,1.0,1.0,1.0
2022-10-18 00:02:08,17.3,1.0,1.0,20.6,1.0,0.0,0.0,20.4,53.0,21.7,0.0,0.0,0.0,65.0,12.2,0.0,0.0,44.0,23.0,0.0,0.0,42.0,22.8,0.0,0.0,46.0,21.7,0.0,0.0,46.0,21.9,0.0,0.0,0.0,49.0,21.6,0.0,27.0,0.0,52.0,19.8,0.0,0.0,0.0,1.71,1.82,1.82,1.83,11.68,13.6,13.66,13.66,13.67,0.58,22.2,1.0,0.0,20.9,20.2,0.0,1.0,47.0,23.0,0.0,48.0,22.9,0.0,0.0,0.0,3.21,3.4,3.4,3.4,21.9,25.54,25.64,25.63,25.64,0.53,0.0,1.0,0.0,53.0,0.0,0.0,20.5,0.0,53.0,0.0,0.0,20.4,1.0,1.0,1.0
2022-10-18 00:02:09,17.3,1.0,1.0,20.6,1.0,0.0,0.0,20.4,53.0,21.7,0.0,0.0,0.0,65.0,12.2,0.0,0.0,44.0,23.0,0.0,0.0,42.0,22.8,0.0,0.0,46.0,21.7,0.0,0.0,46.0,21.9,0.0,0.0,0.0,49.0,21.6,0.0,27.0,0.0,52.0,19.8,0.0,0.0,0.0,1.71,1.82,1.82,1.83,11.68,13.6,13.66,13.66,13.67,0.58,22.2,1.0,0.0,20.9,20.2,0.0,1.0,47.0,23.0,0.0,48.0,22.9,0.0,0.0,0.0,3.21,3.4,3.4,3.4,21.9,25.54,25.64,25.63,25.64,0.53,0.0,1.0,0.0,53.0,0.0,0.0,20.5,0.0,53.0,0.0,0.0,20.4,1.0,1.0,1.0
2022-10-18 00:02:10,17.3,1.0,1.0,20.6,1.0,0.0,0.0,20.4,53.0,21.7,0.0,0.0,0.0,65.0,12.2,0.0,0.0,44.0,23.0,0.0,0.0,42.0,22.8,0.0,0.0,46.0,21.7,0.0,0.0,46.0,21.9,0.0,0.0,0.0,49.0,21.6,0.0,27.0,0.0,52.0,19.8,0.0,0.0,0.0,1.71,1.82,1.82,1.83,11.68,13.6,13.66,13.66,13.67,0.58,22.2,1.0,0.0,20.9,20.2,0.0,1.0,47.0,23.0,0.0,48.0,22.9,0.0,0.0,0.0,3.21,3.4,3.4,3.4,21.9,25.54,25.64,25.63,25.64,0.53,0.0,1.0,0.0,53.0,0.0,0.0,20.5,0.0,53.0,0.0,0.0,20.4,1.0,1.0,1.0
2022-10-18 00:02:11,17.3,1.0,1.0,20.6,1.0,0.0,0.0,20.4,53.0,21.7,0.0,0.0,0.0,65.0,12.2,0.0,0.0,44.0,23.0,0.0,0.0,42.0,22.8,0.0,0.0,46.0,21.7,0.0,0.0,46.0,21.9,0.0,0.0,0.0,49.0,21.6,0.0,27.0,0.0,52.0,19.8,0.0,0.0,0.0,1.71,1.82,1.82,1.83,11.68,13.6,13.66,13.66,13.67,0.58,22.2,1.0,0.0,20.9,20.2,0.0,1.0,47.0,23.0,0.0,48.0,22.9,0.0,0.0,0.0,3.21,3.4,3.4,3.4,21.9,25.54,25.64,25.63,25.64,0.53,0.0,1.0,0.0,53.0,0.0,0.0,20.5,0.0,53.0,0.0,0.0,20.4,1.0,1.0,1.0
2022-10-18 00:02:12,17.3,1.0,1.0,20.6,1.0,0.0,0.0,20.4,53.0,21.7,0.0,0.0,0.0,65.0,12.2,0.0,0.0,44.0,23.0,0.0,0.0,42.0,22.8,0.0,0.0,46.0,21.7,0.0,0.0,46.0,21.9,0.0,0.0,0.0,49.0,21.6,0.0,27.0,0.0,52.0,19.8,0.0,0.0,0.0,1.71,1.82,1.82,1.83,11.68,13.6,13.66,13.66,13.67,0.58,22.2,1.0,0.0,20.9,20.2,0.0,1.0,47.0,23.0,0.0,48.0,22.9,0.0,0.0,0.0,3.21,3.4,3.4,3.4,21.9,25.54,25.64,25.63,25.64,0.53,0.0,1.0,0.0,53.0,0.0,0.0,20.5,0.0,53.0,0.0,0.0,20.4,1.0,1.0,1.0
2022-10-18 00:02:13,17.3,1.0,1.0,20.6,1.0,0.0,0.0,20.4,53.0,21.7,0.0,0.0,0.0,65.0,12.2,0.0,0.0,44.0,23.0,0.0,0.0,42.0,22.8,0.0,0.0,46.0,21.7,0.0,0.0,46.0,21.9,0.0,0.0,0.0,49.0,21.6,0.0,27.0,0.0,52.0,19.8,0.0,0.0,0.0,1.71,1.82,1.82,1.83,11.68,13.6,13.66,13.66,13.67,0.58,22.2,1.0,0.0,20.9,20.2,0.0,1.0,47.0,23.0,0.0,48.0,22.9,0.0,0.0,0.0,3.21,3.4,3.4,3.4,21.9,25.54,25.64,25.63,25.64,0.53,0.0,1.0,0.0,53.0,0.0,0.0,20.5,0.0,53.0,0.0,0.0,20.4,1.0,1.0,1.0
2022-10-18 00:02:14,17.3,1.0,1.0,20.6,1.0,0.0,0.0,20.4,53.0,21.7,0.0,0.0,0.0,65.0,12.2,0.0,0.0,44.0,23.0,0.0,0.0,42.0,22.8,0.0,0.0,46.0,21.7,0.0,0.0,46.0,21.9,0.0,0.0,0.0,49.0,21.6,0.0,27.0,0.0,52.0,19.8,0.0,0.0,0.0,1.71,1.82,1.82,1.83,11.68,13.6,13.66,13.66,13.67,0.58,22.2,1.0,0.0,20.9,20.2,0.0,1.0,47.0,23.0,0.0,48.0,22.9,0.0,0.0,0.0,3.21,3.4,3.4,3.4,21.9,25.54,25.64,25.63,25.64,0.53,0.0,1.0,0.0,53.0,0.0,0.0,20.5,0.0,53.0,0.0,0.0,20.4,1.0,1.0,1.0
2022-10-18 00:02:15,17.3,1.0,1.0,20.6,1.0,0.0,0.0,20.4,53.0,21.7,0.0,0.0,0.0,65.0,12.2,0.0,0.0,44.0,23.0,0.0,0.0,42.0,22.8,0.0,0.0,46.0,21.7,0.0,0.0,46.0,21.9,0.0,0.0,0.0,49.0,21.6,0.0,27.0,0.0,52.0,19.8,0.0,0.0,0.0,1.71,1.82,1.82,1.83,11.68,13.6,13.66,13.66,13.67,0.58,22.2,1.0,0.0,20.9,20.2,0.0,1.0,47.0,23.0,0.0,48.0,22.9,0.0,0.0,0.0,3.21,3.4,3.4,3.4,21.9,25.54,25.64,25.63,25.64,0.53,0.0,1.0,0.0,53.0,0.0,0.0,20.5,0.0,53.0,0.0,0.0,20.4,1.0,1.0,1.0
2022-10-18 00:02:16,17.3,1.0,1.0,20.6,1.0,0.0,0.0,20.4,53.0,21.7,0.0,0.0,0.0,65.0,12.2,0.0,0.0,44.0,23.0,0.0,0.0,42.0,22.8,0.0,0.0,46.0,21.7,0.0,0.0,46.0,21.9,0.0,0.0,0.0,49.0,21.6,0.0,27.0,0.0,52.0,19.8,0.0,0.0,0.0,1.71,1.82,1.82,1.83,11.68,13.6,13.66,13.66,13.67,0.58,22.2,1.0,0.0,20.9,20.2,0.0,1.0,47.0,23.0,0.0,48.0,22.9,0.0,0.0,0.0,3.21,3.4,3.4,3.4,21.9,25.54,25.64,25.63,25.64,0.53,0.0,1.0,0.0,53.0,0.0,0.0,20.5,0.0,53.0,0.0,0.0,20.4,1.0,1.0,1.0
2022-10-18 00:02:17,17.3,1.0,1.0,20.6,1.0,0.0,0.0,20.4,53.0,21.7,0.0,0.0,0.0,65.0,12.2,0.0,0.0,44.0,23.0,0.0,0.0,42.0,22.8,0.0,0.0,46.0,21.7,0.0,0.0,46.0,21.9,0.0,0.0,0.0,49.0,21.6,0.0,27.0,0.0,52.0,19.8,0.0,0.0,0.0,1.71,1.82,1.82,1.83,11.68,13.6,13.66,13.66,13.67,0.58,22.2,1.0,0.0,20.9,20.2,0.0,1.0,47.0,23.0,0.0,48.0,22.9,0.0,0.0,0.0,3.21,3.4,3.4,3.4,21.9,25.54,25.64,25.63,25.64,0.53,0.0,1.0,0.0,53.0,0.0,0.0,20.5,0.0,53.0,0.0,0.0,20.4,1.0,1.0,1.0
2022-10-18 00:02:18,17.3,1.0,1.0,20.6,1.0,0.0,0.0,20.4,53.0,21.7,0.0,0.0,0.0,65.0,12.2,0.0,0.0,44.0,23.0,0.0,0.0,42.0,22.8,0.0,0.0,46.0,21.7,0.0,0.0,46.0,21.9,0.0,0.0,0.0,49.0,21.6,0.0,27.0,0.0,52.0,19.8,0.0,0.0,0.0,1.71,1.82,1.82,1.83,11.68,13.6,13.66,13.66,13.67,0.58,22.2,1.0,0.0,20.9,20.2,0.0,1.0,47.0,23.0,0.0,48.0,22.9,0.0,0.0,0.0,3.21,3.4,3.4,3.4,21.9,25.54,25.64,25.63,25.64,0.53,0.0,1.0,0.0,53.0,0.0,0.0,20.5,0.0,53.0,0.0,0.0,20.4,1.0,1.0,1.0
2022-10-18 00:02:19,17.3,1.0,1.0,20.6,1.0,0.0,0.0,20.4,53.0,21.7,0.0,0.0,0.0,65.0,12.2,0.0,0.0,44.0,23.0,0.0,0.0,42.0,22.8,0.0,0.0,46.0,21.7,0.0,0.0,46.0,21.9,0.0,0.0,0.0,49.0,21.6,0.0,27.0,0.0,52.0,19.8,0.0,0.0,0.0,1.71,1.82,1.82,1.83,11.68,13.6,13.66,13.66,13.67,0.58,22.2,1.0,0.0,20.9,20.2,0.0,1.0,47.0,23.0,0.0,48.0,22.9,0.0,0.0,0.0,3.21,3.4,3.4,3.4,21.9,25.54,25.64,25.63,25.64,0.53,0.0,1.0,0.0,53.0,0.0,0.0,20.5,0.0,53.0,0.0,0.0,20.4,1.0,1.0,1.0
2022-10-18 00:02:20,17.3,1.0,1.0,20.6,1.0,0.0,0.0,20.4,53.0,21.7,0.0,0.0,0.0,65.0,12.2,0.0,0.0,44.0,23.0,0.0,0.0,42.0,22.8,0.0,0.0,46.0,21.7,0.0,0.0,46.0,21.9,0.0,0.0,0.0,49.0,21.6,0.0,27.0,0.0,52.0,19.8,0.0,0.0,0.0,1.71,1.82,1.82,1.83,11.68,13.6,13.66,13.66,13.67,0.58,22.2,1.0,0.0,20.9,20.2,0.0,1.0,47.0,23.0,0.0,48.0,22.9,0.0,0.0,0.0,3.21,3.4,3.4,3.4,21.9,25.54,25.64,25.63,25.64,0.53,0.0,1.0,0.0,53.0,0.0,0.0,20.5,0.0,53.0,0.0,0.0,20.4,1.0,1.0,1.0
2022-10-18 00:02:21,17.3,1.0,1.0,20.6,1.0,0.0,0.0,20.4,53.0,21.7,0.0,0.0,0.0,65.0,12.2,0.0,0.0,44.0,23.0,0.0,0.0,42.0,22.8,0.0,0.0,46.0,21.7,0.0,0.0,46.0,21.9,0.0,0.0,0.0,49.0,21.6,0.0,27.0,0.0,52.0,19.8,0.0,0.0,0.0,1.71,1.82,1.82,1.83,11.68,13.6,13.66,13.66,13.67,0.58,22.2,1.0,0.0,20.9,20.2,0.0,1.0,47.0,23.0,0.0,48.0,22.9,0.0,0.0,0.0,3.21,3.4,3.4,3.4,21.9,25.54,25.64,25.63,25.64,0.53,0.0,1.0,0.0,53.0,0.0,0.0,20.5,0.0,53.0,0.0,0.0,20.4,1.0,1.0,1.0
2022-10-18 00:02:22,17.3,1.0,1.0,20.6,1.0,0.0,0.0,20.4,53.0,21.7,0.0,0.0,0.0,65.0,12.2,0.0,0.0,44.0,23.0,0.0,0.0,42.0,22.8,0.0,0.0,46.0,21.7,0.0,0.0,46.0,21.9,0.0,0.0,0.0,49.0,21.6,0.0,27.0,0.0,52.0,19.8,0.0,0.0,0.0,1.71,1.82,1.82,1.83,11.68,13.6,13.66,13.66,13.67,0.58,22.2,1.0,0.0,20.9,20.2,0.0,1.0,47.0,23.0,0.0,48.0,22.9,0.0,0.0,0.0,3.21,3.4,3.4,3.4,21.9,25.54,25.64,25.63,25.64,0.53,0.0,1.0,0.0,53.0,0.0,0.0,20.5,0.0,53.0,0.0,0.0,20.4,1.0,1.0,1.0
2022-10-18 00:02:23,17.3,1.0,1.0,20.6,1.0,0.0,0.0,20.4,53.0,21.7,0.0,0.0,0.0,65.0,12.2,0.0,0.0,44.0,23.0,0.0,0.0,42.0,22.8,0.0,0.0,46.0,21.7,0.0,0.0,46.0,21.9,0.0,0.0,0.0,49.0,21.6,0.0,27.0,0.0,52.0,19.8,0.0,0.0,0.0,1.71,1.82,1.82,1.83,11.68,13.6,13.66,13.66,13.67,0.58,22.2,1.0,0.0,20.9,20.2,0.0,1.0,47.0,23.0,0.0,48.0,22.9,0.0,0.0,0.0,3.21,3.4,3.4,3.4,21.9,25.54,25.64,25.63,25.64,0.53,0.0,1.0,0.0,53.0,0.0,0.0,20.5,0.0,53.0,0.0,0.0,20.4,1.0,1.0,1.0
2022-10-18 00:02:24,17.3,1.0,1.0,20.6,1.0,0.0,0.0,20.4,53.0,21.7,0.0,0.0,0.0,65.0,12.2,0.0,0.0,44.0,23.0,0.0,0.0,42.0,22.8,0.0,0.0,46.0,21.7,0.0,0.0,46.0,21.9,0.0,0.0,0.0,49.0,21.6,0.0,27.0,0.0,52.0,19.8,0.0,0.0,0.0,1.71,1.82,1.82,1.83,11.68,13.6,13.66,13.66,13.67,0.58,22.2,1.0,0.0,20.9,20.2,0.0,1.0,47.0,23.0,0.0,48.0,22.9,0.0,0.0,0.0,3.21,3.4,3.4,3.4,21.9,25.54,25.64,25.63,25.64,0.53,0.0,1.0,0.0,53.0,0.0,0.0,20.5,0.0,53.0,0.0,0.0,20.4,1.0,1.0,1.0
2022-10-18 00:02:25,17.3,1.0,1.0,20.6,1.0,0.0,0.0,20.4,53.0,21.7,0.0,0.0,0.0,65.0,12.2,0.0,0.0,44.0,23.0,0.0,0.0,42.0,22.8,0.0,0.0,46.0,21.7,0.0,0.0,46.0,21.9,0.0,0.0,0.0,49.0,21.6,0.0,27.0,0.0,52.0,19.8,0.0,0.0,0.0,1.71,1.82,1.82,1.83,11.68,13.6,13.66,13.66,13.67,0.58,22.2,1.0,0.0,20.9,20.2,0.0,1.0,47.0,23.0,0.0,48.0,22.9,0.0,0.0,0.0,3.21,3.4,3.4,3.4,21.9,25.54,25.64,25.63,25.64,0.53,0.0,1.0,0.0,53.0,0.0,0.0,20.5,0.0,53.0,0.0,0.0,20.4,1.0,1.0,1.0
2022-10-18 00:02:26,17.3,1.0,1.0,20.6,1.0,0.0,0.0,20.4,53.0,21.7,0.0,0.0,0.0,65.0,12.2,0.0,0.0,44.0,23.0,0.0,0.0,42.0,22.8,0.0,0.0,46.0,21.7,0.0,0.0,46.0,21.9,0.0,0.0,0.0,49.0,21.6,0.0,27.0,0.0,52.0,19.8,0.0,0.0,0.0,1.71,1.82,1.82,1.83,11.68,13.6,13.66,13.66,13.67,0.58,22.2,1.0,0.0,20.9,20.2,0.0,1.0,47.0,23.0,0.0,48.0,22.9,0.0,0.0,0.0,3.21,3.4,3.4,3.4,21.9,25.54,25.64,25.63,25.64,0.53,0.0,1.0,0.0,53.0,0.0,0.0,20.5,0.0,53.0,0.0,0.0,20.4,1.0,1.0,1.0
2022-10-18 00:02:27,17.3,1.0,1.0,20.6,1.0,0.0,0.0,20.4,53.0,21.7,0.0,0.0,0.0,65.0,12.2,0.0,0.0,44.0,23.0,0.0,0.0,42.0,22.8,0.0,0.0,46.0,21.7,0.0,0.0,46.0,21.9,0.0,0.0,0.0,49.0,21.6,0.0,27.0,0.0,52.0,19.8,0.0,0.0,0.0,1.71,1.82,1.82,1.83,11.68,13.6,13.66,13.66,13.67,0.58,22.2,1.0,0.0,20.9,20.2,0.0,1.0,47.0,23.0,0.0,48.0,22.9,0.0,0.0,0.0,3.21,3.4,3.4,3.4,21.9,25.54,25.64,25.63,25.64,0.53,0.0,1.0,0.0,53.0,0.0,0.0,20.5,0.0,53.0,0.0,0.0,20.4,1.0,1.0,1.0
2022-10-18 00:02:28,17.3,1.0,1.0,20.6,1.0,0.0,0.0,20.4,53.0,21.7,0.0,0.0,0.0,65.0,12.2,0.0,0.0,44.0,23.0,0.0,0.0,42.0,22.8,0.0,0.0,46.0,21.7,0.0,0.0,46.0,21.9,0.0,0.0,0.0,49.0,21.6,0.0,27.0,0.0,52.0,19.8,0.0,0.0,0.0,1.71,1.82,1.82,1.83,11.68,13.6,13.66,13.66,13.67,0.58,22.2,1.0,0.0,20.9,20.2,0.0,1.0,47.0,23.0,0.0,48.0,22.9,0.0,0.0,0.0,3.21,3.4,3.4,3.4,21.9,25.54,25.64,25.63,25.64,0.53,0.0,1.0,0.0,53.0,0.0,0.0,20.5,0.0,53.0,0.0,0.0,20.4,1.0,1.0,1.0
2022-10-18 00:02:29,17.3,1.0,1.0,20.6,1.0,0.0,0.0,20.4,53.0,21.7,0.0,0.0,0.0,65.0,12.2,0.0,0.0,44.0,23.0,0.0,0.0,42.0,22.8,0.0,0.0,46.0,21.7,0.0,0.0,46.0,21.9,0.0,0.0,0.0,49.0,21.6,0.0,27.0,0.0,52.0,19.8,0.0,0.0,0.0,1.71,1.82,1.82,1.83,11.68,13.6,13.66,13.66,13.67,0.58,22.2,1.0,0.0,20.9,20.2,0.0,1.0,47.0,23.0,0.0,48.0,22.9,0.0,0.0,0.0,3.21,3.4,3.4,3.4,21.9,25.54,25.64,25.63,25.64,0.53,0.0,1.0,0.0,53.0,0.0,0.0,20.5,0.0,53.0,0.0,0.0,20.4,1.0,1.0,1.0
2022-10-18 00:02:30,17.3,1.0,1.0,20.6,1.0,0.0,0.0,20.4,53.0,21.7,0.0,0.0,0.0,65.0,12.2,0.0,0.0,44.0,23.0,0.0,0.0,42.0,22.8,0.0,0.0,46.0,21.7,0.0,0.0,46.0,21.9,0.0,0.0,0.0,49.0,21.6,0.0,27.0,0.0,52.0,19.8,0.0,0.0,0.0,1.71,1.82,1.82,1.83,11.68,13.6,13.66,13.66,13.67,0.58,22.2,1.0,0.0,20.9,20.2,0.0,1.0,47.0,23.0,0.0,48.0,22.9,0.0,0.0,0.0,3.21,3.4,3.4,3.4,21.9,25.54,25.64,25.63,25.64,0.53,0.0,1.0,0.0,53.0,0.0,0.0,20.5,0.0,53.0,0.0,0.0,20.4,1.0,1.0,1.0
2022-10-18 00:02:31,17.3,1.0,1.0,20.6,1.0,0.0,0.0,20.4,53.0,21.7,0.0,0.0,0.0,65.0,12.2,0.0,0.0,44.0,23.0,0.0,0.0,42.0,22.8,0.0,0.0,46.0,21.7,0.0,0.0,46.0,21.9,0.0,0.0,0.0,49.0,21.6,0.0,27.0,0.0,52.0,19.8,0.0,0.0,0.0,1.71,1.82,1.82,1.83,11.68,13.6,13.66,13.66,13.67,0.58,22.2,1.0,0.0,20.9,20.2,0.0,1.0,47.0,23.0,0.0,48.0,22.9,0.0,0.0,0.0,3.21,3.4,3.4,3.4,21.9,25.54,25.64,25.63,25.64,0.53,0.0,1.0,0.0,53.0,0.0,0.0,20.5,0.0,53.0,0.0,0.0,20.4,1.0,1.0,1.0
2022-10-18 00:02:32,17.3,1.0,1.0,20.6,1.0,0.0,0.0,20.4,53.0,21.7,0.0,0.0,0.0,65.0,12.2,0.0,0.0,44.0,23.0,0.0,0.0,42.0,22.8,0.0,0.0,46.0,21.7,0.0,0.0,46.0,21.9,0.0,0.0,0.0,49.0,21.6,0.0,27.0,0.0,52.0,19.8,0.0,0.0,0.0,1.71,1.82,1.82,1.83,11.68,13.6,13.66,13.66,13.67,0.58,22.2,1.0,0.0,20.9,20.2,0.0,1.0,47.0,23.0,0.0,48.0,22.9,0.0,0.0,0.0,3.21,3.4,3.4,3.4,21.9,25.54,25.64,25.63,25.64,0.53,0.0,1.0,0.0,53.0,0.0,0.0,20.5,0.0,53.0,0.0,0.0,20.4,1.0,1.0,1.0
2022-10-18 00:02:33,17.3,1.0,1.0,20.6,1.0,0.0,0.0,20.4,53.0,21.7,0.0,0.0,0.0,65.0,12.2,0.0,0.0,44.0,23.0,0.0,0.0,42.0,22.8,0.0,0.0,46.0,21.7,0.0,0.0,46.0,21.9,0.0,0.0,0.0,49.0,21.6,0.0,27.0,0.0,52.0,19.8,0.0,0.0,0.0,1.71,1.82,1.82,1.83,11.68,13.6,13.66,13.66,13.67,0.58,22.2,1.0,0.0,20.9,20.2,0.0,1.0,47.0,23.0,0.0,48.0,22.9,0.0,0.0,0.0,3.21,3.4,3.4,3.4,21.9,25.54,25.64,25.63,25.64,0.53,0.0,1.0,0.0,53.0,0.0,0.0,20.5,0.0,53.0,0.0,0.0,20.4,1.0,1.0,1.0
2022-10-18 00:02:34,17.3,1.0,1.0,20.6,1.0,0.0,0.0,20.4,53.0,21.7,0.0,0.0,0.0,65.0,12.2,0.0,0.0,44.0,23.0,0.0,0.0,42.0,22.8,0.0,0.0,46.0,21.7,0.0,0.0,46.0,21.9,0.0,0.0,0.0,49.0,21.6,0.0,27.0,0.0,52.0,19.8,0.0,0.0,0.0,1.71,1.82,1.82,1.83,11.68,13.6,13.66,13.66,13.67,0.58,22.2,1.0,0.0,20.9,20.2,0.0,1.0,47.0,23.0,0.0,48.0,22.9,0.0,0.0,0.0,3.21,3.4,3.4,3.4,21.9,25.54,25.64,25.63,25.64,0.53,0.0,1.0,0.0,53.0,0.0,0.0,20.5,0.0,53.0,0.0,0.0,20.4,1.0,1.0,1.0
2022-10-18 00:02:35,17.3,1.0,1.0,20.6,1.0,0.0,0.0,20.4,53.0,21.7,0.0,0.0,0.0,65.0,12.2,0.0,0.0,44.0,23.0,0.0,0.0,42.0,22.8,0.0,0.0,46.0,21.7,0.0,0.0,46.0,21.9,0.0,0.0,0.0,49.0,21.6,0.0,27.0,0.0,52.0,19.8,0.0,0.0,0.0,1.71,1.82,1.82,1.83,11.68,13.6,13.66,13.66,13.67,0.58,22.2,1.0,0.0,20.9,20.2,0.0,1.0,47.0,23.0,0.0,48.0,22.9,0.0,0.0,0.0,3.21,3.4,3.4,3.4,21.9,25.54,25.64,25.63,25.64,0.53,0.0,1.0,0.0,53.0,0.0,0.0,20.5,0.0,53.0,0.0,0.0,20.4,1.0,1.0,1.0
2022-10-18 00:02:36,17.3,1.0,1.0,20.6,1.0,0.0,0.0,20.4,53.0,21.7,0.0,0.0,0.0,65.0,12.2,0.0,0.0,44.0,23.0,0.0,0.0,42.0,22.8,0.0,0.0,46.0,21.7,0.0,0.0,46.0,21.9,0.0,0.0,0.0,49.0,21.6,0.0,27.0,0.0,52.0,19.8,0.0,0.0,0.0,1.71,1.82,1.82,1.83,11.68,13.6,13.66,13.66,13.67,0.58,22.2,1.0,0.0,20.9,20.2,0.0,1.0,47.0,23.0,0.0,48.0,22.9,0.0,0.0,0.0,3.21,3.4,3.4,3.4,21.9,25.54,25.64,25.63,25.64,0.53,0.0,1.0,0.0,53.0,0.0,0.0,20.5,0.0,53.0,0.0,0.0,20.4,1.0,1.0,1.0
2022-10-18 00:02:37,17.3,1.0,1.0,20.6,1.0,0.0,0.0,20.4,53.0,21.7,0.0,0.0,0.0,65.0,12.2,0.0,0.0,44.0,23.0,0.0,0.0,42.0,22.8,0.0,0.0,46.0,21.7,0.0,0.0,46.0,21.9,0.0,0.0,0.0,49.0,21.6,0.0,27.0,0.0,52.0,19.8,0.0,0.0,0.0,1.71,1.82,1.82,1.83,11.68,13.6,13.66,13.66,13.67,0.58,22.2,1.0,0.0,20.9,20.2,0.0,1.0,47.0,23.0,0.0,48.0,22.9,0.0,0.0,0.0,3.21,3.4,3.4,3.4,21.9,25.54,25.64,25.63,25.64,0.53,0.0,1.0,0.0,53.0,0.0,0.0,20.5,0.0,53.0,0.0,0.0,20.4,1.0,1.0,1.0
2022-10-18 00:02:38,17.3,1.0,1.0,20.6,1.0,0.0,0.0,20.4,53.0,21.7,0.0,0.0,0.0,65.0,12.2,0.0,0.0,44.0,23.0,0.0,0.0,42.0,22.8,0.0,0.0,46.0,21.7,0.0,0.0,46.0,21.9,0.0,0.0,0.0,49.0,21.6,0.0,27.0,0.0,52.0,19.8,0.0,0.0,0.0,1.71,1.82,1.82,1.83,11.68,13.6,13.66,13.66,13.67,0.58,22.2,1.0,0.0,20.9,20.2,0.0,1.0,47.0,23.0,0.0,48.0,22.9,0.0,0.0,0.0,3.21,3.4,3.4,3.4,21.9,25.54,25.64,25.63,25.64,0.53,0.0,1.0,0.0,53.0,0.0,0.0,20.5,0.0,53.0,0.0,0.0,20.4,1.0,1.0,1.0
2022-10-18 00:02:39,17.3,1.0,1.0,20.6,1.0,0.0,0.0,20.4,53.0,21.7,0.0,0.0,0.0,65.0,12.2,0.0,0.0,44.0,23.0,0.0,0.0,42.0,22.8,0.0,0.0,46.0,21.7,0.0,0.0,46.0,21.9,0.0,0.0,0.0,49.0,21.6,0.0,27.0,0.0,52.0,19.8,0.0,0.0,0.0,1.71,1.82,1.82,1.83,11.68,13.6,13.66,13.66,13.67,0.58,22.2,1.0,0.0,20.9,20.2,0.0,1.0,47.0,23.0,0.0,48.0,22.9,0.0,0.0,0.0,3.21,3.4,3.4,3.4,21.9,25.54,25.64,25.63,25.64,0.53,0.0,1.0,0.0,53.0,0.0,0.0,20.5,0.0,53.0,0.0,0.0,20.4,1.0,1.0,1.0
2022-10-18 00:02:40,17.3,1.0,1.0,20.6,1.0,0.0,0.0,20.4,53.0,21.7,0.0,0.0,0.0,65.0,12.2,0.0,0.0,44.0,23.0,0.0,0.0,42.0,22.8,0.0,0.0,46.0,21.7,0.0,0.0,46.0,21.9,0.0,0.0,0.0,49.0,21.6,0.0,27.0,0.0,52.0,19.8,0.0,0.0,0.0,1.71,1.82,1.82,1.83,11.68,13.6,13.66,13.66,13.67,0.58,22.2,1.0,0.0,20.9,20.2,0.0,1.0,47.0,23.0,0.0,48.0,22.9,0.0,0.0,0.0,3.21,3.4,3.4,3.4,21.9,25.54,25.64,25.63,25.64,0.53,0.0,1.0,0.0,53.0,0.0,0.0,20.5,0.0,53.0,0.0,0.0,20.4,1.0,1.0,1.0
2022-10-18 00:02:41,17.3,1.0,1.0,20.6,1.0,0.0,0.0,20.4,53.0,21.7,0.0,0.0,0.0,65.0,12.2,0.0,0.0,44.0,23.0,0.0,0.0,42.0,22.8,0.0,0.0,46.0,21.7,0.0,0.0,46.0,21.9,0.0,0.0,0.0,49.0,21.6,0.0,27.0,0.0,52.0,19.8,0.0,0.0,0.0,1.71,1.82,1.82,1.83,11.68,13.6,13.66,13.66,13.67,0.58,22.2,1.0,0.0,20.9,20.2,0.0,1.0,47.0,23.0,0.0,48.0,22.9,0.0,0.0,0.0,3.21,3.4,3.4,3.4,21.9,25.54,25.64,25.63,25.64,0.53,0.0,1.0,0.0,53.0,0.0,0.0,20.5,0.0,53.0,0.0,0.0,20.4,1.0,1.0,1.0
2022-10-18 00:02:42,17.3,1.0,1.0,20.6,1.0,0.0,0.0,20.4,53.0,21.7,0.0,0.0,0.0,65.0,12.2,0.0,0.0,44.0,23.0,0.0,0.0,42.0,22.8,0.0,0.0,46.0,21.7,0.0,0.0,46.0,21.9,0.0,0.0,0.0,49.0,21.6,0.0,27.0,0.0,52.0,19.8,0.0,0.0,0.0,1.71,1.82,1.82,1.83,11.68,13.6,13.66,13.66,13.67,0.58,22.2,1.0,0.0,20.9,20.2,0.0,1.0,47.0,23.0,0.0,48.0,22.9,0.0,0.0,0.0,3.21,3.4,3.4,3.4,21.9,25.54,25.64,25.63,25.64,0.53,0.0,1.0,0.0,53.0,0.0,0.0,20.5,0.0,53.0,0.0,0.0,20.4,1.0,1.0,1.0
2022-10-18 00:02:43,17.3,1.0,1.0,20.6,1.0,0.0,0.0,20.4,53.0,21.7,0.0,0.0,0.0,65.0,12.2,0.0,0.0,44.0,23.0,0.0,0.0,42.0,22.8,0.0,0.0,46.0,21.7,0.0,0.0,46.0,21.9,0.0,0.0,0.0,49.0,21.6,0.0,27.0,0.0,52.0,19.8,0.0,0.0,0.0,1.71,1.82,1.82,1.83,11.68,13.6,13.66,13.66,13.67,0.58,22.2,1.0,0.0,20.9,20.2,0.0,1.0,47.0,23.0,0.0,48.0,22.9,0.0,0.0,0.0,3.21,3.4,3.4,3.4,21.9,25.54,25.64,25.63,25.64,0.53,0.0,1.0,0.0,53.0,0.0,0.0,20.5,0.0,53.0,0.0,0.0,20.4,1.0,1.0,1.0
2022-10-18 00:02:44,17.3,1.0,1.0,20.6,1.0,0.0,0.0,20.4,53.0,21.7,0.0,0.0,0.0,65.0,12.2,0.0,0.0,44.0,23.0,0.0,0.0,42.0,22.8,0.0,0.0,46.0,21.7,0.0,0.0,46.0,21.9,0.0,0.0,0.0,49.0,21.6,0.0,27.0,0.0,52.0,19.8,0.0,0.0,0.0,1.71,1.82,1.82,1.83,11.68,13.6,13.66,13.66,13.67,0.58,22.2,1.0,0.0,20.9,20.2,0.0,1.0,47.0,23.0,0.0,48.0,22.9,0.0,0.0,0.0,3.21,3.4,3.4,3.4,21.9,25.54,25.64,25.63,25.64,0.53,0.0,1.0,0.0,53.0,0.0,0.0,20.5,0.0,53.0,0.0,0.0,20.4,1.0,1.0,1.0
2022-10-18 00:02:45,17.3,1.0,1.0,20.6,1.0,0.0,0.0,20.4,53.0,21.7,0.0,0.0,0.0,65.0,12.2,0.0,0.0,44.0,23.0,0.0,0.0,42.0,22.8,0.0,0.0,46.0,21.7,0.0,0.0,46.0,21.9,0.0,0.0,0.0,49.0,21.6,0.0,27.0,0.0,52.0,19.8,0.0,0.0,0.0,1.71,1.82,1.82,1.83,11.68,13.6,13.66,13.66,13.67,0.58,22.2,1.0,0.0,20.9,20.2,0.0,1.0,47.0,23.0,0.0,48.0,22.9,0.0,0.0,0.0,3.21,3.4,3.4,3.4,21.9,25.54,25.64,25.63,25.64,0.53,0.0,1.0,0.0,53.0,0.0,0.0,20.5,0.0,53.0,0.0,0.0,20.4,1.0,1.0,1.0
2022-10-18 00:02:46,17.3,1.0,1.0,20.6,1.0,0.0,0.0,20.4,53.0,21.7,0.0,0.0,0.0,65.0,12.2,0.0,0.0,44.0,23.0,0.0,0.0,42.0,22.8,0.0,0.0,46.0,21.7,0.0,0.0,46.0,21.9,0.0,0.0,0.0,49.0,21.6,0.0,27.0,0.0,52.0,19.8,0.0,0.0,0.0,1.71,1.82,1.82,1.83,11.68,13.6,13.66,13.66,13.67,0.58,22.2,1.0,0.0,20.9,20.2,0.0,1.0,47.0,23.0,0.0,48.0,22.9,0.0,0.0,0.0,3.21,3.4,3.4,3.4,21.9,25.54,25.64,25.63,25.64,0.53,0.0,1.0,0.0,53.0,0.0,0.0,20.5,0.0,53.0,0.0,0.0,20.4,1.0,1.0,1.0
2022-10-18 00:02:47,17.3,1.0,1.0,20.6,1.0,0.0,0.0,20.4,53.0,21.7,0.0,0.0,0.0,65.0,12.2,0.0,0.0,44.0,23.0,0.0,0.0,42.0,22.8,0.0,0.0,46.0,21.7,0.0,0.0,46.0,21.9,0.0,0.0,0.0,49.0,21.6,0.0,27.0,0.0,52.0,19.8,0.0,0.0,0.0,1.71,1.82,1.82,1.83,11.68,13.6,13.66,13.66,13.67,0.58,22.2,1.0,0.0,20.9,20.2,0.0,1.0,47.0,23.0,0.0,48.0,22.9,0.0,0.0,0.0,3.21,3.4,3.4,3.4,21.9,25.54,25.64,25.63,25.64,0.53,0.0,1.0,0.0,53.0,0.0,0.0,20.5,0.0,53.0,0.0,0.0,20.4,1.0,1.0,1.0
2022-10-18 00:02:48,17.3,1.0,1.0,20.6,1.0,0.0,0.0,20.4,53.0,21.7,0.0,0.0,0.0,65.0,12.2,0.0,0.0,44.0,23.0,0.0,0.0,42.0,22.8,0.0,0.0,46.0,21.7,0.0,0.0,46.0,21.9,0.0,0.0,0.0,49.0,21.6,0.0,27.0,0.0,52.0,19.8,0.0,0.0,0.0,1.71,1.82,1.82,1.83,11.68,13.6,13.66,13.66,13.67,0.58,22.2,1.0,0.0,20.9,20.2,0.0,1.0,47.0,23.0,0.0,48.0,22.9,0.0,0.0,0.0,3.21,3.4,3.4,3.4,21.9,25.54,25.64,25.63,25.64,0.53,0.0,1.0,0.0,53.0,0.0,0.0,20.5,0.0,53.0,0.0,0.0,20.4,1.0,1.0,1.0
2022-10-18 00:02:49,17.3,1.0,1.0,20.6,1.0,0.0,0.0,20.4,53.0,21.7,0.0,0.0,0.0,65.0,12.2,0.0,0.0,44.0,23.0,0.0,0.0,42.0,22.8,0.0,0.0,46.0,21.7,0.0,0.0,46.0,21.9,0.0,0.0,0.0,49.0,21.6,0.0,27.0,0.0,52.0,19.8,0.0,0.0,0.0,1.71,1.82,1.82,1.83,11.68,13.6,13.66,13.66,13.67,0.58,22.2,1.0,0.0,20.9,20.2,0.0,1.0,47.0,23.0,0.0,48.0,22.9,0.0,0.0,0.0,3.21,3.4,3.4,3.4,21.9,25.54,25.64,25.63,25.64,0.53,0.0,1.0,0.0,53.0,0.0,0.0,20.5,0.0,53.0,0.0,0.0,20.4,1.0,1.0,1.0
2022-10-18 00:02:50,17.3,1.0,1.0,20.6,1.0,0.0,0.0,20.4,53.0,21.7,0.0,0.0,0.0,65.0,12.2,0.0,0.0,44.0,23.0,0.0,0.0,42.0,22.8,0.0,0.0,46.0,21.7,0.0,0.0,46.0,21.9,0.0,0.0,0.0,49.0,21.6,0.0,27.0,0.0,52.0,19.8,0.0,0.0,0.0,1.71,1.82,1.82,1.83,11.68,13.6,13.66,13.66,13.67,0.58,22.2,1.0,0.0,20.9,20.2,0.0,1.0,47.0,23.0,0.0,48.0,22.9,0.0,0.0,0.0,3.21,3.4,3.4,3.4,21.9,25.54,25.64,25.63,25.64,0.53,0.0,1.0,0.0,53.0,0.0,0.0,20.5,0.0,53.0,0.0,0.0,20.4,1.0,1.0,1.0
2022-10-18 00:02:51,17.3,1.0,1.0,20.6,1.0,0.0,0.0,20.4,53.0,21.7,0.0,0.0,0.0,65.0,12.2,0.0,0.0,44.0,23.0,0.0,0.0,42.0,22.8,0.0,0.0,46.0,21.7,0.0,0.0,46.0,21.9,0.0,0.0,0.0,49.0,21.6,0.0,27.0,0.0,52.0,19.8,0.0,0.0,0.0,1.71,1.82,1.82,1.83,11.68,13.6,13.66,13.66,13.67,0.58,22.2,1.0,0.0,20.9,20.2,0.0,1.0,47.0,23.0,0.0,48.0,22.9,0.0,0.0,0.0,3.21,3.4,3.4,3.4,21.9,25.54,25.64,25.63,25.64,0.53,0.0,1.0,0.0,53.0,0.0,0.0,20.5,0.0,53.0,0.0,0.0,20.4,1.0,1.0,1.0
2022-10-18 00:02:52,17.3,1.0,1.0,20.6,1.0,0.0,0.0,20.4,53.0,21.7,0.0,0.0,0.0,65.0,12.2,0.0,0.0,44.0,23.0,0.0,0.0,42.0,22.8,0.0,0.0,46.0,21.7,0.0,0.0,46.0,21.9,0.0,0.0,0.0,49.0,21.6,0.0,27.0,0.0,52.0,19.8,0.0,0.0,0.0,1.71,1.82,1.82,1.83,11.68,13.6,13.66,13.66,13.67,0.58,22.2,1.0,0.0,20.9,20.2,0.0,1.0,47.0,23.0,0.0,48.0,22.9,0.0,0.0,0.0,3.21,3.4,3.4,3.4,21.9,25.54,25.64,25.63,25.64,0.53,0.0,1.0,0.0,53.0,0.0,0.0,20.5,0.0,53.0,0.0,0.0,20.4,1.0,1.0,1.0
2022-10-18 00:02:53,17.3,1.0,1.0,20.6,1.0,0.0,0.0,20.4,53.0,21.7,0.0,0.0,0.0,65.0,12.2,0.0,0.0,44.0,23.0,0.0,0.0,42.0,22.8,0.0,0.0,46.0,21.7,0.0,0.0,46.0,21.9,0.0,0.0,0.0,49.0,21.6,0.0,27.0,0.0,52.0,19.8,0.0,0.0,0.0,1.71,1.82,1.82,1.83,11.68,13.6,13.66,13.66,13.67,0.58,22.2,1.0,0.0,20.9,20.2,0.0,1.0,47.0,23.0,0.0,48.0,22.9,0.0,0.0,0.0,3.21,3.4,3.4,3.4,21.9,25.54,25.64,25.63,25.64,0.53,0.0,1.0,0.0,53.0,0.0,0.0,20.5,0.0,53.0,0.0,0.0,20.4,1.0,1.0,1.0
2022-10-18 00:02:54,17.3,1.0,1.0,20.6,1.0,0.0,0.0,20.4,53.0,21.7,0.0,0.0,0.0,65.0,12.2,0.0,0.0,44.0,23.0,0.0,0.0,42.0,22.8,0.0,0.0,46.0,21.7,0.0,0.0,46.0,21.9,0.0,0.0,0.0,49.0,21.6,0.0,27.0,0.0,52.0,19.8,0.0,0.0,0.0,1.71,1.82,1.82,1.83,11.68,13.6,13.66,13.66,13.67,0.58,22.2,1.0,0.0,20.9,20.2,0.0,1.0,47.0,23.0,0.0,48.0,22.9,0.0,0.0,0.0,3.21,3.4,3.4,3.4,21.9,25.54,25.64,25.63,25.64,0.53,0.0,1.0,0.0,53.0,0.0,0.0,20.5,0.0,53.0,0.0,0.0,20.4,1.0,1.0,1.0
2022-10-18 00:02:55,17.3,1.0,1.0,20.6,1.0,0.0,0.0,20.4,53.0,21.7,0.0,0.0,0.0,65.0,12.2,0.0,0.0,44.0,23.0,0.0,0.0,42.0,22.8,0.0,0.0,46.0,21.7,0.0,0.0,46.0,21.9,0.0,0.0,0.0,49.0,21.6,0.0,27.0,0.0,52.0,19.8,0.0,0.0,0.0,1.71,1.82,1.82,1.83,11.68,13.6,13.66,13.66,13.67,0.58,22.2,1.0,0.0,20.9,20.2,0.0,1.0,47.0,23.0,0.0,48.0,22.9,0.0,0.0,0.0,3.21,3.4,3.4,3.4,21.9,25.54,25.64,25.63,25.64,0.53,0.0,1.0,0.0,53.0,0.0,0.0,20.5,0.0,53.0,0.0,0.0,20.4,1.0,1.0,1.0
2022-10-18 00:02:56,17.3,1.0,1.0,20.6,1.0,0.0,0.0,20.4,53.0,21.7,0.0,0.0,0.0,65.0,12.2,0.0,0.0,44.0,23.0,0.0,0.0,42.0,22.8,0.0,0.0,46.0,21.7,0.0,0.0,46.0,21.9,0.0,0.0,0.0,49.0,21.6,0.0,27.0,0.0,52.0,19.8,0.0,0.0,0.0,1.71,1.82,1.82,1.83,11.68,13.6,13.66,13.66,13.67,0.58,22.2,1.0,0.0,20.9,20.2,0.0,1.0,47.0,23.0,0.0,48.0,22.9,0.0,0.0,0.0,3.21,3.4,3.4,3.4,21.9,25.54,25.64,25.63,25.64,0.53,0.0,1.0,0.0,53.0,0.0,0.0,20.5,0.0,53.0,0.0,0.0,20.4,1.0,1.0,1.0
2022-10-18 00:02:57,17.3,1.0,1.0,20.6,1.0,0.0,0.0,20.4,53.0,21.7,0.0,0.0,0.0,65.0,12.2,0.0,0.0,44.0,23.0,0.0,0.0,42.0,22.8,0.0,0.0,46.0,21.7,0.0,0.0,46.0,21.9,0.0,0.0,0.0,49.0,21.6,0.0,27.0,0.0,52.0,19.8,0.0,0.0,0.0,1.71,1.82,1.82,1.83,11.68,13.6,13.66,13.66,13.67,0.58,22.2,1.0,0.0,20.9,20.2,0.0,1.0,47.0,23.0,0.0,48.0,22.9,0.0,0.0,0.0,3.21,3.4,3.4,3.4,21.9,25.54,25.64,25.63,25.64,0.53,0.0,1.0,0.0,53.0,0.0,0.0,20.5,0.0,53.0,0.0,0.0,20.4,1.0,1.0,1.0
2022-10-18 00:02:58,17.3,1.0,1.0,20.6,1.0,0.0,0.0,20.4,53.0,21.7,0.0,0.0,0.0,65.0,12.2,0.0,0.0,44.0,23.0,0.0,0.0,42.0,22.8,0.0,0.0,46.0,21.7,0.0,0.0,46.0,21.9,0.0,0.0,0.0,49.0,21.6,0.0,27.0,0.0,52.0,19.8,0.0,0.0,0.0,1.71,1.82,1.82,1.83,11.68,13.6,13.66,13.66,13.67,0.58,22.2,1.0,0.0,20.9,20.2,0.0,1.0,47.0,23.0,0.0,48.0,22.9,0.0,0.0,0.0,3.21,3.4,3.4,3.4,21.9,25.54,25.64,25.63,25.64,0.53,0.0,1.0,0.0,53.0,0.0,0.0,20.5,0.0,53.0,0.0,0.0,20.4,1.0,1.0,1.0
2022-10-18 00:02:59,17.3,1.0,1.0,20.6,1.0,0.0,0.0,20.4,53.0,21.7,0.0,0.0,0.0,65.0,12.2,0.0,0.0,44.0,23.0,0.0,0.0,42.0,22.8,0.0,0.0,46.0,21.7,0.0,0.0,46.0,21.9,0.0,0.0,0.0,49.0,21.6,0.0,27.0,0.0,52.0,19.8,0.0,0.0,0.0,1.71,1.82,1.82,1.83,11.68,13.6,13.66,13.66,13.67,0.58,22.2,1.0,0.0,20.9,20.2,0.0,1.0,47.0,23.0,0.0,48.0,22.9,0.0,0.0,0.0,3.21,3.4,3.4,3.4,21.9,25.54,25.64,25.63,25.64,0.53,0.0,1.0,0.0,53.0,0.0,0.0,20.5,0.0,53.0,0.0,0.0,20.4,1.0,1.0,1.0
2022-10-18 00:03:00,17.3,1.0,1.0,20.6,1.0,0.0,0.0,20.4,53.0,21.7,0.0,0.0,0.0,65.0,12.2,0.0,0.0,44.0,23.0,0.0,0.0,42.0,22.8,0.0,0.0,46.0,21.7,0.0,0.0,46.0,21.9,0.0,0.0,0.0,49.0,21.6,0.0,27.0,0.0,52.0,19.8,0.0,0.0,0.0,1.71,1.82,1.82,1.83,11.68,13.6,13.66,13.66,13.67,0.58,22.2,1.0,0.0,20.9,20.2,0.0,1.0,47.0,23.0,0.0,48.0,22.9,0.0,0.0,0.0,3.21,3.4,3.4,3.4,21.9,25.54,25.64,25.63,25.64,0.53,0.0,1.0,0.0,53.0,0.0,0.0,20.5,0.0,53.0,0.0,0.0,20.4,1.0,1.0,1.0
2022-10-18 00:03:01,17.3,1.0,1.0,20.6,1.0,0.0,0.0,20.4,53.0,21.7,0.0,0.0,0.0,65.0,12.2,0.0,0.0,44.0,23.0,0.0,0.0,42.0,22.8,0.0,0.0,46.0,21.7,0.0,0.0,46.0,21.9,0.0,0.0,0.0,49.0,21.6,0.0,27.0,0.0,52.0,19.8,0.0,0.0,0.0,1.71,1.82,1.82,1.83,11.68,13.6,13.66,13.66,13.67,0.58,22.2,1.0,0.0,20.9,20.2,0.0,1.0,47.0,23.0,0.0,48.0,22.9,0.0,0.0,0.0,3.21,3.4,3.4,3.4,21.9,25.54,25.64,25.63,25.64,0.53,0.0,1.0,0.0,53.0,0.0,0.0,20.5,0.0,53.0,0.0,0.0,20.4,1.0,1.0,1.0
2022-10-18 00:03:02,17.3,1.0,1.0,20.6,1.0,0.0,0.0,20.4,53.0,21.7,0.0,0.0,0.0,65.0,12.2,0.0,0.0,44.0,23.0,0.0,0.0,42.0,22.8,0.0,0.0,46.0,21.7,0.0,0.0,46.0,21.9,0.0,0.0,0.0,49.0,21.6,0.0,27.0,0.0,52.0,19.8,0.0,0.0,0.0,1.71,1.82,1.82,1.83,11.68,13.6,13.66,13.66,13.67,0.58,22.2,1.0,0.0,20.9,20.2,0.0,1.0,47.0,23.0,0.0,48.0,22.9,0.0,0.0,0.0,3.21,3.4,3.4,3.4,21.9,25.54,25.64,25.63,25.64,0.53,0.0,1.0,0.0,53.0,0.0,0.0,20.5,0.0,53.0,0.0,0.0,20.4,1.0,1.0,1.0
2022-10-18 00:03:03,17.3,1.0,1.0,20.6,1.0,0.0,0.0,20.4,53.0,21.7,0.0,0.0,0.0,65.0,12.2,0.0,0.0,44.0,23.0,0.0,0.0,42.0,22.8,0.0,0.0,46.0,21.7,0.0,0.0,46.0,21.9,0.0,0.0,0.0,49.0,21.6,0.0,27.0,0.0,52.0,19.8,0.0,0.0,0.0,1.71,1.82,1.82,1.83,11.68,13.6,13.66,13.66,13.67,0.58,22.2,1.0,0.0,20.9,20.2,0.0,1.0,47.0,23.0,0.0,48.0,22.9,0.0,0.0,0.0,3.21,3.4,3.4,3.4,21.9,25.54,25.64,25.63,25.64,0.53,0.0,1.0,0.0,53.0,0.0,0.0,20.5,0.0,53.0,0.0,0.0,20.4,1.0,1.0,1.0
2022-10-18 00:03:04,17.3,1.0,1.0,20.6,1.0,0.0,0.0,20.4,53.0,21.7,0.0,0.0,0.0,65.0,12.2,0.0,0.0,44.0,23.0,0.0,0.0,42.0,22.8,0.0,0.0,46.0,21.7,0.0,0.0,46.0,21.9,0.0,0.0,0.0,49.0,21.6,0.0,27.0,0.0,52.0,19.8,0.0,0.0,0.0,1.71,1.82,1.82,1.83,11.68,13.6,13.66,13.66,13.67,0.58,22.2,1.0,0.0,20.9,20.2,0.0,1.0,47.0,23.0,0.0,48.0,22.9,0.0,0.0,0.0,3.21,3.4,3.4,3.4,21.9,25.54,25.64,25.63,25.64,0.53,0.0,1.0,0.0,53.0,0.0,0.0,20.5,0.0,53.0,0.0,0.0,20.4,1.0,1.0,1.0
2022-10-18 00:03:05,17.3,1.0,1.0,20.6,1.0,0.0,0.0,20.4,53.0,21.7,0.0,0.0,0.0,65.0,12.2,0.0,0.0,44.0,23.0,0.0,0.0,42.0,22.8,0.0,0.0,46.0,21.7,0.0,0.0,46.0,21.9,0.0,0.0,0.0,49.0,21.6,0.0,27.0,0.0,52.0,19.8,0.0,0.0,0.0,1.71,1.82,1.82,1.83,11.68,13.6,13.66,13.66,13.67,0.58,22.2,1.0,0.0,20.9,20.2,0.0,1.0,47.0,23.0,0.0,48.0,22.9,0.0,0.0,0.0,3.21,3.4,3.4,3.4,21.9,25.54,25.64,25.63,25.64,0.53,0.0,1.0,0.0,53.0,0.0,0.0,20.5,0.0,53.0,0.0,0.0,20.4,1.0,1.0,1.0
2022-10-18 00:03:06,17.3,1.0,1.0,20.6,1.0,0.0,0.0,20.4,53.0,21.7,0.0,0.0,0.0,65.0,12.2,0.0,0.0,44.0,23.0,0.0,0.0,42.0,22.8,0.0,0.0,46.0,21.7,0.0,0.0,46.0,21.9,0.0,0.0,0.0,49.0,21.6,0.0,27.0,0.0,52.0,19.8,0.0,0.0,0.0,1.71,1.82,1.82,1.83,11.68,13.6,13.66,13.66,13.67,0.58,22.2,1.0,0.0,20.9,20.2,0.0,1.0,47.0,23.0,0.0,48.0,22.9,0.0,0.0,0.0,3.21,3.4,3.4,3.4,21.9,25.54,25.64,25.63,25.64,0.53,0.0,1.0,0.0,53.0,0.0,0.0,20.5,0.0,53.0,0.0,0.0,20.4,1.0,1.0,1.0
2022-10-18 00:03:07,17.3,1.0,1.0,20.6,1.0,0.0,0.0,20.4,53.0,21.7,0.0,0.0,0.0,65.0,12.2,0.0,0.0,44.0,23.0,0.0,0.0,42.0,22.8,0.0,0.0,46.0,21.7,0.0,0.0,46.0,21.9,0.0,0.0,0.0,49.0,21.6,0.0,27.0,0.0,52.0,19.8,0.0,0.0,0.0,1.71,1.82,1.82,1.83,11.68,13.6,13.66,13.66,13.67,0.58,22.2,1.0,0.0,20.9,20.2,0.0,1.0,47.0,23.0,0.0,48.0,22.9,0.0,0.0,0.0,3.21,3.4,3.4,3.4,21.9,25.54,25.64,25.63,25.64,0.53,0.0,1.0,0.0,53.0,0.0,0.0,20.5,0.0,53.0,0.0,0.0,20.4,1.0,1.0,1.0
2022-10-18 00:03:08,17.3,1.0,1.0,20.6,1.0,0.0,0.0,20.4,53.0,21.7,0.0,0.0,0.0,65.0,12.2,0.0,0.0,44.0,23.0,0.0,0.0,42.0,22.8,0.0,0.0,46.0,21.7,0.0,0.0,46.0,21.9,0.0,0.0,0.0,49.0,21.6,0.0,27.0,0.0,52.0,19.8,0.0,0.0,0.0,1.71,1.82,1.82,1.83,11.68,13.6,13.66,13.66,13.67,0.58,22.2,1.0,0.0,20.9,20.2,0.0,1.0,47.0,23.0,0.0,48.0,22.9,0.0,0.0,0.0,3.21,3.4,3.4,3.4,21.9,25.54,25.64,25.63,25.64,0.53,0.0,1.0,0.0,53.0,0.0,0.0,20.5,0.0,53.0,0.0,0.0,20.4,1.0,1.0,1.0
2022-10-18 00:03:09,17.3,1.0,1.0,20.6,1.0,0.0,0.0,20.4,53.0,21.7,0.0,0.0,0.0,65.0,12.2,0.0,0.0,44.0,23.0,0.0,0.0,42.0,22.8,0.0,0.0,46.0,21.7,0.0,0.0,46.0,21.9,0.0,0.0,0.0,49.0,21.6,0.0,27.0,0.0,52.0,19.8,0.0,0.0,0.0,1.71,1.82,1.82,1.83,11.68,13.6,13.66,13.66,13.67,0.58,22.2,1.0,0.0,20.9,20.2,0.0,1.0,47.0,23.0,0.0,48.0,22.9,0.0,0.0,0.0,3.21,3.4,3.4,3.4,21.9,25.54,25.64,25.63,25.64,0.53,0.0,1.0,0.0,53.0,0.0,0.0,20.5,0.0,53.0,0.0,0.0,20.4,1.0,1.0,1.0
2022-10-18 00:03:10,17.3,1.0,1.0,20.6,1.0,0.0,0.0,20.4,53.0,21.7,0.0,0.0,0.0,65.0,12.2,0.0,0.0,44.0,23.0,0.0,0.0,42.0,22.8,0.0,0.0,46.0,21.7,0.0,0.0,46.0,21.9,0.0,0.0,0.0,49.0,21.6,0.0,27.0,0.0,52.0,19.8,0.0,0.0,0.0,1.71,1.82,1.82,1.83,11.68,13.6,13.66,13.66,13.67,0.58,22.2,1.0,0.0,20.9,20.2,0.0,1.0,47.0,23.0,0.0,48.0,22.9,0.0,0.0,0.0,3.21,3.4,3.4,3.4,21.9,25.54,25.64,25.63,25.64,0.53,0.0,1.0,0.0,53.0,0.0,0.0,20.5,0.0,53.0,0.0,0.0,20.4,1.0,1.0,1.0
2022-10-18 00:03:11,17.3,1.0,1.0,20.6,1.0,0.0,0.0,20.4,53.0,21.7,0.0,0.0,0.0,65.0,12.2,0.0,0.0,44.0,23.0,0.0,0.0,42.0,22.8,0.0,0.0,46.0,21.7,0.0,0.0,46.0,21.9,0.0,0.0,0.0,49.0,21.6,0.0,27.0,0.0,52.0,19.8,0.0,0.0,0.0,1.71,1.82,1.82,1.83,11.68,13.6,13.66,13.66,13.67,0.58,22.2,1.0,0.0,20.9,20.2,0.0,1.0,47.0,23.0,0.0,48.0,22.9,0.0,0.0,0.0,3.21,3.4,3.4,3.4,21.9,25.54,25.64,25.63,25.64,0.53,0.0,1.0,0.0,53.0,0.0,0.0,20.5,0.0,53.0,0.0,0.0,20.4,1.0,1.0,1.0
2022-10-18 00:03:12,17.3,1.0,1.0,20.6,1.0,0.0,0.0,20.4,53.0,21.7,0.0,0.0,0.0,65.0,12.2,0.0,0.0,44.0,23.0,0.0,0.0,42.0,22.8,0.0,0.0,46.0,21.7,0.0,0.0,46.0,21.9,0.0,0.0,0.0,49.0,21.6,0.0,27.0,0.0,52.0,19.8,0.0,0.0,0.0,1.71,1.82,1.82,1.83,11.68,13.6,13.66,13.66,13.67,0.58,22.2,1.0,0.0,20.9,20.2,0.0,1.0,47.0,23.0,0.0,48.0,22.9,0.0,0.0,0.0,3.21,3.4,3.4,3.4,21.9,25.54,25.64,25.63,25.64,0.53,0.0,1.0,0.0,53.0,0.0,0.0,20.5,0.0,53.0,0.0,0.0,20.4,1.0,1.0,1.0
2022-10-18 00:03:13,17.3,1.0,1.0,20.6,1.0,0.0,0.0,20.4,53.0,21.7,0.0,0.0,0.0,65.0,12.2,0.0,0.0,44.0,23.0,0.0,0.0,42.0,22.8,0.0,0.0,46.0,21.7,0.0,0.0,46.0,21.9,0.0,0.0,0.0,49.0,21.6,0.0,27.0,0.0,52.0,19.8,0.0,0.0,0.0,1.71,1.82,1.82,1.83,11.68,13.6,13.66,13.66,13.67,0.58,22.2,1.0,0.0,20.9,20.2,0.0,1.0,47.0,23.0,0.0,48.0,22.9,0.0,0.0,0.0,3.21,3.4,3.4,3.4,21.9,25.54,25.64,25.63,25.64,0.53,0.0,1.0,0.0,53.0,0.0,0.0,20.5,0.0,53.0,0.0,0.0,20.4,1.0,1.0,1.0
2022-10-18 00:03:14,17.3,1.0,1.0,20.6,1.0,0.0,0.0,20.4,53.0,21.7,0.0,0.0,0.0,65.0,12.2,0.0,0.0,44.0,23.0,0.0,0.0,42.0,22.8,0.0,0.0,46.0,21.7,0.0,0.0,46.0,21.9,0.0,0.0,0.0,49.0,21.6,0.0,27.0,0.0,52.0,19.8,0.0,0.0,0.0,1.71,1.82,1.82,1.83,11.68,13.6,13.66,13.66,13.67,0.58,22.2,1.0,0.0,20.9,20.2,0.0,1.0,47.0,23.0,0.0,48.0,22.9,0.0,0.0,0.0,3.21,3.4,3.4,3.4,21.9,25.54,25.64,25.63,25.64,0.53,0.0,1.0,0.0,53.0,0.0,0.0,20.5,0.0,53.0,0.0,0.0,20.4,1.0,1.0,1.0
2022-10-18 00:03:15,17.3,1.0,1.0,20.6,1.0,0.0,0.0,20.4,53.0,21.7,0.0,0.0,0.0,65.0,12.2,0.0,0.0,44.0,23.0,0.0,0.0,42.0,22.8,0.0,0.0,46.0,21.7,0.0,0.0,46.0,21.9,0.0,0.0,0.0,49.0,21.6,0.0,27.0,0.0,52.0,19.8,0.0,0.0,0.0,1.71,1.82,1.82,1.83,11.68,13.6,13.66,13.66,13.67,0.58,22.2,1.0,0.0,20.9,20.2,0.0,1.0,47.0,23.0,0.0,48.0,22.9,0.0,0.0,0.0,3.21,3.4,3.4,3.4,21.9,25.54,25.64,25.63,25.64,0.53,0.0,1.0,0.0,53.0,0.0,0.0,20.5,0.0,53.0,0.0,0.0,20.4,1.0,1.0,1.0
2022-10-18 00:03:16,17.3,1.0,1.0,20.6,1.0,0.0,0.0,20.4,53.0,21.7,0.0,0.0,0.0,65.0,12.2,0.0,0.0,44.0,23.0,0.0,0.0,42.0,22.8,0.0,0.0,46.0,21.7,0.0,0.0,46.0,21.9,0.0,0.0,0.0,49.0,21.6,0.0,27.0,0.0,52.0,19.8,0.0,0.0,0.0,1.71,1.82,1.82,1.83,11.68,13.6,13.66,13.66,13.67,0.58,22.2,1.0,0.0,20.9,20.2,0.0,1.0,47.0,23.0,0.0,48.0,22.9,0.0,0.0,0.0,3.21,3.4,3.4,3.4,21.9,25.54,25.64,25.63,25.64,0.53,0.0,1.0,0.0,53.0,0.0,0.0,20.5,0.0,53.0,0.0,0.0,20.4,1.0,1.0,1.0
2022-10-18 00:03:17,17.3,1.0,1.0,20.5,1.0,0.0,0.0,20.4,53.0,21.7,0.0,0.0,0.0,65.0,12.2,0.0,0.0,44.0,23.0,0.0,0.0,42.0,22.8,0.0,0.0,46.0,21.7,0.0,0.0,46.0,21.9,0.0,0.0,0.0,49.0,21.6,0.0,27.0,0.0,52.0,19.8,0.0,0.0,0.0,1.71,1.82,1.82,1.83,11.68,13.6,13.66,13.66,13.67,0.58,22.2,1.0,0.0,20.9,20.2,0.0,1.0,47.0,23.0,0.0,48.0,22.9,0.0,0.0,0.0,3.21,3.4,3.4,3.4,21.9,25.54,25.64,25.63,25.64,0.53,0.0,1.0,0.0,53.0,0.0,0.0,20.5,0.0,53.0,0.0,0.0,20.4,1.0,1.0,1.0
2022-10-18 00:03:18,17.3,1.0,1.0,20.5,1.0,0.0,0.0,20.4,53.0,21.7,0.0,0.0,0.0,65.0,12.2,0.0,0.0,44.0,23.0,0.0,0.0,42.0,22.8,0.0,0.0,46.0,21.7,0.0,0.0,46.0,21.9,0.0,0.0,0.0,49.0,21.6,0.0,27.0,0.0,52.0,19.8,0.0,0.0,0.0,1.71,1.82,1.82,1.83,11.68,13.6,13.66,13.66,13.67,0.58,22.2,1.0,0.0,20.9,20.2,0.0,1.0,47.0,23.0,0.0,48.0,22.9,0.0,0.0,0.0,3.21,3.4,3.4,3.4,21.9,25.54,25.64,25.63,25.64,0.53,0.0,1.0,0.0,53.0,0.0,0.0,20.5,0.0,53.0,0.0,0.0,20.4,1.0,1.0,1.0
2022-10-18 00:03:19,17.3,1.0,1.0,20.5,1.0,0.0,0.0,20.4,53.0,21.7,0.0,0.0,0.0,65.0,12.2,0.0,0.0,44.0,23.0,0.0,0.0,42.0,22.8,0.0,0.0,46.0,21.7,0.0,0.0,46.0,21.9,0.0,0.0,0.0,49.0,21.6,0.0,27.0,0.0,52.0,19.8,0.0,0.0,0.0,1.71,1.82,1.82,1.83,11.68,13.6,13.66,13.66,13.67,0.58,22.2,1.0,0.0,20.9,20.2,0.0,1.0,47.0,23.0,0.0,48.0,22.9,0.0,0.0,0.0,3.21,3.4,3.4,3.4,21.9,25.54,25.64,25.63,25.64,0.53,0.0,1.0,0.0,53.0,0.0,0.0,20.5,0.0,53.0,0.0,0.0,20.4,1.0,1.0,1.0
2022-10-18 00:03:20,17.3,1.0,1.0,20.5,1.0,0.0,0.0,20.4,53.0,21.7,0.0,0.0,0.0,65.0,12.2,0.0,0.0,44.0,23.0,0.0,0.0,42.0,22.8,0.0,0.0,46.0,21.7,0.0,0.0,46.0,21.9,0.0,0.0,0.0,49.0,21.6,0.0,27.0,0.0,52.0,19.8,0.0,0.0,0.0,1.71,1.82,1.82,1.83,11.68,13.6,13.66,13.66,13.67,0.58,22.2,1.0,0.0,20.9,20.2,0.0,1.0,47.0,23.0,0.0,48.0,22.9,0.0,0.0,0.0,3.21,3.4,3.4,3.4,21.9,25.54,25.64,25.63,25.64,0.53,0.0,1.0,0.0,53.0,0.0,0.0,20.5,0.0,53.0,0.0,0.0,20.4,1.0,1.0,1.0
2022-10-18 00:03:21,17.3,1.0,1.0,20.5,1.0,0.0,0.0,20.4,53.0,21.7,0.0,0.0,0.0,65.0,12.2,0.0,0.0,44.0,23.0,0.0,0.0,42.0,22.8,0.0,0.0,46.0,21.7,0.0,0.0,46.0,21.9,0.0,0.0,0.0,49.0,21.6,0.0,27.0,0.0,52.0,19.8,0.0,0.0,0.0,1.71,1.82,1.82,1.83,11.68,13.6,13.66,13.66,13.67,0.58,22.2,1.0,0.0,20.9,20.2,0.0,1.0,47.0,23.0,0.0,48.0,22.9,0.0,0.0,0.0,3.21,3.4,3.4,3.4,21.9,25.54,25.64,25.63,25.64,0.53,0.0,1.0,0.0,53.0,0.0,0.0,20.5,0.0,53.0,0.0,0.0,20.4,1.0,1.0,1.0
2022-10-18 00:03:22,17.3,1.0,1.0,20.5,1.0,0.0,0.0,20.4,53.0,21.7,0.0,0.0,0.0,65.0,12.2,0.0,0.0,44.0,23.0,0.0,0.0,42.0,22.8,0.0,0.0,46.0,21.7,0.0,0.0,46.0,21.9,0.0,0.0,0.0,49.0,21.6,0.0,27.0,0.0,52.0,19.8,0.0,0.0,0.0,1.71,1.82,1.82,1.83,11.68,13.6,13.66,13.66,13.67,0.58,22.2,1.0,0.0,20.9,20.2,0.0,1.0,47.0,23.0,0.0,48.0,22.9,0.0,0.0,0.0,3.21,3.4,3.4,3.4,21.9,25.54,25.64,25.63,25.64,0.53,0.0,1.0,0.0,53.0,0.0,0.0,20.5,0.0,53.0,0.0,0.0,20.4,1.0,1.0,1.0
2022-10-18 00:03:23,17.3,1.0,1.0,20.5,1.0,0.0,0.0,20.4,53.0,21.7,0.0,0.0,0.0,65.0,12.2,0.0,0.0,44.0,23.0,0.0,0.0,42.0,22.8,0.0,0.0,46.0,21.7,0.0,0.0,46.0,21.9,0.0,0.0,0.0,49.0,21.6,0.0,27.0,0.0,52.0,19.8,0.0,0.0,0.0,1.71,1.82,1.82,1.83,11.68,13.6,13.66,13.66,13.67,0.58,22.2,1.0,0.0,20.9,20.2,0.0,1.0,47.0,23.0,0.0,48.0,22.9,0.0,0.0,0.0,3.21,3.4,3.4,3.4,21.9,25.54,25.64,25.63,25.64,0.53,0.0,1.0,0.0,53.0,0.0,0.0,20.5,0.0,53.0,0.0,0.0,20.4,1.0,1.0,1.0
2022-10-18 00:03:24,17.3,1.0,1.0,20.5,1.0,0.0,0.0,20.4,53.0,21.7,0.0,0.0,0.0,65.0,12.2,0.0,0.0,44.0,23.0,0.0,0.0,42.0,22.8,0.0,0.0,46.0,21.7,0.0,0.0,46.0,21.9,0.0,0.0,0.0,49.0,21.6,0.0,27.0,0.0,52.0,19.8,0.0,0.0,0.0,1.71,1.82,1.82,1.83,11.68,13.6,13.66,13.66,13.67,0.58,22.2,1.0,0.0,20.9,20.2,0.0,1.0,47.0,23.0,0.0,48.0,22.9,0.0,0.0,0.0,3.21,3.4,3.4,3.4,21.9,25.54,25.64,25.63,25.64,0.53,0.0,1.0,0.0,53.0,0.0,0.0,20.5,0.0,53.0,0.0,0.0,20.4,1.0,1.0,1.0
2022-10-18 00:03:25,17.3,1.0,1.0,20.5,1.0,0.0,0.0,20.4,53.0,21.7,0.0,0.0,0.0,65.0,12.2,0.0,0.0,44.0,23.0,0.0,0.0,42.0,22.8,0.0,0.0,46.0,21.7,0.0,0.0,46.0,21.9,0.0,0.0,0.0,49.0,21.6,0.0,27.0,0.0,52.0,19.8,0.0,0.0,0.0,1.71,1.82,1.82,1.83,11.68,13.6,13.66,13.66,13.67,0.58,22.2,1.0,0.0,20.9,20.2,0.0,1.0,47.0,23.0,0.0,48.0,22.9,0.0,0.0,0.0,3.21,3.4,3.4,3.4,21.9,25.54,25.64,25.63,25.64,0.53,0.0,1.0,0.0,53.0,0.0,0.0,20.5,0.0,53.0,0.0,0.0,20.4,1.0,1.0,1.0
2022-10-18 00:03:26,17.3,1.0,1.0,20.5,1.0,0.0,0.0,20.4,53.0,21.7,0.0,0.0,0.0,65.0,12.2,0.0,0.0,44.0,23.0,0.0,0.0,42.0,22.8,0.0,0.0,46.0,21.7,0.0,0.0,46.0,21.9,0.0,0.0,0.0,49.0,21.6,0.0,27.0,0.0,52.0,19.8,0.0,0.0,0.0,1.71,1.82,1.82,1.83,11.68,13.6,13.66,13.66,13.67,0.58,22.2,1.0,0.0,20.9,20.2,0.0,1.0,47.0,23.0,0.0,48.0,22.9,0.0,0.0,0.0,3.21,3.4,3.4,3.4,21.9,25.54,25.64,25.63,25.64,0.53,0.0,1.0,0.0,53.0,0.0,0.0,20.5,0.0,53.0,0.0,0.0,20.4,1.0,1.0,1.0
2022-10-18 00:03:27,17.3,1.0,1.0,20.5,1.0,0.0,0.0,20.4,53.0,21.7,0.0,0.0,0.0,65.0,12.2,0.0,0.0,44.0,23.0,0.0,0.0,42.0,22.8,0.0,0.0,46.0,21.7,0.0,0.0,46.0,21.9,0.0,0.0,0.0,49.0,21.6,0.0,27.0,0.0,52.0,19.8,0.0,0.0,0.0,1.71,1.82,1.82,1.83,11.68,13.6,13.66,13.66,13.67,0.58,22.2,1.0,0.0,20.9,20.2,0.0,1.0,47.0,23.0,0.0,48.0,22.9,0.0,0.0,0.0,3.21,3.4,3.4,3.4,21.9,25.54,25.64,25.63,25.64,0.53,0.0,1.0,0.0,53.0,0.0,0.0,20.5,0.0,53.0,0.0,0.0,20.4,1.0,1.0,1.0
2022-10-18 00:03:28,17.3,1.0,1.0,20.5,1.0,0.0,0.0,20.4,53.0,21.7,0.0,0.0,0.0,65.0,12.2,0.0,0.0,44.0,23.0,0.0,0.0,42.0,22.8,0.0,0.0,46.0,21.7,0.0,0.0,46.0,21.9,0.0,0.0,0.0,49.0,21.6,0.0,27.0,0.0,52.0,19.8,0.0,0.0,0.0,1.71,1.82,1.82,1.83,11.68,13.6,13.66,13.66,13.67,0.58,22.2,1.0,0.0,20.9,20.2,0.0,1.0,47.0,23.0,0.0,48.0,22.9,0.0,0.0,0.0,3.21,3.4,3.4,3.4,21.9,25.54,25.64,25.63,25.64,0.53,0.0,1.0,0.0,53.0,0.0,0.0,20.5,0.0,53.0,0.0,0.0,20.4,1.0,1.0,1.0
2022-10-18 00:03:29,17.3,1.0,1.0,20.5,1.0,0.0,0.0,20.4,53.0,21.7,0.0,0.0,0.0,65.0,12.2,0.0,0.0,44.0,23.0,0.0,0.0,42.0,22.8,0.0,0.0,46.0,21.7,0.0,0.0,46.0,21.9,0.0,0.0,0.0,49.0,21.6,0.0,27.0,0.0,52.0,19.8,0.0,0.0,0.0,1.71,1.82,1.82,1.83,11.68,13.6,13.66,13.66,13.67,0.58,22.2,1.0,0.0,20.9,20.2,0.0,1.0,47.0,23.0,0.0,48.0,22.9,0.0,0.0,0.0,3.21,3.4,3.4,3.4,21.9,25.54,25.64,25.63,25.64,0.53,0.0,1.0,0.0,53.0,0.0,0.0,20.5,0.0,53.0,0.0,0.0,20.4,1.0,1.0,1.0
2022-10-18 00:03:30,17.3,1.0,1.0,20.5,1.0,0.0,0.0,20.4,53.0,21.7,0.0,0.0,0.0,65.0,12.2,0.0,0.0,44.0,23.0,0.0,0.0,42.0,22.8,0.0,0.0,46.0,21.7,0.0,0.0,46.0,21.9,0.0,0.0,0.0,49.0,21.6,0.0,27.0,0.0,52.0,19.8,0.0,0.0,0.0,1.71,1.82,1.82,1.83,11.68,13.6,13.66,13.66,13.67,0.58,22.2,1.0,0.0,20.9,20.2,0.0,1.0,47.0,23.0,0.0,48.0,22.9,0.0,0.0,0.0,3.21,3.4,3.4,3.4,21.9,25.54,25.64,25.63,25.64,0.53,0.0,1.0,0.0,53.0,0.0,0.0,20.5,0.0,53.0,0.0,0.0,20.4,1.0,1.0,1.0
2022-10-18 00:03:31,17.3,1.0,1.0,20.5,1.0,0.0,0.0,20.4,53.0,21.7,0.0,0.0,0.0,65.0,12.2,0.0,0.0,44.0,23.0,0.0,0.0,42.0,22.8,0.0,0.0,46.0,21.7,0.0,0.0,46.0,21.9,0.0,0.0,0.0,49.0,21.6,0.0,27.0,0.0,52.0,19.8,0.0,0.0,0.0,1.71,1.82,1.82,1.83,11.68,13.6,13.66,13.66,13.67,0.58,22.2,1.0,0.0,20.9,20.2,0.0,1.0,47.0,23.0,0.0,48.0,22.9,0.0,0.0,0.0,3.21,3.4,3.4,3.4,21.9,25.54,25.64,25.63,25.64,0.53,0.0,1.0,0.0,53.0,0.0,0.0,20.5,0.0,53.0,0.0,0.0,20.4,1.0,1.0,1.0
2022-10-18 00:03:32,17.3,1.0,1.0,20.5,1.0,0.0,0.0,20.4,53.0,21.7,0.0,0.0,0.0,65.0,12.2,0.0,0.0,44.0,23.0,0.0,0.0,42.0,22.8,0.0,0.0,46.0,21.7,0.0,0.0,46.0,21.9,0.0,0.0,0.0,49.0,21.6,0.0,27.0,0.0,52.0,19.8,0.0,0.0,0.0,1.71,1.82,1.82,1.83,11.68,13.6,13.66,13.66,13.67,0.58,22.2,1.0,0.0,20.9,20.2,0.0,1.0,47.0,23.0,0.0,48.0,22.9,0.0,0.0,0.0,3.21,3.4,3.4,3.4,21.9,25.54,25.64,25.63,25.64,0.53,0.0,1.0,0.0,53.0,0.0,0.0,20.5,0.0,53.0,0.0,0.0,20.4,1.0,1.0,1.0
2022-10-18 00:03:33,17.3,1.0,1.0,20.5,1.0,0.0,0.0,20.4,53.0,21.7,0.0,0.0,0.0,65.0,12.2,0.0,0.0,44.0,23.0,0.0,0.0,42.0,22.8,0.0,0.0,46.0,21.7,0.0,0.0,46.0,21.9,0.0,0.0,0.0,49.0,21.6,0.0,27.0,0.0,52.0,19.8,0.0,0.0,0.0,1.71,1.82,1.82,1.83,11.68,13.6,13.66,13.66,13.67,0.58,22.2,1.0,0.0,20.9,20.2,0.0,1.0,47.0,23.0,0.0,48.0,22.9,0.0,0.0,0.0,3.21,3.4,3.4,3.4,21.9,25.54,25.64,25.63,25.64,0.53,0.0,1.0,0.0,53.0,0.0,0.0,20.5,0.0,53.0,0.0,0.0,20.4,1.0,1.0,1.0
2022-10-18 00:03:34,17.3,1.0,1.0,20.5,1.0,0.0,0.0,20.4,53.0,21.7,0.0,0.0,0.0,65.0,12.2,0.0,0.0,44.0,23.0,0.0,0.0,42.0,22.8,0.0,0.0,46.0,21.7,0.0,0.0,46.0,21.9,0.0,0.0,0.0,49.0,21.6,0.0,27.0,0.0,52.0,19.8,0.0,0.0,0.0,1.71,1.82,1.82,1.83,11.68,13.6,13.66,13.66,13.67,0.58,22.2,1.0,0.0,20.9,20.2,0.0,1.0,47.0,23.0,0.0,48.0,22.9,0.0,0.0,0.0,3.21,3.4,3.4,3.4,21.9,25.54,25.64,25.63,25.64,0.53,0.0,1.0,0.0,53.0,0.0,0.0,20.5,0.0,53.0,0.0,0.0,20.4,1.0,1.0,1.0
2022-10-18 00:03:35,17.3,1.0,1.0,20.5,1.0,0.0,0.0,20.4,53.0,21.7,0.0,0.0,0.0,65.0,12.2,0.0,0.0,44.0,23.0,0.0,0.0,42.0,22.8,0.0,0.0,46.0,21.7,0.0,0.0,46.0,21.9,0.0,0.0,0.0,49.0,21.6,0.0,27.0,0.0,52.0,19.8,0.0,0.0,0.0,1.71,1.82,1.82,1.83,11.68,13.6,13.66,13.66,13.67,0.58,22.2,1.0,0.0,20.9,20.2,0.0,1.0,47.0,23.0,0.0,48.0,22.9,0.0,0.0,0.0,3.21,3.4,3.4,3.4,21.9,25.54,25.64,25.63,25.64,0.53,0.0,1.0,0.0,53.0,0.0,0.0,20.5,0.0,53.0,0.0,0.0,20.4,1.0,1.0,1.0
2022-10-18 00:03:36,17.3,1.0,1.0,20.5,1.0,0.0,0.0,20.4,53.0,21.7,0.0,0.0,0.0,65.0,12.2,0.0,0.0,44.0,23.0,0.0,0.0,42.0,22.8,0.0,0.0,46.0,21.7,0.0,0.0,46.0,21.9,0.0,0.0,0.0,49.0,21.6,0.0,27.0,0.0,52.0,19.8,0.0,0.0,0.0,1.71,1.82,1.82,1.83,11.68,13.6,13.66,13.66,13.67,0.58,22.2,1.0,0.0,20.9,20.2,0.0,1.0,47.0,23.0,0.0,48.0,22.9,0.0,0.0,0.0,3.21,3.4,3.4,3.4,21.9,25.54,25.64,25.63,25.64,0.53,0.0,1.0,0.0,53.0,0.0,0.0,20.5,0.0,53.0,0.0,0.0,20.4,1.0,1.0,1.0
2022-10-18 00:03:37,17.3,1.0,1.0,20.5,1.0,0.0,0.0,20.4,53.0,21.7,0.0,0.0,0.0,65.0,12.2,0.0,0.0,44.0,23.0,0.0,0.0,42.0,22.8,0.0,0.0,46.0,21.7,0.0,0.0,46.0,21.9,0.0,0.0,0.0,49.0,21.6,0.0,27.0,0.0,52.0,19.8,0.0,0.0,0.0,1.71,1.82,1.82,1.83,11.68,13.6,13.66,13.66,13.67,0.58,22.2,1.0,0.0,20.9,20.2,0.0,1.0,47.0,23.0,0.0,48.0,22.9,0.0,0.0,0.0,3.21,3.4,3.4,3.4,21.9,25.54,25.64,25.63,25.64,0.53,0.0,1.0,0.0,53.0,0.0,0.0,20.5,0.0,53.0,0.0,0.0,20.4,1.0,1.0,1.0
2022-10-18 00:03:38,17.3,1.0,1.0,20.5,1.0,0.0,0.0,20.4,53.0,21.7,0.0,0.0,0.0,65.0,12.2,0.0,0.0,44.0,23.0,0.0,0.0,42.0,22.8,0.0,0.0,46.0,21.7,0.0,0.0,46.0,21.9,0.0,0.0,0.0,49.0,21.6,0.0,27.0,0.0,52.0,19.8,0.0,0.0,0.0,1.71,1.82,1.82,1.83,11.68,13.6,13.66,13.66,13.67,0.58,22.2,1.0,0.0,20.9,20.2,0.0,1.0,47.0,23.0,0.0,48.0,22.9,0.0,0.0,0.0,3.21,3.4,3.4,3.4,21.9,25.54,25.64,25.63,25.64,0.53,0.0,1.0,0.0,53.0,0.0,0.0,20.5,0.0,53.0,0.0,0.0,20.4,1.0,1.0,1.0
2022-10-18 00:03:39,17.3,1.0,1.0,20.5,1.0,0.0,0.0,20.4,53.0,21.7,0.0,0.0,0.0,65.0,12.2,0.0,0.0,44.0,23.0,0.0,0.0,42.0,22.8,0.0,0.0,46.0,21.7,0.0,0.0,46.0,21.9,0.0,0.0,0.0,49.0,21.6,0.0,27.0,0.0,52.0,19.8,0.0,0.0,0.0,1.71,1.82,1.82,1.83,11.68,13.6,13.66,13.66,13.67,0.58,22.2,1.0,0.0,20.9,20.2,0.0,1.0,47.0,23.0,0.0,48.0,22.9,0.0,0.0,0.0,3.21,3.4,3.4,3.4,21.9,25.54,25.64,25.63,25.64,0.53,0.0,1.0,0.0,53.0,0.0,0.0,20.5,0.0,53.0,0.0,0.0,20.4,1.0,1.0,1.0
2022-10-18 00:03:40,17.3,1.0,1.0,20.5,1.0,0.0,0.0,20.4,53.0,21.7,0.0,0.0,0.0,65.0,12.2,0.0,0.0,44.0,23.0,0.0,0.0,42.0,22.8,0.0,0.0,46.0,21.7,0.0,0.0,46.0,21.9,0.0,0.0,0.0,49.0,21.6,0.0,27.0,0.0,52.0,19.8,0.0,0.0,0.0,1.71,1.82,1.82,1.83,11.68,13.6,13.66,13.66,13.67,0.58,22.2,1.0,0.0,20.9,20.2,0.0,1.0,47.0,23.0,0.0,48.0,22.9,0.0,0.0,0.0,3.21,3.4,3.4,3.4,21.9,25.54,25.64,25.63,25.64,0.53,0.0,1.0,0.0,53.0,0.0,0.0,20.5,0.0,53.0,0.0,0.0,20.4,1.0,1.0,1.0
2022-10-18 00:03:41,17.3,1.0,1.0,20.5,1.0,0.0,0.0,20.4,53.0,21.7,0.0,0.0,0.0,65.0,12.2,0.0,0.0,44.0,23.0,0.0,0.0,42.0,22.8,0.0,0.0,46.0,21.7,0.0,0.0,46.0,21.9,0.0,0.0,0.0,49.0,21.6,0.0,27.0,0.0,52.0,19.8,0.0,0.0,0.0,1.71,1.82,1.82,1.83,11.68,13.6,13.66,13.66,13.67,0.58,22.2,1.0,0.0,20.9,20.2,0.0,1.0,47.0,23.0,0.0,48.0,22.9,0.0,0.0,0.0,3.21,3.4,3.4,3.4,21.9,25.54,25.64,25.63,25.64,0.53,0.0,1.0,0.0,53.0,0.0,0.0,20.5,0.0,53.0,0.0,0.0,20.4,1.0,1.0,1.0
2022-10-18 00:03:42,17.3,1.0,1.0,20.5,1.0,0.0,0.0,20.4,53.0,21.7,0.0,0.0,0.0,65.0,12.2,0.0,0.0,44.0,23.0,0.0,0.0,42.0,22.8,0.0,0.0,46.0,21.7,0.0,0.0,46.0,21.9,0.0,0.0,0.0,49.0,21.6,0.0,27.0,0.0,52.0,19.8,0.0,0.0,0.0,1.71,1.82,1.82,1.83,11.68,13.6,13.66,13.66,13.67,0.58,22.2,1.0,0.0,20.9,20.2,0.0,1.0,47.0,23.0,0.0,48.0,22.9,0.0,0.0,0.0,3.21,3.4,3.4,3.4,21.9,25.54,25.64,25.63,25.64,0.53,0.0,1.0,0.0,53.0,0.0,0.0,20.5,0.0,53.0,0.0,0.0,20.4,1.0,1.0,1.0
2022-10-18 00:03:43,17.3,1.0,1.0,20.5,1.0,0.0,0.0,20.4,53.0,21.7,0.0,0.0,0.0,65.0,12.2,0.0,0.0,44.0,23.0,0.0,0.0,42.0,22.8,0.0,0.0,46.0,21.7,0.0,0.0,46.0,21.9,0.0,0.0,0.0,49.0,21.6,0.0,27.0,0.0,52.0,19.8,0.0,0.0,0.0,1.71,1.82,1.82,1.83,11.68,13.6,13.66,13.66,13.67,0.58,22.2,1.0,0.0,20.9,20.2,0.0,1.0,47.0,23.0,0.0,48.0,22.9,0.0,0.0,0.0,3.21,3.4,3.4,3.4,21.9,25.54,25.64,25.63,25.64,0.53,0.0,1.0,0.0,53.0,0.0,0.0,20.5,0.0,53.0,0.0,0.0,20.4,1.0,1.0,1.0
2022-10-18 00:03:44,17.3,1.0,1.0,20.5,1.0,0.0,0.0,20.4,53.0,21.7,0.0,0.0,0.0,65.0,12.2,0.0,0.0,44.0,23.0,0.0,0.0,42.0,22.8,0.0,0.0,46.0,21.7,0.0,0.0,46.0,21.9,0.0,0.0,0.0,49.0,21.6,0.0,27.0,0.0,52.0,19.8,0.0,0.0,0.0,1.71,1.82,1.82,1.83,11.68,13.6,13.66,13.66,13.67,0.58,22.2,1.0,0.0,20.9,20.2,0.0,1.0,47.0,23.0,0.0,48.0,22.9,0.0,0.0,0.0,3.21,3.4,3.4,3.4,21.9,25.54,25.64,25.63,25.64,0.53,0.0,1.0,0.0,53.0,0.0,0.0,20.5,0.0,53.0,0.0,0.0,20.4,1.0,1.0,1.0
2022-10-18 00:03:45,17.3,1.0,1.0,20.5,1.0,0.0,0.0,20.4,53.0,21.7,0.0,0.0,0.0,65.0,12.2,0.0,0.0,44.0,23.0,0.0,0.0,42.0,22.8,0.0,0.0,46.0,21.7,0.0,0.0,46.0,21.9,0.0,0.0,0.0,49.0,21.6,0.0,27.0,0.0,52.0,19.8,0.0,0.0,0.0,1.71,1.82,1.82,1.83,11.68,13.6,13.66,13.66,13.67,0.58,22.2,1.0,0.0,20.9,20.2,0.0,1.0,47.0,23.0,0.0,48.0,22.9,0.0,0.0,0.0,3.21,3.4,3.4,3.4,21.9,25.54,25.64,25.63,25.64,0.53,0.0,1.0,0.0,53.0,0.0,0.0,20.5,0.0,53.0,0.0,0.0,20.4,1.0,1.0,1.0
2022-10-18 00:03:46,17.3,1.0,1.0,20.5,1.0,0.0,0.0,20.4,53.0,21.7,0.0,0.0,0.0,65.0,12.2,0.0,0.0,44.0,23.0,0.0,0.0,42.0,22.8,0.0,0.0,46.0,21.7,0.0,0.0,46.0,21.9,0.0,0.0,0.0,49.0,21.6,0.0,27.0,0.0,52.0,19.8,0.0,0.0,0.0,1.71,1.82,1.82,1.83,11.68,13.6,13.66,13.66,13.67,0.58,22.2,1.0,0.0,20.9,20.2,0.0,1.0,47.0,23.0,0.0,48.0,22.9,0.0,0.0,0.0,3.21,3.4,3.4,3.4,21.9,25.54,25.64,25.63,25.64,0.53,0.0,1.0,0.0,53.0,0.0,0.0,20.5,0.0,53.0,0.0,0.0,20.4,1.0,1.0,1.0
2022-10-18 00:03:47,17.3,1.0,1.0,20.5,1.0,0.0,0.0,20.4,53.0,21.7,0.0,0.0,0.0,65.0,12.2,0.0,0.0,44.0,23.0,0.0,0.0,42.0,22.8,0.0,0.0,46.0,21.7,0.0,0.0,46.0,21.9,0.0,0.0,0.0,49.0,21.6,0.0,27.0,0.0,52.0,19.8,0.0,0.0,0.0,1.71,1.82,1.82,1.83,11.68,13.6,13.66,13.66,13.67,0.58,22.2,1.0,0.0,20.9,20.2,0.0,1.0,47.0,23.0,0.0,48.0,22.9,0.0,0.0,0.0,3.21,3.4,3.4,3.4,21.9,25.54,25.64,25.63,25.64,0.53,0.0,1.0,0.0,53.0,0.0,0.0,20.5,0.0,53.0,0.0,0.0,20.4,1.0,1.0,1.0
2022-10-18 00:03:48,17.3,1.0,1.0,20.5,1.0,0.0,0.0,20.4,53.0,21.7,0.0,0.0,0.0,65.0,12.2,0.0,0.0,44.0,23.0,0.0,0.0,42.0,22.8,0.0,0.0,46.0,21.7,0.0,0.0,46.0,21.9,0.0,0.0,0.0,49.0,21.6,0.0,27.0,0.0,52.0,19.8,0.0,0.0,0.0,1.71,1.82,1.82,1.83,11.68,13.6,13.66,13.66,13.67,0.58,22.2,1.0,0.0,20.9,20.2,0.0,1.0,47.0,23.0,0.0,48.0,22.9,0.0,0.0,0.0,3.21,3.4,3.4,3.4,21.9,25.54,25.64,25.63,25.64,0.53,0.0,1.0,0.0,53.0,0.0,0.0,20.5,0.0,53.0,0.0,0.0,20.4,1.0,1.0,1.0
2022-10-18 00:03:49,17.3,1.0,1.0,20.5,1.0,0.0,0.0,20.4,53.0,21.7,0.0,0.0,0.0,65.0,12.2,0.0,0.0,44.0,23.0,0.0,0.0,42.0,22.8,0.0,0.0,46.0,21.7,0.0,0.0,46.0,21.9,0.0,0.0,0.0,49.0,21.6,0.0,27.0,0.0,52.0,19.8,0.0,0.0,0.0,1.71,1.82,1.82,1.83,11.68,13.6,13.66,13.66,13.67,0.58,22.2,1.0,0.0,20.9,20.2,0.0,1.0,47.0,23.0,0.0,48.0,22.9,0.0,0.0,0.0,3.21,3.4,3.4,3.4,21.9,25.54,25.64,25.63,25.64,0.53,0.0,1.0,0.0,53.0,0.0,0.0,20.5,0.0,53.0,0.0,0.0,20.4,1.0,1.0,1.0
2022-10-18 00:03:50,17.3,1.0,1.0,20.5,1.0,0.0,0.0,20.4,53.0,21.7,0.0,0.0,0.0,65.0,12.2,0.0,0.0,44.0,23.0,0.0,0.0,42.0,22.8,0.0,0.0,46.0,21.7,0.0,0.0,46.0,21.9,0.0,0.0,0.0,49.0,21.6,0.0,27.0,0.0,52.0,19.8,0.0,0.0,0.0,1.71,1.82,1.82,1.83,11.68,13.6,13.66,13.66,13.67,0.58,22.2,1.0,0.0,20.9,20.2,0.0,1.0,47.0,23.0,0.0,48.0,22.9,0.0,0.0,0.0,3.21,3.4,3.4,3.4,21.9,25.54,25.64,25.63,25.64,0.53,0.0,1.0,0.0,53.0,0.0,0.0,20.5,0.0,53.0,0.0,0.0,20.4,1.0,1.0,1.0
2022-10-18 00:03:51,17.3,1.0,1.0,20.5,1.0,0.0,0.0,20.4,53.0,21.7,0.0,0.0,0.0,65.0,12.2,0.0,0.0,44.0,23.0,0.0,0.0,42.0,22.8,0.0,0.0,46.0,21.7,0.0,0.0,46.0,21.9,0.0,0.0,0.0,49.0,21.6,0.0,27.0,0.0,52.0,19.8,0.0,0.0,0.0,1.71,1.82,1.82,1.83,11.68,13.6,13.66,13.66,13.67,0.58,22.2,1.0,0.0,20.9,20.2,0.0,1.0,47.0,23.0,0.0,48.0,22.9,0.0,0.0,0.0,3.21,3.4,3.4,3.4,21.9,25.54,25.64,25.63,25.64,0.53,0.0,1.0,0.0,53.0,0.0,0.0,20.5,0.0,53.0,0.0,0.0,20.4,1.0,1.0,1.0
2022-10-18 00:03:52,17.3,1.0,1.0,20.5,1.0,0.0,0.0,20.4,53.0,21.7,0.0,0.0,0.0,65.0,12.2,0.0,0.0,44.0,23.0,0.0,0.0,42.0,22.8,0.0,0.0,46.0,21.7,0.0,0.0,46.0,21.9,0.0,0.0,0.0,49.0,21.6,0.0,27.0,0.0,52.0,19.8,0.0,0.0,0.0,1.71,1.82,1.82,1.83,11.68,13.6,13.66,13.66,13.67,0.58,22.2,1.0,0.0,20.9,20.2,0.0,1.0,47.0,23.0,0.0,48.0,22.9,0.0,0.0,0.0,3.21,3.4,3.4,3.4,21.9,25.54,25.64,25.63,25.64,0.53,0.0,1.0,0.0,53.0,0.0,0.0,20.5,0.0,53.0,0.0,0.0,20.4,1.0,1.0,1.0
2022-10-18 00:03:53,17.3,1.0,1.0,20.5,1.0,0.0,0.0,20.4,53.0,21.7,0.0,0.0,0.0,65.0,12.2,0.0,0.0,44.0,23.0,0.0,0.0,42.0,22.8,0.0,0.0,46.0,21.7,0.0,0.0,46.0,21.9,0.0,0.0,0.0,49.0,21.6,0.0,27.0,0.0,52.0,19.8,0.0,0.0,0.0,1.71,1.82,1.82,1.83,11.68,13.6,13.66,13.66,13.67,0.58,22.2,1.0,0.0,20.9,20.2,0.0,1.0,47.0,23.0,0.0,48.0,22.9,0.0,0.0,0.0,3.21,3.4,3.4,3.4,21.9,25.54,25.64,25.63,25.64,0.53,0.0,1.0,0.0,53.0,0.0,0.0,20.5,0.0,53.0,0.0,0.0,20.4,1.0,1.0,1.0
2022-10-18 00:03:54,17.3,1.0,1.0,20.5,1.0,0.0,0.0,20.4,53.0,21.7,0.0,0.0,0.0,65.0,12.2,0.0,0.0,44.0,23.0,0.0,0.0,42.0,22.8,0.0,0.0,46.0,21.7,0.0,0.0,46.0,21.9,0.0,0.0,0.0,49.0,21.6,0.0,27.0,0.0,52.0,19.8,0.0,0.0,0.0,1.71,1.82,1.82,1.83,11.68,13.6,13.66,13.66,13.67,0.58,22.2,1.0,0.0,20.9,20.2,0.0,1.0,47.0,23.0,0.0,48.0,22.9,0.0,0.0,0.0,3.21,3.4,3.4,3.4,21.9,25.54,25.64,25.63,25.64,0.53,0.0,1.0,0.0,53.0,0.0,0.0,20.5,0.0,53.0,0.0,0.0,20.4,1.0,1.0,1.0
2022-10-18 00:03:55,17.3,1.0,1.0,20.5,1.0,0.0,0.0,20.4,53.0,21.7,0.0,0.0,0.0,65.0,12.2,0.0,0.0,44.0,23.0,0.0,0.0,42.0,22.8,0.0,0.0,46.0,21.7,0.0,0.0,46.0,21.9,0.0,0.0,0.0,49.0,21.6,0.0,27.0,0.0,52.0,19.8,0.0,0.0,0.0,1.71,1.82,1.82,1.83,11.68,13.6,13.66,13.66,13.67,0.58,22.2,1.0,0.0,20.9,20.2,0.0,1.0,47.0,23.0,0.0,48.0,22.9,0.0,0.0,0.0,3.21,3.4,3.4,3.4,21.9,25.54,25.64,25.63,25.64,0.53,0.0,1.0,0.0,53.0,0.0,0.0,20.5,0.0,53.0,0.0,0.0,20.4,1.0,1.0,1.0
2022-10-18 00:03:56,17.3,1.0,1.0,20.5,1.0,0.0,0.0,20.4,53.0,21.7,0.0,0.0,0.0,65.0,12.2,0.0,0.0,44.0,23.0,0.0,0.0,42.0,22.8,0.0,0.0,46.0,21.7,0.0,0.0,46.0,21.9,0.0,0.0,0.0,49.0,21.6,0.0,27.0,0.0,52.0,19.8,0.0,0.0,0.0,1.71,1.82,1.82,1.83,11.68,13.6,13.66,13.66,13.67,0.58,22.2,1.0,0.0,20.9,20.2,0.0,1.0,47.0,23.0,0.0,48.0,22.9,0.0,0.0,0.0,3.21,3.4,3.4,3.4,21.9,25.54,25.64,25.63,25.64,0.53,0.0,1.0,0.0,53.0,0.0,0.0,20.5,0.0,53.0,0.0,0.0,20.4,1.0,1.0,1.0
2022-10-18 00:03:57,17.3,1.0,1.0,20.5,1.0,0.0,0.0,20.4,53.0,21.7,0.0,0.0,0.0,65.0,12.2,0.0,0.0,44.0,23.0,0.0,0.0,42.0,22.8,0.0,0.0,46.0,21.7,0.0,0.0,46.0,21.9,0.0,0.0,0.0,49.0,21.6,0.0,27.0,0.0,52.0,19.8,0.0,0.0,0.0,1.71,1.82,1.82,1.83,11.68,13.6,13.66,13.66,13.67,0.58,22.2,1.0,0.0,20.9,20.2,0.0,1.0,47.0,23.0,0.0,48.0,22.9,0.0,0.0,0.0,3.21,3.4,3.4,3.4,21.9,25.54,25.64,25.63,25.64,0.53,0.0,1.0,0.0,53.0,0.0,0.0,20.5,0.0,53.0,0.0,0.0,20.4,1.0,1.0,1.0
2022-10-18 00:03:58,17.3,1.0,1.0,20.5,1.0,0.0,0.0,20.4,53.0,21.7,0.0,0.0,0.0,65.0,12.2,0.0,0.0,44.0,23.0,0.0,0.0,42.0,22.8,0.0,0.0,46.0,21.7,0.0,0.0,46.0,21.9,0.0,0.0,0.0,49.0,21.6,0.0,27.0,0.0,52.0,19.8,0.0,0.0,0.0,1.71,1.82,1.82,1.83,11.68,13.6,13.66,13.66,13.67,0.58,22.2,1.0,0.0,20.9,20.2,0.0,1.0,47.0,23.0,0.0,48.0,22.9,0.0,0.0,0.0,3.21,3.4,3.4,3.4,21.9,25.54,25.64,25.63,25.64,0.53,0.0,1.0,0.0,53.0,0.0,0.0,20.5,0.0,53.0,0.0,0.0,20.4,1.0,1.0,1.0
2022-10-18 00:03:59,17.3,1.0,1.0,20.5,1.0,0.0,0.0,20.4,53.0,21.7,0.0,0.0,0.0,65.0,12.2,0.0,0.0,44.0,23.0,0.0,0.0,42.0,22.8,0.0,0.0,46.0,21.7,0.0,0.0,46.0,21.9,0.0,0.0,0.0,49.0,21.6,0.0,27.0,0.0,52.0,19.8,0.0,0.0,0.0,1.71,1.82,1.82,1.83,11.68,13.6,13.66,13.66,13.67,0.58,22.2,1.0,0.0,20.9,20.2,0.0,1.0,47.0,23.0,0.0,48.0,22.9,0.0,0.0,0.0,3.21,3.4,3.4,3.4,21.9,25.54,25.64,25.63,25.64,0.53,0.0,1.0,0.0,53.0,0.0,0.0,20.5,0.0,53.0,0.0,0.0,20.4,1.0,1.0,1.0
2022-10-18 00:04:00,17.3,1.0,1.0,20.5,1.0,0.0,0.0,20.4,53.0,21.7,0.0,0.0,0.0,65.0,12.2,0.0,0.0,44.0,23.0,0.0,0.0,42.0,22.8,0.0,0.0,46.0,21.7,0.0,0.0,46.0,21.9,0.0,0.0,0.0,49.0,21.6,0.0,27.0,0.0,52.0,19.8,0.0,0.0,0.0,1.71,1.82,1.82,1.83,11.68,13.6,13.66,13.66,13.67,0.58,22.2,1.0,0.0,20.9,20.2,0.0,1.0,47.0,23.0,0.0,48.0,22.9,0.0,0.0,0.0,3.21,3.4,3.4,3.4,21.9,25.54,25.64,25.63,25.64,0.53,0.0,1.0,0.0,53.0,0.0,0.0,20.5,0.0,53.0,0.0,0.0,20.4,1.0,1.0,1.0
2022-10-18 00:04:01,17.3,1.0,1.0,20.5,1.0,0.0,0.0,20.4,53.0,21.7,0.0,0.0,0.0,65.0,12.2,0.0,0.0,44.0,23.0,0.0,0.0,42.0,22.8,0.0,0.0,46.0,21.7,0.0,0.0,46.0,21.9,0.0,0.0,0.0,49.0,21.6,0.0,27.0,0.0,52.0,19.8,0.0,0.0,0.0,1.71,1.82,1.82,1.83,11.68,13.6,13.66,13.66,13.67,0.58,22.2,1.0,0.0,20.9,20.2,0.0,1.0,47.0,23.0,0.0,48.0,22.9,0.0,0.0,0.0,3.21,3.4,3.4,3.4,21.9,25.54,25.64,25.63,25.64,0.53,0.0,1.0,0.0,53.0,0.0,0.0,20.5,0.0,53.0,0.0,0.0,20.4,1.0,1.0,1.0
2022-10-18 00:04:02,17.3,1.0,1.0,20.5,1.0,0.0,0.0,20.4,53.0,21.7,0.0,0.0,0.0,65.0,12.2,0.0,0.0,44.0,23.0,0.0,0.0,42.0,22.8,0.0,0.0,46.0,21.7,0.0,0.0,46.0,21.9,0.0,0.0,0.0,49.0,21.6,0.0,27.0,0.0,52.0,19.8,0.0,0.0,0.0,1.71,1.82,1.82,1.83,11.68,13.6,13.66,13.66,13.67,0.58,22.2,1.0,0.0,20.9,20.2,0.0,1.0,47.0,23.0,0.0,48.0,22.9,0.0,0.0,0.0,3.21,3.4,3.4,3.4,21.9,25.54,25.64,25.63,25.64,0.53,0.0,1.0,0.0,53.0,0.0,0.0,20.5,0.0,53.0,0.0,0.0,20.4,1.0,1.0,1.0
2022-10-18 00:04:03,17.3,1.0,1.0,20.5,1.0,0.0,0.0,20.4,53.0,21.7,0.0,0.0,0.0,65.0,12.2,0.0,0.0,44.0,23.0,0.0,0.0,42.0,22.8,0.0,0.0,46.0,21.7,0.0,0.0,46.0,21.9,0.0,0.0,0.0,49.0,21.6,0.0,27.0,0.0,52.0,19.8,0.0,0.0,0.0,1.71,1.82,1.82,1.83,11.68,13.6,13.66,13.66,13.67,0.58,22.2,1.0,0.0,20.9,20.2,0.0,1.0,47.0,23.0,0.0,48.0,22.9,0.0,0.0,0.0,3.21,3.4,3.4,3.4,21.9,25.54,25.64,25.63,25.64,0.53,0.0,1.0,0.0,53.0,0.0,0.0,20.5,0.0,53.0,0.0,0.0,20.4,1.0,1.0,1.0
2022-10-18 00:04:04,17.3,1.0,1.0,20.5,1.0,0.0,0.0,20.4,53.0,21.7,0.0,0.0,0.0,65.0,12.2,0.0,0.0,44.0,23.0,0.0,0.0,42.0,22.8,0.0,0.0,46.0,21.7,0.0,0.0,46.0,21.9,0.0,0.0,0.0,49.0,21.6,0.0,27.0,0.0,52.0,19.8,0.0,0.0,0.0,1.71,1.82,1.82,1.83,11.68,13.6,13.66,13.66,13.67,0.58,22.2,1.0,0.0,20.9,20.2,0.0,1.0,47.0,23.0,0.0,48.0,22.9,0.0,0.0,0.0,3.21,3.4,3.4,3.4,21.9,25.54,25.64,25.63,25.64,0.53,0.0,1.0,0.0,53.0,0.0,0.0,20.5,0.0,53.0,0.0,0.0,20.4,1.0,1.0,1.0
2022-10-18 00:04:05,17.3,1.0,1.0,20.5,1.0,0.0,0.0,20.4,53.0,21.7,0.0,0.0,0.0,65.0,12.2,0.0,0.0,44.0,23.0,0.0,0.0,42.0,22.8,0.0,0.0,46.0,21.7,0.0,0.0,46.0,21.9,0.0,0.0,0.0,49.0,21.6,0.0,27.0,0.0,52.0,19.8,0.0,0.0,0.0,1.71,1.82,1.82,1.83,11.68,13.6,13.66,13.66,13.67,0.58,22.2,1.0,0.0,20.9,20.2,0.0,1.0,47.0,23.0,0.0,48.0,22.9,0.0,0.0,0.0,3.21,3.4,3.4,3.4,21.9,25.54,25.64,25.63,25.64,0.53,0.0,1.0,0.0,53.0,0.0,0.0,20.5,0.0,53.0,0.0,0.0,20.4,1.0,1.0,1.0
2022-10-18 00:04:06,17.3,1.0,1.0,20.5,1.0,0.0,0.0,20.4,53.0,21.7,0.0,0.0,0.0,65.0,12.2,0.0,0.0,44.0,23.0,0.0,0.0,42.0,22.8,0.0,0.0,46.0,21.7,0.0,0.0,46.0,21.9,0.0,0.0,0.0,49.0,21.6,0.0,27.0,0.0,52.0,19.8,0.0,0.0,0.0,1.71,1.82,1.82,1.83,11.68,13.6,13.66,13.66,13.67,0.58,22.2,1.0,0.0,20.9,20.2,0.0,1.0,47.0,23.0,0.0,48.0,22.9,0.0,0.0,0.0,3.21,3.4,3.4,3.4,21.9,25.54,25.64,25.63,25.64,0.53,0.0,1.0,0.0,53.0,0.0,0.0,20.5,0.0,53.0,0.0,0.0,20.4,1.0,1.0,1.0
2022-10-18 00:04:07,17.3,1.0,1.0,20.5,1.0,0.0,0.0,20.4,53.0,21.7,0.0,0.0,0.0,65.0,12.2,0.0,0.0,44.0,23.0,0.0,0.0,42.0,22.8,0.0,0.0,46.0,21.7,0.0,0.0,46.0,21.9,0.0,0.0,0.0,49.0,21.6,0.0,27.0,0.0,52.0,19.8,0.0,0.0,0.0,1.71,1.82,1.82,1.83,11.68,13.6,13.66,13.66,13.67,0.58,22.2,1.0,0.0,20.9,20.2,0.0,1.0,47.0,23.0,0.0,48.0,22.9,0.0,0.0,0.0,3.21,3.4,3.4,3.4,21.9,25.54,25.64,25.63,25.64,0.53,0.0,1.0,0.0,53.0,0.0,0.0,20.5,0.0,53.0,0.0,0.0,20.4,1.0,1.0,1.0
2022-10-18 00:04:08,17.3,1.0,1.0,20.5,1.0,0.0,0.0,20.4,53.0,21.7,0.0,0.0,0.0,65.0,12.2,0.0,0.0,44.0,23.0,0.0,0.0,42.0,22.8,0.0,0.0,46.0,21.7,0.0,0.0,46.0,21.9,0.0,0.0,0.0,49.0,21.6,0.0,27.0,0.0,52.0,19.8,0.0,0.0,0.0,1.71,1.82,1.82,1.83,11.68,13.6,13.66,13.66,13.67,0.58,22.2,1.0,0.0,20.9,20.2,0.0,1.0,47.0,23.0,0.0,48.0,22.9,0.0,0.0,0.0,3.21,3.4,3.4,3.4,21.9,25.54,25.64,25.63,25.64,0.53,0.0,1.0,0.0,53.0,0.0,0.0,20.5,0.0,53.0,0.0,0.0,20.4,1.0,1.0,1.0
2022-10-18 00:04:09,17.3,1.0,1.0,20.5,1.0,0.0,0.0,20.4,53.0,21.7,0.0,0.0,0.0,65.0,12.2,0.0,0.0,44.0,23.0,0.0,0.0,42.0,22.8,0.0,0.0,46.0,21.7,0.0,0.0,46.0,21.9,0.0,0.0,0.0,49.0,21.6,0.0,27.0,0.0,52.0,19.8,0.0,0.0,0.0,1.71,1.82,1.82,1.83,11.68,13.6,13.66,13.66,13.67,0.58,22.2,1.0,0.0,20.9,20.2,0.0,1.0,47.0,23.0,0.0,48.0,22.9,0.0,0.0,0.0,3.21,3.4,3.4,3.4,21.9,25.54,25.64,25.63,25.64,0.53,0.0,1.0,0.0,53.0,0.0,0.0,20.5,0.0,53.0,0.0,0.0,20.4,1.0,1.0,1.0
2022-10-18 00:04:10,17.3,1.0,1.0,20.5,1.0,0.0,0.0,20.4,53.0,21.7,0.0,0.0,0.0,65.0,12.2,0.0,0.0,44.0,23.0,0.0,0.0,42.0,22.8,0.0,0.0,46.0,21.7,0.0,0.0,46.0,21.9,0.0,0.0,0.0,49.0,21.6,0.0,27.0,0.0,52.0,19.8,0.0,0.0,0.0,1.71,1.82,1.82,1.83,11.68,13.6,13.66,13.66,13.67,0.58,22.2,1.0,0.0,20.9,20.2,0.0,1.0,47.0,23.0,0.0,48.0,22.9,0.0,0.0,0.0,3.21,3.4,3.4,3.4,21.9,25.54,25.64,25.63,25.64,0.53,0.0,1.0,0.0,53.0,0.0,0.0,20.5,0.0,53.0,0.0,0.0,20.4,1.0,1.0,1.0
2022-10-18 00:04:11,17.3,1.0,1.0,20.5,1.0,0.0,0.0,20.4,53.0,21.7,0.0,0.0,0.0,65.0,12.2,0.0,0.0,44.0,23.0,0.0,0.0,42.0,22.8,0.0,0.0,46.0,21.7,0.0,0.0,46.0,21.9,0.0,0.0,0.0,49.0,21.6,0.0,27.0,0.0,52.0,19.8,0.0,0.0,0.0,1.71,1.82,1.82,1.83,11.68,13.6,13.66,13.66,13.67,0.58,22.2,1.0,0.0,20.9,20.2,0.0,1.0,47.0,23.0,0.0,48.0,22.9,0.0,0.0,0.0,3.21,3.4,3.4,3.4,21.9,25.54,25.64,25.63,25.64,0.53,0.0,1.0,0.0,53.0,0.0,0.0,20.5,0.0,53.0,0.0,0.0,20.4,1.0,1.0,1.0
2022-10-18 00:04:12,17.3,1.0,1.0,20.5,1.0,0.0,0.0,20.4,53.0,21.7,0.0,0.0,0.0,65.0,12.2,0.0,0.0,44.0,23.0,0.0,0.0,42.0,22.8,0.0,0.0,46.0,21.7,0.0,0.0,46.0,21.9,0.0,0.0,0.0,49.0,21.6,0.0,27.0,0.0,52.0,19.8,0.0,0.0,0.0,1.71,1.82,1.82,1.83,11.68,13.6,13.66,13.66,13.67,0.58,22.2,1.0,0.0,20.9,20.2,0.0,1.0,47.0,23.0,0.0,48.0,22.9,0.0,0.0,0.0,3.21,3.4,3.4,3.4,21.9,25.54,25.64,25.63,25.64,0.53,0.0,1.0,0.0,53.0,0.0,0.0,20.5,0.0,53.0,0.0,0.0,20.4,1.0,1.0,1.0
2022-10-18 00:04:13,17.3,1.0,1.0,20.5,1.0,0.0,0.0,20.4,53.0,21.7,0.0,0.0,0.0,65.0,12.2,0.0,0.0,44.0,23.0,0.0,0.0,42.0,22.8,0.0,0.0,46.0,21.7,0.0,0.0,46.0,21.9,0.0,0.0,0.0,49.0,21.6,0.0,27.0,0.0,52.0,19.8,0.0,0.0,0.0,1.71,1.82,1.82,1.83,11.68,13.6,13.66,13.66,13.67,0.58,22.2,1.0,0.0,20.9,20.2,0.0,1.0,47.0,23.0,0.0,48.0,22.9,0.0,0.0,0.0,3.21,3.4,3.4,3.4,21.9,25.54,25.64,25.63,25.64,0.53,0.0,1.0,0.0,53.0,0.0,0.0,20.5,0.0,53.0,0.0,0.0,20.4,1.0,1.0,1.0
2022-10-18 00:04:14,17.3,1.0,1.0,20.5,1.0,0.0,0.0,20.4,53.0,21.7,0.0,0.0,0.0,65.0,12.2,0.0,0.0,44.0,23.0,0.0,0.0,42.0,22.8,0.0,0.0,46.0,21.7,0.0,0.0,46.0,21.9,0.0,0.0,0.0,49.0,21.6,0.0,27.0,0.0,52.0,19.8,0.0,0.0,0.0,1.71,1.82,1.82,1.83,11.68,13.6,13.66,13.66,13.67,0.58,22.2,1.0,0.0,20.9,20.2,0.0,1.0,47.0,23.0,0.0,48.0,22.9,0.0,0.0,0.0,3.21,3.4,3.4,3.4,21.9,25.54,25.64,25.63,25.64,0.53,0.0,1.0,0.0,53.0,0.0,0.0,20.5,0.0,53.0,0.0,0.0,20.4,1.0,1.0,1.0
2022-10-18 00:04:15,17.3,1.0,1.0,20.5,1.0,0.0,0.0,20.4,53.0,21.7,0.0,0.0,0.0,65.0,12.2,0.0,0.0,44.0,23.0,0.0,0.0,42.0,22.8,0.0,0.0,46.0,21.7,0.0,0.0,46.0,21.9,0.0,0.0,0.0,49.0,21.6,0.0,27.0,0.0,52.0,19.8,0.0,0.0,0.0,1.71,1.82,1.82,1.83,11.68,13.6,13.66,13.66,13.67,0.58,22.2,1.0,0.0,20.9,20.2,0.0,1.0,47.0,23.0,0.0,48.0,22.9,0.0,0.0,0.0,3.21,3.4,3.4,3.4,21.9,25.54,25.64,25.63,25.64,0.53,0.0,1.0,0.0,53.0,0.0,0.0,20.5,0.0,53.0,0.0,0.0,20.4,1.0,1.0,1.0
2022-10-18 00:04:16,17.3,1.0,1.0,20.5,1.0,0.0,0.0,20.4,53.0,21.7,0.0,0.0,0.0,65.0,12.2,0.0,0.0,44.0,23.0,0.0,0.0,42.0,22.8,0.0,0.0,46.0,21.7,0.0,0.0,46.0,21.9,0.0,0.0,0.0,49.0,21.6,0.0,27.0,0.0,52.0,19.8,0.0,0.0,0.0,1.71,1.82,1.82,1.83,11.68,13.6,13.66,13.66,13.67,0.58,22.2,1.0,0.0,20.9,20.2,0.0,1.0,47.0,23.0,0.0,48.0,22.9,0.0,0.0,0.0,3.21,3.4,3.4,3.4,21.9,25.54,25.64,25.63,25.64,0.53,0.0,1.0,0.0,53.0,0.0,0.0,20.5,0.0,53.0,0.0,0.0,20.4,1.0,1.0,1.0
2022-10-18 00:04:17,17.3,1.0,1.0,20.5,1.0,0.0,0.0,20.4,53.0,21.7,0.0,0.0,0.0,65.0,12.2,0.0,0.0,44.0,23.0,0.0,0.0,42.0,22.8,0.0,0.0,46.0,21.7,0.0,0.0,46.0,21.9,0.0,0.0,0.0,49.0,21.6,0.0,27.0,0.0,52.0,19.8,0.0,0.0,0.0,1.71,1.82,1.82,1.83,11.68,13.6,13.66,13.66,13.67,0.58,22.2,1.0,0.0,20.9,20.2,0.0,1.0,47.0,23.0,0.0,48.0,22.9,0.0,0.0,0.0,3.21,3.4,3.4,3.4,21.9,25.54,25.64,25.63,25.64,0.53,0.0,1.0,0.0,53.0,0.0,0.0,20.5,0.0,53.0,0.0,0.0,20.4,1.0,1.0,1.0
2022-10-18 00:04:18,17.3,1.0,1.0,20.5,1.0,0.0,0.0,20.4,53.0,21.7,0.0,0.0,0.0,65.0,12.2,0.0,0.0,44.0,23.0,0.0,0.0,42.0,22.8,0.0,0.0,46.0,21.7,0.0,0.0,46.0,21.9,0.0,0.0,0.0,49.0,21.6,0.0,27.0,0.0,52.0,19.8,0.0,0.0,0.0,1.71,1.82,1.82,1.83,11.68,13.6,13.66,13.66,13.67,0.58,22.2,1.0,0.0,20.9,20.2,0.0,1.0,47.0,23.0,0.0,48.0,22.9,0.0,0.0,0.0,3.21,3.4,3.4,3.4,21.9,25.54,25.64,25.63,25.64,0.53,0.0,1.0,0.0,53.0,0.0,0.0,20.5,0.0,53.0,0.0,0.0,20.4,1.0,1.0,1.0
2022-10-18 00:04:19,17.3,1.0,1.0,20.5,1.0,0.0,0.0,20.4,53.0,21.7,0.0,0.0,0.0,65.0,12.2,0.0,0.0,44.0,23.0,0.0,0.0,42.0,22.8,0.0,0.0,46.0,21.7,0.0,0.0,46.0,21.9,0.0,0.0,0.0,49.0,21.6,0.0,27.0,0.0,52.0,19.8,0.0,0.0,0.0,1.71,1.82,1.82,1.83,11.68,13.6,13.66,13.66,13.67,0.58,22.2,1.0,0.0,20.9,20.2,0.0,1.0,47.0,23.0,0.0,48.0,22.9,0.0,0.0,0.0,3.21,3.4,3.4,3.4,21.9,25.54,25.64,25.63,25.64,0.53,0.0,1.0,0.0,53.0,0.0,0.0,20.5,0.0,53.0,0.0,0.0,20.4,1.0,1.0,1.0
2022-10-18 00:04:20,17.3,1.0,1.0,20.5,1.0,0.0,0.0,20.4,53.0,21.7,0.0,0.0,0.0,65.0,12.2,0.0,0.0,44.0,23.0,0.0,0.0,42.0,22.8,0.0,0.0,46.0,21.7,0.0,0.0,46.0,21.9,0.0,0.0,0.0,49.0,21.6,0.0,27.0,0.0,52.0,19.8,0.0,0.0,0.0,1.71,1.82,1.82,1.83,11.68,13.6,13.66,13.66,13.67,0.58,22.2,1.0,0.0,20.9,20.2,0.0,1.0,47.0,23.0,0.0,48.0,22.9,0.0,0.0,0.0,3.21,3.4,3.4,3.4,21.9,25.54,25.64,25.63,25.64,0.53,0.0,1.0,0.0,53.0,0.0,0.0,20.5,0.0,53.0,0.0,0.0,20.4,1.0,1.0,1.0
2022-10-18 00:04:21,17.3,1.0,1.0,20.5,1.0,0.0,0.0,20.4,53.0,21.7,0.0,0.0,0.0,65.0,12.2,0.0,0.0,44.0,23.0,0.0,0.0,42.0,22.8,0.0,0.0,46.0,21.7,0.0,0.0,46.0,21.9,0.0,0.0,0.0,49.0,21.6,0.0,27.0,0.0,52.0,19.8,0.0,0.0,0.0,1.71,1.82,1.82,1.83,11.68,13.6,13.66,13.66,13.67,0.58,22.2,1.0,0.0,20.9,20.2,0.0,1.0,47.0,23.0,0.0,48.0,22.9,0.0,0.0,0.0,3.21,3.4,3.4,3.4,21.9,25.54,25.64,25.63,25.64,0.53,0.0,1.0,0.0,53.0,0.0,0.0,20.5,0.0,53.0,0.0,0.0,20.4,1.0,1.0,1.0
2022-10-18 00:04:22,17.3,1.0,1.0,20.5,1.0,0.0,0.0,20.4,53.0,21.7,0.0,0.0,0.0,65.0,12.2,0.0,0.0,44.0,23.0,0.0,0.0,42.0,22.8,0.0,0.0,46.0,21.7,0.0,0.0,46.0,21.9,0.0,0.0,0.0,49.0,21.6,0.0,27.0,0.0,52.0,19.8,0.0,0.0,0.0,1.71,1.82,1.82,1.83,11.68,13.6,13.66,13.66,13.67,0.58,22.2,1.0,0.0,20.9,20.2,0.0,1.0,47.0,23.0,0.0,48.0,22.9,0.0,0.0,0.0,3.21,3.4,3.4,3.4,21.9,25.54,25.64,25.63,25.64,0.53,0.0,1.0,0.0,53.0,0.0,0.0,20.5,0.0,53.0,0.0,0.0,20.4,1.0,1.0,1.0
2022-10-18 00:04:23,17.3,1.0,1.0,20.5,1.0,0.0,0.0,20.4,53.0,21.7,0.0,0.0,0.0,65.0,12.2,0.0,0.0,44.0,23.0,0.0,0.0,42.0,22.8,0.0,0.0,46.0,21.7,0.0,0.0,46.0,21.9,0.0,0.0,0.0,49.0,21.6,0.0,27.0,0.0,52.0,19.8,0.0,0.0,0.0,1.71,1.82,1.82,1.83,11.68,13.6,13.66,13.66,13.67,0.58,22.2,1.0,0.0,20.9,20.2,0.0,1.0,47.0,23.0,0.0,48.0,22.9,0.0,0.0,0.0,3.21,3.4,3.4,3.4,21.9,25.54,25.64,25.63,25.64,0.53,0.0,1.0,0.0,53.0,0.0,0.0,20.5,0.0,53.0,0.0,0.0,20.4,1.0,1.0,1.0
2022-10-18 00:04:24,17.3,1.0,1.0,20.5,1.0,0.0,0.0,20.4,53.0,21.7,0.0,0.0,0.0,65.0,12.2,0.0,0.0,44.0,23.0,0.0,0.0,42.0,22.8,0.0,0.0,46.0,21.7,0.0,0.0,46.0,21.9,0.0,0.0,0.0,49.0,21.6,0.0,27.0,0.0,52.0,19.8,0.0,0.0,0.0,1.71,1.82,1.82,1.83,11.68,13.6,13.66,13.66,13.67,0.58,22.2,1.0,0.0,20.9,20.2,0.0,1.0,47.0,23.0,0.0,48.0,22.9,0.0,0.0,0.0,3.21,3.4,3.4,3.4,21.9,25.54,25.64,25.63,25.64,0.53,0.0,1.0,0.0,53.0,0.0,0.0,20.5,0.0,53.0,0.0,0.0,20.4,1.0,1.0,1.0
2022-10-18 00:04:25,17.3,1.0,1.0,20.5,1.0,0.0,0.0,20.4,53.0,21.7,0.0,0.0,0.0,65.0,12.2,0.0,0.0,44.0,23.0,0.0,0.0,42.0,22.8,0.0,0.0,46.0,21.7,0.0,0.0,46.0,21.9,0.0,0.0,0.0,49.0,21.6,0.0,27.0,0.0,52.0,19.8,0.0,0.0,0.0,1.71,1.82,1.82,1.83,11.68,13.6,13.66,13.66,13.67,0.58,22.2,1.0,0.0,20.9,20.2,0.0,1.0,47.0,23.0,0.0,48.0,22.9,0.0,0.0,0.0,3.21,3.4,3.4,3.4,21.9,25.54,25.64,25.63,25.64,0.53,0.0,1.0,0.0,53.0,0.0,0.0,20.5,0.0,53.0,0.0,0.0,20.4,1.0,1.0,1.0
2022-10-18 00:04:26,17.3,1.0,1.0,20.5,1.0,0.0,0.0,20.4,53.0,21.7,0.0,0.0,0.0,65.0,12.2,0.0,0.0,44.0,23.0,0.0,0.0,42.0,22.8,0.0,0.0,46.0,21.7,0.0,0.0,46.0,21.9,0.0,0.0,0.0,49.0,21.6,0.0,27.0,0.0,52.0,19.8,0.0,0.0,0.0,1.71,1.82,1.82,1.83,11.68,13.6,13.66,13.66,13.67,0.58,22.2,1.0,0.0,20.9,20.2,0.0,1.0,47.0,23.0,0.0,48.0,22.9,0.0,0.0,0.0,3.21,3.4,3.4,3.4,21.9,25.54,25.64,25.63,25.64,0.53,0.0,1.0,0.0,53.0,0.0,0.0,20.5,0.0,53.0,0.0,0.0,20.4,1.0,1.0,1.0
2022-10-18 00:04:27,17.3,1.0,1.0,20.5,1.0,0.0,0.0,20.4,53.0,21.7,0.0,0.0,0.0,65.0,12.2,0.0,0.0,44.0,23.0,0.0,0.0,42.0,22.8,0.0,0.0,46.0,21.7,0.0,0.0,46.0,21.9,0.0,0.0,0.0,49.0,21.6,0.0,27.0,0.0,52.0,19.8,0.0,0.0,0.0,1.71,1.82,1.82,1.83,11.68,13.6,13.66,13.66,13.67,0.58,22.2,1.0,0.0,20.9,20.2,0.0,1.0,47.0,23.0,0.0,48.0,22.9,0.0,0.0,0.0,3.21,3.4,3.4,3.4,21.9,25.54,25.64,25.63,25.64,0.53,0.0,1.0,0.0,53.0,0.0,0.0,20.5,0.0,53.0,0.0,0.0,20.4,1.0,1.0,1.0
2022-10-18 00:04:28,17.3,1.0,1.0,20.5,1.0,0.0,0.0,20.4,53.0,21.7,0.0,0.0,0.0,65.0,12.2,0.0,0.0,44.0,23.0,0.0,0.0,42.0,22.8,0.0,0.0,46.0,21.7,0.0,0.0,46.0,21.9,0.0,0.0,0.0,49.0,21.6,0.0,27.0,0.0,52.0,19.8,0.0,0.0,0.0,1.71,1.82,1.82,1.83,11.68,13.6,13.66,13.66,13.67,0.58,22.2,1.0,0.0,20.9,20.2,0.0,1.0,47.0,23.0,0.0,48.0,22.9,0.0,0.0,0.0,3.21,3.4,3.4,3.4,21.9,25.54,25.64,25.63,25.64,0.53,0.0,1.0,0.0,53.0,0.0,0.0,20.5,0.0,53.0,0.0,0.0,20.4,1.0,1.0,1.0
2022-10-18 00:04:29,17.3,1.0,1.0,20.5,1.0,0.0,0.0,20.4,53.0,21.7,0.0,0.0,0.0,65.0,12.2,0.0,0.0,44.0,23.0,0.0,0.0,42.0,22.8,0.0,0.0,46.0,21.7,0.0,0.0,46.0,21.9,0.0,0.0,0.0,49.0,21.6,0.0,27.0,0.0,52.0,19.8,0.0,0.0,0.0,1.71,1.82,1.82,1.83,11.68,13.6,13.66,13.66,13.67,0.58,22.2,1.0,0.0,20.9,20.2,0.0,1.0,47.0,23.0,0.0,48.0,22.9,0.0,0.0,0.0,3.21,3.4,3.4,3.4,21.9,25.54,25.64,25.63,25.64,0.53,0.0,1.0,0.0,53.0,0.0,0.0,20.5,0.0,53.0,0.0,0.0,20.4,1.0,1.0,1.0
2022-10-18 00:04:30,17.3,1.0,1.0,20.5,1.0,0.0,0.0,20.4,53.0,21.7,0.0,0.0,0.0,65.0,12.2,0.0,0.0,44.0,23.0,0.0,0.0,42.0,22.8,0.0,0.0,46.0,21.7,0.0,0.0,46.0,21.9,0.0,0.0,0.0,49.0,21.6,0.0,27.0,0.0,52.0,19.8,0.0,0.0,0.0,1.71,1.82,1.82,1.83,11.68,13.6,13.66,13.66,13.67,0.58,22.2,1.0,0.0,20.9,20.2,0.0,1.0,47.0,23.0,0.0,48.0,22.9,0.0,0.0,0.0,3.21,3.4,3.4,3.4,21.9,25.54,25.64,25.63,25.64,0.53,0.0,1.0,0.0,53.0,0.0,0.0,20.5,0.0,53.0,0.0,0.0,20.4,1.0,1.0,1.0
2022-10-18 00:04:31,17.3,1.0,1.0,20.5,1.0,0.0,0.0,20.4,53.0,21.7,0.0,0.0,0.0,65.0,12.2,0.0,0.0,44.0,23.0,0.0,0.0,42.0,22.8,0.0,0.0,46.0,21.7,0.0,0.0,46.0,21.9,0.0,0.0,0.0,49.0,21.6,0.0,27.0,0.0,52.0,19.8,0.0,0.0,0.0,1.71,1.82,1.82,1.83,11.68,13.6,13.66,13.66,13.67,0.58,22.2,1.0,0.0,20.9,20.2,0.0,1.0,47.0,23.0,0.0,48.0,22.9,0.0,0.0,0.0,3.21,3.4,3.4,3.4,21.9,25.54,25.64,25.63,25.64,0.53,0.0,1.0,0.0,53.0,0.0,0.0,20.5,0.0,53.0,0.0,0.0,20.4,1.0,1.0,1.0
2022-10-18 00:04:32,17.3,1.0,1.0,20.5,1.0,0.0,0.0,20.4,53.0,21.7,0.0,0.0,0.0,65.0,12.2,0.0,0.0,44.0,23.0,0.0,0.0,42.0,22.8,0.0,0.0,46.0,21.7,0.0,0.0,46.0,21.9,0.0,0.0,0.0,49.0,21.6,0.0,27.0,0.0,52.0,19.8,0.0,0.0,0.0,1.71,1.82,1.82,1.83,11.68,13.6,13.66,13.66,13.67,0.58,22.2,1.0,0.0,20.9,20.2,0.0,1.0,47.0,23.0,0.0,48.0,22.9,0.0,0.0,0.0,3.21,3.4,3.4,3.4,21.9,25.54,25.64,25.63,25.64,0.53,0.0,1.0,0.0,53.0,0.0,0.0,20.5,0.0,53.0,0.0,0.0,20.4,1.0,1.0,1.0
2022-10-18 00:04:33,17.3,1.0,1.0,20.5,1.0,0.0,0.0,20.4,53.0,21.7,0.0,0.0,0.0,65.0,12.2,0.0,0.0,44.0,23.0,0.0,0.0,42.0,22.8,0.0,0.0,46.0,21.7,0.0,0.0,46.0,21.9,0.0,0.0,0.0,49.0,21.6,0.0,27.0,0.0,52.0,19.8,0.0,0.0,0.0,1.71,1.82,1.82,1.83,11.68,13.6,13.66,13.66,13.67,0.58,22.2,1.0,0.0,20.9,20.2,0.0,1.0,47.0,23.0,0.0,48.0,22.9,0.0,0.0,0.0,3.21,3.4,3.4,3.4,21.9,25.54,25.64,25.63,25.64,0.53,0.0,1.0,0.0,53.0,0.0,0.0,20.5,0.0,53.0,0.0,0.0,20.4,1.0,1.0,1.0
2022-10-18 00:04:34,17.3,1.0,1.0,20.5,1.0,0.0,0.0,20.4,53.0,21.7,0.0,0.0,0.0,65.0,12.2,0.0,0.0,44.0,23.0,0.0,0.0,42.0,22.8,0.0,0.0,46.0,21.7,0.0,0.0,46.0,21.9,0.0,0.0,0.0,49.0,21.6,0.0,27.0,0.0,52.0,19.8,0.0,0.0,0.0,1.71,1.82,1.82,1.83,11.68,13.6,13.66,13.66,13.67,0.58,22.2,1.0,0.0,20.9,20.2,0.0,1.0,47.0,23.0,0.0,48.0,22.9,0.0,0.0,0.0,3.21,3.4,3.4,3.4,21.9,25.54,25.64,25.63,25.64,0.53,0.0,1.0,0.0,53.0,0.0,0.0,20.5,0.0,53.0,0.0,0.0,20.4,1.0,1.0,1.0
2022-10-18 00:04:35,17.3,1.0,1.0,20.5,1.0,0.0,0.0,20.4,53.0,21.7,0.0,0.0,0.0,65.0,12.2,0.0,0.0,44.0,23.0,0.0,0.0,42.0,22.8,0.0,0.0,46.0,21.7,0.0,0.0,46.0,21.9,0.0,0.0,0.0,49.0,21.6,0.0,27.0,0.0,52.0,19.8,0.0,0.0,0.0,1.71,1.82,1.82,1.83,11.68,13.6,13.66,13.66,13.67,0.58,22.2,1.0,0.0,20.9,20.2,0.0,1.0,47.0,23.0,0.0,48.0,22.9,0.0,0.0,0.0,3.21,3.4,3.4,3.4,21.9,25.54,25.64,25.63,25.64,0.53,0.0,1.0,0.0,53.0,0.0,0.0,20.5,0.0,53.0,0.0,0.0,20.4,1.0,1.0,1.0
2022-10-18 00:04:36,17.3,1.0,1.0,20.5,1.0,0.0,0.0,20.4,53.0,21.7,0.0,0.0,0.0,65.0,12.2,0.0,0.0,44.0,23.0,0.0,0.0,42.0,22.8,0.0,0.0,46.0,21.7,0.0,0.0,46.0,21.9,0.0,0.0,0.0,49.0,21.6,0.0,27.0,0.0,52.0,19.8,0.0,0.0,0.0,1.71,1.82,1.82,1.83,11.68,13.6,13.66,13.66,13.67,0.58,22.2,1.0,0.0,20.9,20.2,0.0,1.0,47.0,23.0,0.0,48.0,22.9,0.0,0.0,0.0,3.21,3.4,3.4,3.4,21.9,25.54,25.64,25.63,25.64,0.53,0.0,1.0,0.0,53.0,0.0,0.0,20.5,0.0,53.0,0.0,0.0,20.4,1.0,1.0,1.0
2022-10-18 00:04:37,17.3,1.0,1.0,20.5,1.0,0.0,0.0,20.4,53.0,21.7,0.0,0.0,0.0,65.0,12.2,0.0,0.0,44.0,23.0,0.0,0.0,42.0,22.8,0.0,0.0,46.0,21.7,0.0,0.0,46.0,21.9,0.0,0.0,0.0,49.0,21.6,0.0,27.0,0.0,52.0,19.8,0.0,0.0,0.0,1.71,1.82,1.82,1.83,11.68,13.6,13.66,13.66,13.67,0.58,22.2,1.0,0.0,20.9,20.2,0.0,1.0,47.0,23.0,0.0,48.0,22.9,0.0,0.0,0.0,3.21,3.4,3.4,3.4,21.9,25.54,25.64,25.63,25.64,0.53,0.0,1.0,0.0,53.0,0.0,0.0,20.5,0.0,53.0,0.0,0.0,20.4,1.0,1.0,1.0
2022-10-18 00:04:38,17.3,1.0,1.0,20.5,1.0,0.0,0.0,20.4,53.0,21.7,0.0,0.0,0.0,65.0,12.2,0.0,0.0,44.0,23.0,0.0,0.0,42.0,22.8,0.0,0.0,46.0,21.7,0.0,0.0,46.0,21.9,0.0,0.0,0.0,49.0,21.6,0.0,27.0,0.0,52.0,19.8,0.0,0.0,0.0,1.71,1.82,1.82,1.83,11.68,13.6,13.66,13.66,13.67,0.58,22.2,1.0,0.0,20.9,20.2,0.0,1.0,47.0,23.0,0.0,48.0,22.9,0.0,0.0,0.0,3.21,3.4,3.4,3.4,21.9,25.54,25.64,25.63,25.64,0.53,0.0,1.0,0.0,53.0,0.0,0.0,20.5,0.0,53.0,0.0,0.0,20.4,1.0,1.0,1.0
2022-10-18 00:04:39,17.3,1.0,1.0,20.5,1.0,0.0,0.0,20.4,53.0,21.7,0.0,0.0,0.0,65.0,12.2,0.0,0.0,44.0,23.0,0.0,0.0,42.0,22.8,0.0,0.0,46.0,21.7,0.0,0.0,46.0,21.9,0.0,0.0,0.0,49.0,21.6,0.0,27.0,0.0,52.0,19.8,0.0,0.0,0.0,1.71,1.82,1.82,1.83,11.68,13.6,13.66,13.66,13.67,0.58,22.2,1.0,0.0,20.9,20.2,0.0,1.0,47.0,23.0,0.0,48.0,22.9,0.0,0.0,0.0,3.21,3.4,3.4,3.4,21.9,25.54,25.64,25.63,25.64,0.53,0.0,1.0,0.0,53.0,0.0,0.0,20.5,0.0,53.0,0.0,0.0,20.4,1.0,1.0,1.0
2022-10-18 00:04:40,17.3,1.0,1.0,20.5,1.0,0.0,0.0,20.4,53.0,21.7,0.0,0.0,0.0,65.0,12.2,0.0,0.0,44.0,23.0,0.0,0.0,42.0,22.8,0.0,0.0,46.0,21.7,0.0,0.0,46.0,21.9,0.0,0.0,0.0,49.0,21.6,0.0,27.0,0.0,52.0,19.8,0.0,0.0,0.0,1.71,1.82,1.82,1.83,11.68,13.6,13.66,13.66,13.67,0.58,22.2,1.0,0.0,20.9,20.2,0.0,1.0,47.0,23.0,0.0,48.0,22.9,0.0,0.0,0.0,3.21,3.4,3.4,3.4,21.9,25.54,25.64,25.63,25.64,0.53,0.0,1.0,0.0,53.0,0.0,0.0,20.5,0.0,53.0,0.0,0.0,20.4,1.0,1.0,1.0
2022-10-18 00:04:41,17.3,1.0,1.0,20.5,1.0,0.0,0.0,20.4,53.0,21.7,0.0,0.0,0.0,65.0,12.2,0.0,0.0,44.0,23.0,0.0,0.0,42.0,22.8,0.0,0.0,46.0,21.7,0.0,0.0,46.0,21.9,0.0,0.0,0.0,49.0,21.6,0.0,27.0,0.0,52.0,19.8,0.0,0.0,0.0,1.71,1.82,1.82,1.83,11.68,13.6,13.66,13.66,13.67,0.58,22.2,1.0,0.0,20.9,20.2,0.0,1.0,47.0,23.0,0.0,48.0,22.9,0.0,0.0,0.0,3.21,3.4,3.4,3.4,21.9,25.54,25.64,25.63,25.64,0.53,0.0,1.0,0.0,53.0,0.0,0.0,20.5,0.0,53.0,0.0,0.0,20.4,1.0,1.0,1.0
2022-10-18 00:04:42,17.3,1.0,1.0,20.5,1.0,0.0,0.0,20.4,53.0,21.7,0.0,0.0,0.0,65.0,12.2,0.0,0.0,44.0,23.0,0.0,0.0,42.0,22.8,0.0,0.0,46.0,21.7,0.0,0.0,46.0,21.9,0.0,0.0,0.0,49.0,21.6,0.0,27.0,0.0,52.0,19.8,0.0,0.0,0.0,1.71,1.82,1.82,1.83,11.68,13.6,13.66,13.66,13.67,0.58,22.2,1.0,0.0,20.9,20.2,0.0,1.0,47.0,23.0,0.0,48.0,22.9,0.0,0.0,0.0,3.21,3.4,3.4,3.4,21.9,25.54,25.64,25.63,25.64,0.53,0.0,1.0,0.0,53.0,0.0,0.0,20.5,0.0,53.0,0.0,0.0,20.4,1.0,1.0,1.0
2022-10-18 00:04:43,17.3,1.0,1.0,20.5,1.0,0.0,0.0,20.4,53.0,21.7,0.0,0.0,0.0,65.0,12.2,0.0,0.0,44.0,23.0,0.0,0.0,42.0,22.8,0.0,0.0,46.0,21.7,0.0,0.0,46.0,21.9,0.0,0.0,0.0,49.0,21.6,0.0,27.0,0.0,52.0,19.8,0.0,0.0,0.0,1.71,1.82,1.82,1.83,11.68,13.6,13.66,13.66,13.67,0.58,22.2,1.0,0.0,20.9,20.2,0.0,1.0,47.0,23.0,0.0,48.0,22.9,0.0,0.0,0.0,3.21,3.4,3.4,3.4,21.9,25.54,25.64,25.63,25.64,0.53,0.0,1.0,0.0,53.0,0.0,0.0,20.5,0.0,53.0,0.0,0.0,20.4,1.0,1.0,1.0
2022-10-18 00:04:44,17.3,1.0,1.0,20.5,1.0,0.0,0.0,20.4,53.0,21.7,0.0,0.0,0.0,65.0,12.2,0.0,0.0,44.0,23.0,0.0,0.0,42.0,22.8,0.0,0.0,46.0,21.7,0.0,0.0,46.0,21.9,0.0,0.0,0.0,49.0,21.6,0.0,27.0,0.0,52.0,19.8,0.0,0.0,0.0,1.71,1.82,1.82,1.83,11.68,13.6,13.66,13.66,13.67,0.58,22.2,1.0,0.0,20.9,20.2,0.0,1.0,47.0,23.0,0.0,48.0,22.9,0.0,0.0,0.0,3.21,3.4,3.4,3.4,21.9,25.54,25.64,25.63,25.64,0.53,0.0,1.0,0.0,53.0,0.0,0.0,20.5,0.0,53.0,0.0,0.0,20.4,1.0,1.0,1.0
2022-10-18 00:04:45,17.3,1.0,1.0,20.5,1.0,0.0,0.0,20.4,53.0,21.7,0.0,0.0,0.0,65.0,12.2,0.0,0.0,44.0,23.0,0.0,0.0,42.0,22.8,0.0,0.0,46.0,21.7,0.0,0.0,46.0,21.9,0.0,0.0,0.0,49.0,21.6,0.0,27.0,0.0,52.0,19.8,0.0,0.0,0.0,1.71,1.82,1.82,1.83,11.68,13.6,13.66,13.66,13.67,0.58,22.2,1.0,0.0,20.9,20.2,0.0,1.0,47.0,23.0,0.0,48.0,22.9,0.0,0.0,0.0,3.21,3.4,3.4,3.4,21.9,25.54,25.64,25.63,25.64,0.53,0.0,1.0,0.0,53.0,0.0,0.0,20.5,0.0,53.0,0.0,0.0,20.4,1.0,1.0,1.0
2022-10-18 00:04:46,17.3,1.0,1.0,20.5,1.0,0.0,0.0,20.4,53.0,21.7,0.0,0.0,0.0,65.0,12.2,0.0,0.0,44.0,23.0,0.0,0.0,42.0,22.8,0.0,0.0,46.0,21.7,0.0,0.0,46.0,21.9,0.0,0.0,0.0,49.0,21.6,0.0,27.0,0.0,52.0,19.8,0.0,0.0,0.0,1.71,1.82,1.82,1.83,11.68,13.6,13.66,13.66,13.67,0.58,22.2,1.0,0.0,20.9,20.2,0.0,1.0,47.0,23.0,0.0,48.0,22.9,0.0,0.0,0.0,3.21,3.4,3.4,3.4,21.9,25.54,25.64,25.63,25.64,0.53,0.0,1.0,0.0,53.0,0.0,0.0,20.5,0.0,53.0,0.0,0.0,20.4,1.0,1.0,1.0
2022-10-18 00:04:47,17.3,1.0,1.0,20.5,1.0,0.0,0.0,20.4,53.0,21.7,0.0,0.0,0.0,65.0,12.2,0.0,0.0,44.0,23.0,0.0,0.0,42.0,22.8,0.0,0.0,46.0,21.7,0.0,0.0,46.0,21.9,0.0,0.0,0.0,49.0,21.6,0.0,27.0,0.0,52.0,19.8,0.0,0.0,0.0,1.71,1.82,1.82,1.83,11.68,13.6,13.66,13.66,13.67,0.58,22.2,1.0,0.0,20.9,20.2,0.0,1.0,47.0,23.0,0.0,48.0,22.9,0.0,0.0,0.0,3.21,3.4,3.4,3.4,21.9,25.54,25.64,25.63,25.64,0.53,0.0,1.0,0.0,53.0,0.0,0.0,20.5,0.0,53.0,0.0,0.0,20.4,1.0,1.0,1.0
2022-10-18 00:04:48,17.3,1.0,1.0,20.5,1.0,0.0,0.0,20.4,53.0,21.7,0.0,0.0,0.0,65.0,12.2,0.0,0.0,44.0,23.0,0.0,0.0,42.0,22.8,0.0,0.0,46.0,21.7,0.0,0.0,46.0,21.9,0.0,0.0,0.0,49.0,21.6,0.0,27.0,0.0,52.0,19.8,0.0,0.0,0.0,1.71,1.82,1.82,1.83,11.68,13.6,13.66,13.66,13.67,0.58,22.2,1.0,0.0,20.9,20.2,0.0,1.0,47.0,23.0,0.0,48.0,22.9,0.0,0.0,0.0,3.21,3.4,3.4,3.4,21.9,25.54,25.64,25.63,25.64,0.53,0.0,1.0,0.0,53.0,0.0,0.0,20.5,0.0,53.0,0.0,0.0,20.4,1.0,1.0,1.0
2022-10-18 00:04:49,17.3,1.0,1.0,20.5,1.0,0.0,0.0,20.4,53.0,21.7,0.0,0.0,0.0,65.0,12.2,0.0,0.0,44.0,23.0,0.0,0.0,42.0,22.8,0.0,0.0,46.0,21.7,0.0,0.0,46.0,21.9,0.0,0.0,0.0,49.0,21.6,0.0,27.0,0.0,52.0,19.8,0.0,0.0,0.0,1.71,1.82,1.82,1.83,11.68,13.6,13.66,13.66,13.67,0.58,22.2,1.0,0.0,20.9,20.2,0.0,1.0,47.0,23.0,0.0,48.0,22.9,0.0,0.0,0.0,3.21,3.4,3.4,3.4,21.9,25.54,25.64,25.63,25.64,0.53,0.0,1.0,0.0,53.0,0.0,0.0,20.5,0.0,53.0,0.0,0.0,20.4,1.0,1.0,1.0
2022-10-18 00:04:50,17.3,1.0,1.0,20.5,1.0,0.0,0.0,20.4,53.0,21.7,0.0,0.0,0.0,65.0,12.2,0.0,0.0,44.0,23.0,0.0,0.0,42.0,22.8,0.0,0.0,46.0,21.7,0.0,0.0,46.0,21.9,0.0,0.0,0.0,49.0,21.6,0.0,27.0,0.0,52.0,19.8,0.0,0.0,0.0,1.71,1.82,1.82,1.83,11.68,13.6,13.66,13.66,13.67,0.58,22.2,1.0,0.0,20.9,20.2,0.0,1.0,47.0,23.0,0.0,48.0,22.9,0.0,0.0,0.0,3.21,3.4,3.4,3.4,21.9,25.54,25.64,25.63,25.64,0.53,0.0,1.0,0.0,53.0,0.0,0.0,20.5,0.0,53.0,0.0,0.0,20.4,1.0,1.0,1.0
2022-10-18 00:04:51,17.3,1.0,1.0,20.5,1.0,0.0,0.0,20.4,53.0,21.7,0.0,0.0,0.0,65.0,12.2,0.0,0.0,44.0,23.0,0.0,0.0,42.0,22.8,0.0,0.0,46.0,21.7,0.0,0.0,46.0,21.9,0.0,0.0,0.0,49.0,21.6,0.0,27.0,0.0,52.0,19.8,0.0,0.0,0.0,1.71,1.82,1.82,1.83,11.68,13.6,13.66,13.66,13.67,0.58,22.2,1.0,0.0,20.9,20.2,0.0,1.0,47.0,23.0,0.0,48.0,22.9,0.0,0.0,0.0,3.21,3.4,3.4,3.4,21.9,25.54,25.64,25.63,25.64,0.53,0.0,1.0,0.0,53.0,0.0,0.0,20.5,0.0,53.0,0.0,0.0,20.4,1.0,1.0,1.0
2022-10-18 00:04:52,17.3,1.0,1.0,20.5,1.0,0.0,0.0,20.4,53.0,21.7,0.0,0.0,0.0,65.0,12.2,0.0,0.0,44.0,23.0,0.0,0.0,42.0,22.8,0.0,0.0,46.0,21.7,0.0,0.0,46.0,21.9,0.0,0.0,0.0,49.0,21.6,0.0,27.0,0.0,52.0,19.8,0.0,0.0,0.0,1.71,1.82,1.82,1.83,11.68,13.6,13.66,13.66,13.67,0.58,22.2,1.0,0.0,20.9,20.2,0.0,1.0,47.0,23.0,0.0,48.0,22.9,0.0,0.0,0.0,3.21,3.4,3.4,3.4,21.9,25.54,25.64,25.63,25.64,0.53,0.0,1.0,0.0,53.0,0.0,0.0,20.5,0.0,53.0,0.0,0.0,20.4,1.0,1.0,1.0
2022-10-18 00:04:53,17.3,1.0,1.0,20.5,1.0,0.0,0.0,20.4,53.0,21.7,0.0,0.0,0.0,65.0,12.2,0.0,0.0,44.0,23.0,0.0,0.0,42.0,22.8,0.0,0.0,46.0,21.7,0.0,0.0,46.0,21.9,0.0,0.0,0.0,49.0,21.6,0.0,27.0,0.0,52.0,19.8,0.0,0.0,0.0,1.71,1.82,1.82,1.83,11.68,13.6,13.66,13.66,13.67,0.58,22.2,1.0,0.0,20.9,20.2,0.0,1.0,47.0,23.0,0.0,48.0,22.9,0.0,0.0,0.0,3.21,3.4,3.4,3.4,21.9,25.54,25.64,25.63,25.64,0.53,0.0,1.0,0.0,53.0,0.0,0.0,20.5,0.0,53.0,0.0,0.0,20.4,1.0,1.0,1.0
2022-10-18 00:04:54,17.3,1.0,1.0,20.5,1.0,0.0,0.0,20.4,53.0,21.7,0.0,0.0,0.0,65.0,12.2,0.0,0.0,44.0,23.0,0.0,0.0,42.0,22.8,0.0,0.0,46.0,21.7,0.0,0.0,46.0,21.9,0.0,0.0,0.0,49.0,21.6,0.0,27.0,0.0,52.0,19.8,0.0,0.0,0.0,1.71,1.82,1.82,1.83,11.68,13.6,13.66,13.66,13.67,0.58,22.2,1.0,0.0,20.9,20.2,0.0,1.0,47.0,23.0,0.0,48.0,22.9,0.0,0.0,0.0,3.21,3.4,3.4,3.4,21.9,25.54,25.64,25.63,25.64,0.53,0.0,1.0,0.0,53.0,0.0,0.0,20.5,0.0,53.0,0.0,0.0,20.4,1.0,1.0,1.0
2022-10-18 00:04:55,17.3,1.0,1.0,20.5,1.0,0.0,0.0,20.4,53.0,21.7,0.0,0.0,0.0,65.0,12.2,0.0,0.0,44.0,23.0,0.0,0.0,42.0,22.8,0.0,0.0,46.0,21.7,0.0,0.0,46.0,21.9,0.0,0.0,0.0,49.0,21.6,0.0,27.0,0.0,52.0,19.8,0.0,0.0,0.0,1.71,1.82,1.82,1.83,11.68,13.6,13.66,13.66,13.67,0.58,22.2,1.0,0.0,20.9,20.2,0.0,1.0,47.0,23.0,0.0,48.0,22.9,0.0,0.0,0.0,3.21,3.4,3.4,3.4,21.9,25.54,25.64,25.63,25.64,0.53,0.0,1.0,0.0,53.0,0.0,0.0,20.5,0.0,53.0,0.0,0.0,20.4,1.0,1.0,1.0
2022-10-18 00:04:56,17.3,1.0,1.0,20.5,1.0,0.0,0.0,20.4,53.0,21.7,0.0,0.0,0.0,65.0,12.2,0.0,0.0,44.0,23.0,0.0,0.0,42.0,22.8,0.0,0.0,46.0,21.7,0.0,0.0,46.0,21.9,0.0,0.0,0.0,49.0,21.6,0.0,27.0,0.0,52.0,19.8,0.0,0.0,0.0,1.71,1.82,1.82,1.83,11.68,13.6,13.66,13.66,13.67,0.58,22.2,1.0,0.0,20.9,20.2,0.0,1.0,47.0,23.0,0.0,48.0,22.9,0.0,0.0,0.0,3.21,3.4,3.4,3.4,21.9,25.54,25.64,25.63,25.64,0.53,0.0,1.0,0.0,53.0,0.0,0.0,20.5,0.0,53.0,0.0,0.0,20.4,1.0,1.0,1.0
2022-10-18 00:04:57,17.3,1.0,1.0,20.5,1.0,0.0,0.0,20.4,53.0,21.7,0.0,0.0,0.0,65.0,12.2,0.0,0.0,44.0,23.0,0.0,0.0,42.0,22.8,0.0,0.0,46.0,21.7,0.0,0.0,46.0,21.9,0.0,0.0,0.0,49.0,21.6,0.0,27.0,0.0,52.0,19.8,0.0,0.0,0.0,1.71,1.82,1.82,1.83,11.68,13.6,13.66,13.66,13.67,0.58,22.2,1.0,0.0,20.9,20.2,0.0,1.0,47.0,23.0,0.0,48.0,22.9,0.0,0.0,0.0,3.41,3.61,3.61,3.61,23.29,27.15,27.26,27.25,27.25,0.54,0.0,1.0,0.0,53.0,0.0,0.0,20.5,0.0,53.0,0.0,0.0,20.4,1.0,1.0,1.0
2022-10-18 00:04:58,17.3,1.0,1.0,20.5,1.0,0.0,0.0,20.4,53.0,21.7,0.0,0.0,0.0,65.0,12.2,0.0,0.0,44.0,23.0,0.0,0.0,42.0,22.8,0.0,0.0,46.0,21.7,0.0,0.0,46.0,21.9,0.0,0.0,0.0,49.0,21.6,0.0,27.0,0.0,52.0,19.8,0.0,0.0,0.0,1.71,1.82,1.82,1.83,11.68,13.6,13.66,13.66,13.67,0.58,22.2,1.0,0.0,20.9,20.2,0.0,1.0,47.0,23.0,0.0,48.0,22.9,0.0,0.0,0.0,3.41,3.61,3.61,3.61,23.29,27.15,27.26,27.25,27.25,0.54,0.0,1.0,0.0,53.0,0.0,0.0,20.5,0.0,53.0,0.0,0.0,20.4,1.0,1.0,1.0
2022-10-18 00:04:59,17.3,1.0,1.0,20.5,1.0,0.0,0.0,20.4,53.0,21.7,0.0,0.0,0.0,65.0,12.2,0.0,0.0,44.0,23.0,0.0,0.0,42.0,22.8,0.0,0.0,46.0,21.7,0.0,0.0,46.0,21.9,0.0,0.0,0.0,49.0,21.6,0.0,27.0,0.0,52.0,19.8,0.0,0.0,0.0,1.71,1.82,1.82,1.83,11.68,13.6,13.66,13.66,13.67,0.58,22.2,1.0,0.0,20.9,20.2,0.0,1.0,47.0,23.0,0.0,48.0,22.9,0.0,0.0,0.0,3.41,3.61,3.61,3.61,23.29,27.15,27.26,27.25,27.25,0.54,0.0,1.0,0.0,53.0,0.0,0.0,20.5,0.0,53.0,0.0,0.0,20.4,1.0,1.0,1.0
2022-10-18 00:05:00,17.3,1.0,1.0,20.5,1.0,0.0,0.0,20.4,53.0,21.7,0.0,0.0,0.0,65.0,12.2,0.0,0.0,44.0,23.0,0.0,0.0,42.0,22.8,0.0,0.0,46.0,21.7,0.0,0.0,46.0,21.9,0.0,0.0,0.0,49.0,21.6,0.0,27.0,0.0,52.0,19.8,0.0,0.0,0.0,1.71,1.82,1.82,1.83,11.68,13.6,13.66,13.66,13.67,0.58,22.2,1.0,0.0,20.9,20.2,0.0,1.0,47.0,23.0,0.0,48.0,22.9,0.0,0.0,0.0,3.41,3.61,3.61,3.61,23.29,27.15,27.26,27.25,27.25,0.54,0.0,1.0,0.0,53.0,0.0,0.0,20.5,0.0,53.0,0.0,0.0,20.4,1.0,1.0,1.0
2022-10-18 00:05:01,17.3,1.0,1.0,20.5,1.0,0.0,0.0,20.4,53.0,21.7,0.0,0.0,0.0,65.0,12.2,0.0,0.0,44.0,23.0,0.0,0.0,42.0,22.8,0.0,0.0,46.0,21.7,0.0,0.0,46.0,21.9,0.0,0.0,0.0,49.0,21.6,0.0,27.0,0.0,52.0,19.8,0.0,0.0,0.0,1.71,1.82,1.82,1.83,11.68,13.6,13.66,13.66,13.67,0.58,22.2,1.0,0.0,20.9,20.2,0.0,1.0,47.0,23.0,0.0,48.0,22.9,0.0,0.0,0.0,3.41,3.61,3.61,3.61,23.29,27.15,27.26,27.25,27.25,0.54,0.0,1.0,0.0,53.0,0.0,0.0,20.5,0.0,53.0,0.0,0.0,20.4,1.0,1.0,1.0
2022-10-18 00:05:02,17.3,1.0,1.0,20.5,1.0,0.0,0.0,20.4,53.0,21.7,0.0,0.0,0.0,65.0,12.2,0.0,0.0,44.0,23.0,0.0,0.0,42.0,22.8,0.0,0.0,46.0,21.7,0.0,0.0,46.0,21.9,0.0,0.0,0.0,49.0,21.6,0.0,27.0,0.0,52.0,19.8,0.0,0.0,0.0,2.35,2.49,2.49,2.49,16.09,18.72,18.79,18.79,18.8,0.55,22.2,1.0,0.0,20.9,20.2,0.0,1.0,47.0,23.0,0.0,48.0,22.9,0.0,0.0,0.0,3.41,3.61,3.61,3.61,23.29,27.15,27.26,27.25,27.25,0.54,0.0,1.0,0.0,53.0,0.0,0.0,20.5,0.0,53.0,0.0,0.0,20.4,1.0,1.0,1.0
2022-10-18 00:05:03,17.3,1.0,1.0,20.5,1.0,0.0,0.0,20.4,53.0,21.7,0.0,0.0,0.0,65.0,12.2,0.0,0.0,44.0,23.0,0.0,0.0,42.0,22.8,0.0,0.0,46.0,21.7,0.0,0.0,46.0,21.9,0.0,0.0,0.0,49.0,21.6,0.0,27.0,0.0,52.0,19.8,0.0,0.0,0.0,2.35,2.49,2.49,2.49,16.09,18.72,18.79,18.79,18.8,0.55,22.2,1.0,0.0,20.9,20.2,0.0,1.0,47.0,23.0,0.0,48.0,22.9,0.0,0.0,0.0,3.41,3.61,3.61,3.61,23.29,27.15,27.26,27.25,27.25,0.54,0.0,1.0,0.0,53.0,0.0,0.0,20.5,0.0,53.0,0.0,0.0,20.4,1.0,1.0,1.0
2022-10-18 00:05:04,17.3,1.0,1.0,20.5,1.0,0.0,0.0,20.4,53.0,21.7,0.0,0.0,0.0,65.0,12.2,0.0,0.0,44.0,23.0,0.0,0.0,42.0,22.8,0.0,0.0,46.0,21.7,0.0,0.0,46.0,21.9,0.0,0.0,0.0,49.0,21.6,0.0,27.0,0.0,52.0,19.8,0.0,0.0,0.0,2.35,2.49,2.49,2.49,16.09,18.72,18.79,18.79,18.8,0.55,22.2,1.0,0.0,20.9,20.2,0.0,1.0,47.0,23.0,0.0,48.0,22.9,0.0,0.0,0.0,3.41,3.61,3.61,3.61,23.29,27.15,27.26,27.25,27.25,0.54,0.0,1.0,0.0,53.0,0.0,0.0,20.5,0.0,53.0,0.0,0.0,20.4,1.0,1.0,1.0
2022-10-18 00:05:05,17.3,1.0,1.0,20.5,1.0,0.0,0.0,20.4,53.0,21.7,0.0,0.0,0.0,65.0,12.2,0.0,0.0,44.0,23.0,0.0,0.0,42.0,22.8,0.0,0.0,46.0,21.7,0.0,0.0,46.0,21.9,0.0,0.0,0.0,49.0,21.6,0.0,27.0,0.0,52.0,19.8,0.0,0.0,0.0,2.35,2.49,2.49,2.49,16.09,18.72,18.79,18.79,18.8,0.55,22.2,1.0,0.0,20.9,20.2,0.0,1.0,47.0,23.0,0.0,48.0,22.9,0.0,0.0,0.0,3.41,3.61,3.61,3.61,23.29,27.15,27.26,27.25,27.25,0.54,0.0,1.0,0.0,53.0,0.0,0.0,20.5,0.0,53.0,0.0,0.0,20.4,1.0,1.0,1.0
2022-10-18 00:05:06,17.3,1.0,1.0,20.5,1.0,0.0,0.0,20.4,53.0,21.7,0.0,0.0,0.0,65.0,12.2,0.0,0.0,44.0,23.0,0.0,0.0,42.0,22.8,0.0,0.0,46.0,21.7,0.0,0.0,46.0,21.9,0.0,0.0,0.0,49.0,21.6,0.0,27.0,0.0,52.0,19.8,0.0,0.0,0.0,2.35,2.49,2.49,2.49,16.09,18.72,18.79,18.79,18.8,0.55,22.2,1.0,0.0,20.9,20.2,0.0,1.0,47.0,23.0,0.0,48.0,22.9,0.0,0.0,0.0,3.41,3.61,3.61,3.61,23.29,27.15,27.26,27.25,27.25,0.54,0.0,1.0,0.0,53.0,0.0,0.0,20.5,0.0,53.0,0.0,0.0,20.4,1.0,1.0,1.0
2022-10-18 00:05:07,17.3,1.0,1.0,20.5,1.0,0.0,0.0,20.4,53.0,21.7,0.0,0.0,0.0,65.0,12.2,0.0,0.0,44.0,23.0,0.0,0.0,42.0,22.8,0.0,0.0,46.0,21.7,0.0,0.0,46.0,21.9,0.0,0.0,0.0,49.0,21.6,0.0,27.0,0.0,52.0,19.8,0.0,0.0,0.0,2.35,2.49,2.49,2.49,16.09,18.72,18.79,18.79,18.8,0.55,22.2,1.0,0.0,20.9,20.2,0.0,1.0,47.0,23.0,0.0,48.0,22.9,0.0,0.0,0.0,3.41,3.61,3.61,3.61,23.29,27.15,27.26,27.25,27.25,0.54,0.0,1.0,0.0,53.0,0.0,0.0,20.5,0.0,53.0,0.0,0.0,20.4,1.0,1.0,1.0
2022-10-18 00:05:08,17.3,1.0,1.0,20.5,1.0,0.0,0.0,20.4,53.0,21.7,0.0,0.0,0.0,65.0,12.2,0.0,0.0,44.0,23.0,0.0,0.0,42.0,22.8,0.0,0.0,46.0,21.7,0.0,0.0,46.0,21.9,0.0,0.0,0.0,49.0,21.6,0.0,27.0,0.0,52.0,19.8,0.0,0.0,0.0,2.35,2.49,2.49,2.49,16.09,18.72,18.79,18.79,18.8,0.55,22.2,1.0,0.0,20.9,20.2,0.0,1.0,47.0,23.0,0.0,48.0,22.9,0.0,0.0,0.0,3.41,3.61,3.61,3.61,23.29,27.15,27.26,27.25,27.25,0.54,0.0,1.0,0.0,53.0,0.0,0.0,20.5,0.0,53.0,0.0,0.0,20.4,1.0,1.0,1.0
2022-10-18 00:05:09,17.3,1.0,1.0,20.5,1.0,0.0,0.0,20.4,53.0,21.7,0.0,0.0,0.0,65.0,12.2,0.0,0.0,44.0,23.0,0.0,0.0,42.0,22.8,0.0,0.0,46.0,21.7,0.0,0.0,46.0,21.9,0.0,0.0,0.0,49.0,21.6,0.0,27.0,0.0,52.0,19.8,0.0,0.0,0.0,2.35,2.49,2.49,2.49,16.09,18.72,18.79,18.79,18.8,0.55,22.2,1.0,0.0,20.9,20.2,0.0,1.0,47.0,23.0,0.0,48.0,22.9,0.0,0.0,0.0,3.41,3.61,3.61,3.61,23.29,27.15,27.26,27.25,27.25,0.54,0.0,1.0,0.0,53.0,0.0,0.0,20.5,0.0,53.0,0.0,0.0,20.4,1.0,1.0,1.0
2022-10-18 00:05:10,17.3,1.0,1.0,20.5,1.0,0.0,0.0,20.4,53.0,21.7,0.0,0.0,0.0,65.0,12.2,0.0,0.0,44.0,23.0,0.0,0.0,42.0,22.8,0.0,0.0,46.0,21.7,0.0,0.0,46.0,21.9,0.0,0.0,0.0,49.0,21.6,0.0,27.0,0.0,52.0,19.8,0.0,0.0,0.0,2.35,2.49,2.49,2.49,16.09,18.72,18.79,18.79,18.8,0.55,22.2,1.0,0.0,20.9,20.2,0.0,1.0,47.0,23.0,0.0,48.0,22.9,0.0,0.0,0.0,3.41,3.61,3.61,3.61,23.29,27.15,27.26,27.25,27.25,0.54,0.0,1.0,0.0,53.0,0.0,0.0,20.5,0.0,53.0,0.0,0.0,20.4,1.0,1.0,1.0
2022-10-18 00:05:11,17.3,1.0,1.0,20.5,1.0,0.0,0.0,20.4,53.0,21.7,0.0,0.0,0.0,65.0,12.2,0.0,0.0,44.0,23.0,0.0,0.0,42.0,22.8,0.0,0.0,46.0,21.7,0.0,0.0,46.0,21.9,0.0,0.0,0.0,49.0,21.6,0.0,27.0,0.0,52.0,19.8,0.0,0.0,0.0,2.35,2.49,2.49,2.49,16.09,18.72,18.79,18.79,18.8,0.55,22.2,1.0,0.0,20.9,20.2,0.0,1.0,47.0,23.0,0.0,48.0,22.9,0.0,0.0,0.0,3.41,3.61,3.61,3.61,23.29,27.15,27.26,27.25,27.25,0.54,0.0,1.0,0.0,53.0,0.0,0.0,20.5,0.0,53.0,0.0,0.0,20.4,1.0,1.0,1.0
2022-10-18 00:05:12,17.3,1.0,1.0,20.5,1.0,0.0,0.0,20.4,53.0,21.7,0.0,0.0,0.0,65.0,12.2,0.0,0.0,44.0,23.0,0.0,0.0,42.0,22.8,0.0,0.0,46.0,21.7,0.0,0.0,46.0,21.9,0.0,0.0,0.0,49.0,21.6,0.0,27.0,0.0,52.0,19.8,0.0,0.0,0.0,2.35,2.49,2.49,2.49,16.09,18.72,18.79,18.79,18.8,0.55,22.2,1.0,0.0,20.9,20.2,0.0,1.0,47.0,23.0,0.0,48.0,22.9,0.0,0.0,0.0,3.41,3.61,3.61,3.61,23.29,27.15,27.26,27.25,27.25,0.54,0.0,1.0,0.0,53.0,0.0,0.0,20.5,0.0,53.0,0.0,0.0,20.4,1.0,1.0,1.0
2022-10-18 00:05:13,17.3,1.0,1.0,20.5,1.0,0.0,0.0,20.4,53.0,21.7,0.0,0.0,0.0,65.0,12.2,0.0,0.0,44.0,23.0,0.0,0.0,42.0,22.8,0.0,0.0,46.0,21.7,0.0,0.0,46.0,21.9,0.0,0.0,0.0,49.0,21.6,0.0,27.0,0.0,52.0,19.8,0.0,0.0,0.0,2.35,2.49,2.49,2.49,16.09,18.72,18.79,18.79,18.8,0.55,22.2,1.0,0.0,20.9,20.2,0.0,1.0,47.0,23.0,0.0,48.0,22.9,0.0,0.0,0.0,3.41,3.61,3.61,3.61,23.29,27.15,27.26,27.25,27.25,0.54,0.0,1.0,0.0,53.0,0.0,0.0,20.5,0.0,53.0,0.0,0.0,20.4,1.0,1.0,1.0
2022-10-18 00:05:14,17.3,1.0,1.0,20.5,1.0,0.0,0.0,20.4,53.0,21.7,0.0,0.0,0.0,65.0,12.2,0.0,0.0,44.0,23.0,0.0,0.0,42.0,22.8,0.0,0.0,46.0,21.7,0.0,0.0,46.0,21.9,0.0,0.0,0.0,49.0,21.6,0.0,27.0,0.0,52.0,19.8,0.0,0.0,0.0,2.35,2.49,2.49,2.49,16.09,18.72,18.79,18.79,18.8,0.55,22.2,1.0,0.0,20.9,20.2,0.0,1.0,47.0,23.0,0.0,48.0,22.9,0.0,0.0,0.0,3.41,3.61,3.61,3.61,23.29,27.15,27.26,27.25,27.25,0.54,0.0,1.0,0.0,53.0,0.0,0.0,20.5,0.0,53.0,0.0,0.0,20.4,1.0,1.0,1.0
2022-10-18 00:05:15,17.3,1.0,1.0,20.5,1.0,0.0,0.0,20.4,53.0,21.7,0.0,0.0,0.0,65.0,12.2,0.0,0.0,44.0,23.0,0.0,0.0,42.0,22.8,0.0,0.0,46.0,21.7,0.0,0.0,46.0,21.9,0.0,0.0,0.0,49.0,21.6,0.0,27.0,0.0,52.0,19.8,0.0,0.0,0.0,2.35,2.49,2.49,2.49,16.09,18.72,18.79,18.79,18.8,0.55,22.2,1.0,0.0,20.9,20.2,0.0,1.0,47.0,23.0,0.0,48.0,22.9,0.0,0.0,0.0,3.41,3.61,3.61,3.61,23.29,27.15,27.26,27.25,27.25,0.54,0.0,1.0,0.0,53.0,0.0,0.0,20.5,0.0,53.0,0.0,0.0,20.4,1.0,1.0,1.0
2022-10-18 00:05:16,17.3,1.0,1.0,20.5,1.0,0.0,0.0,20.4,53.0,21.7,0.0,0.0,0.0,65.0,12.2,0.0,0.0,44.0,23.0,0.0,0.0,42.0,22.8,0.0,0.0,46.0,21.7,0.0,0.0,46.0,21.9,0.0,0.0,0.0,49.0,21.6,0.0,27.0,0.0,52.0,19.8,0.0,0.0,0.0,2.35,2.49,2.49,2.49,16.09,18.72,18.79,18.79,18.8,0.55,22.2,1.0,0.0,20.9,20.2,0.0,1.0,47.0,23.0,0.0,48.0,22.9,0.0,0.0,0.0,3.41,3.61,3.61,3.61,23.29,27.15,27.26,27.25,27.25,0.54,0.0,1.0,0.0,53.0,0.0,0.0,20.5,0.0,53.0,0.0,0.0,20.4,1.0,1.0,1.0
2022-10-18 00:05:17,17.3,1.0,1.0,20.5,1.0,0.0,0.0,20.4,53.0,21.7,0.0,0.0,0.0,65.0,12.2,0.0,0.0,44.0,23.0,0.0,0.0,42.0,22.8,0.0,0.0,46.0,21.7,0.0,0.0,46.0,21.9,0.0,0.0,0.0,49.0,21.6,0.0,27.0,0.0,52.0,19.8,0.0,0.0,0.0,2.35,2.49,2.49,2.49,16.09,18.72,18.79,18.79,18.8,0.55,22.2,1.0,0.0,20.9,20.2,0.0,1.0,47.0,23.0,0.0,48.0,22.9,0.0,0.0,0.0,3.41,3.61,3.61,3.61,23.29,27.15,27.26,27.25,27.25,0.54,0.0,1.0,0.0,53.0,0.0,0.0,20.5,0.0,53.0,0.0,0.0,20.4,1.0,1.0,1.0
2022-10-18 00:05:18,17.3,1.0,1.0,20.5,1.0,0.0,0.0,20.4,53.0,21.7,0.0,0.0,0.0,65.0,12.2,0.0,0.0,44.0,23.0,0.0,0.0,42.0,22.8,0.0,0.0,46.0,21.7,0.0,0.0,46.0,21.9,0.0,0.0,0.0,49.0,21.6,0.0,27.0,0.0,52.0,19.8,0.0,0.0,0.0,2.35,2.49,2.49,2.49,16.09,18.72,18.79,18.79,18.8,0.55,22.2,1.0,0.0,20.9,20.2,0.0,1.0,47.0,23.0,0.0,48.0,22.9,0.0,0.0,0.0,3.41,3.61,3.61,3.61,23.29,27.15,27.26,27.25,27.25,0.54,0.0,1.0,0.0,53.0,0.0,0.0,20.5,0.0,53.0,0.0,0.0,20.4,1.0,1.0,1.0
2022-10-18 00:05:19,17.3,1.0,1.0,20.5,1.0,0.0,0.0,20.4,53.0,21.7,0.0,0.0,0.0,65.0,12.2,0.0,0.0,44.0,23.0,0.0,0.0,42.0,22.8,0.0,0.0,46.0,21.7,0.0,0.0,46.0,21.9,0.0,0.0,0.0,49.0,21.6,0.0,27.0,0.0,52.0,19.8,0.0,0.0,0.0,2.35,2.49,2.49,2.49,16.09,18.72,18.79,18.79,18.8,0.55,22.2,1.0,0.0,20.9,20.2,0.0,1.0,47.0,23.0,0.0,48.0,22.9,0.0,0.0,0.0,3.41,3.61,3.61,3.61,23.29,27.15,27.26,27.25,27.25,0.54,0.0,1.0,0.0,53.0,0.0,0.0,20.5,0.0,53.0,0.0,0.0,20.4,1.0,1.0,1.0
2022-10-18 00:05:20,17.3,1.0,1.0,20.5,1.0,0.0,0.0,20.4,53.0,21.7,0.0,0.0,0.0,65.0,12.2,0.0,0.0,44.0,23.0,0.0,0.0,42.0,22.8,0.0,0.0,46.0,21.7,0.0,0.0,46.0,21.9,0.0,0.0,0.0,49.0,21.6,0.0,27.0,0.0,52.0,19.8,0.0,0.0,0.0,2.35,2.49,2.49,2.49,16.09,18.72,18.79,18.79,18.8,0.55,22.2,1.0,0.0,20.9,20.2,0.0,1.0,47.0,23.0,0.0,48.0,22.9,0.0,0.0,0.0,3.41,3.61,3.61,3.61,23.29,27.15,27.26,27.25,27.25,0.54,0.0,1.0,0.0,53.0,0.0,0.0,20.5,0.0,53.0,0.0,0.0,20.4,1.0,1.0,1.0
2022-10-18 00:05:21,17.3,1.0,1.0,20.5,1.0,0.0,0.0,20.4,53.0,21.7,0.0,0.0,0.0,65.0,12.2,0.0,0.0,44.0,23.0,0.0,0.0,42.0,22.8,0.0,0.0,46.0,21.7,0.0,0.0,46.0,21.9,0.0,0.0,0.0,49.0,21.6,0.0,27.0,0.0,52.0,19.8,0.0,0.0,0.0,2.35,2.49,2.49,2.49,16.09,18.72,18.79,18.79,18.8,0.55,22.2,1.0,0.0,20.9,20.2,0.0,1.0,47.0,23.0,0.0,48.0,22.9,0.0,0.0,0.0,3.41,3.61,3.61,3.61,23.29,27.15,27.26,27.25,27.25,0.54,0.0,1.0,0.0,53.0,0.0,0.0,20.5,0.0,53.0,0.0,0.0,20.4,1.0,1.0,1.0
2022-10-18 00:05:22,17.3,1.0,1.0,20.5,1.0,0.0,0.0,20.4,53.0,21.7,0.0,0.0,0.0,65.0,12.2,0.0,0.0,44.0,23.0,0.0,0.0,42.0,22.8,0.0,0.0,46.0,21.7,0.0,0.0,46.0,21.9,0.0,0.0,0.0,49.0,21.6,0.0,27.0,0.0,52.0,19.8,0.0,0.0,0.0,2.35,2.49,2.49,2.49,16.09,18.72,18.79,18.79,18.8,0.55,22.2,1.0,0.0,20.9,20.2,0.0,1.0,47.0,23.0,0.0,48.0,22.9,0.0,0.0,0.0,3.41,3.61,3.61,3.61,23.29,27.15,27.26,27.25,27.25,0.54,0.0,1.0,0.0,53.0,0.0,0.0,20.5,0.0,53.0,0.0,0.0,20.4,1.0,1.0,1.0
2022-10-18 00:05:23,17.3,1.0,1.0,20.5,1.0,0.0,0.0,20.4,53.0,21.7,0.0,0.0,0.0,65.0,12.2,0.0,0.0,44.0,23.0,0.0,0.0,42.0,22.8,0.0,0.0,46.0,21.7,0.0,0.0,46.0,21.9,0.0,0.0,0.0,49.0,21.6,0.0,27.0,0.0,52.0,19.8,0.0,0.0,0.0,2.35,2.49,2.49,2.49,16.09,18.72,18.79,18.79,18.8,0.55,22.2,1.0,0.0,20.9,20.2,0.0,1.0,47.0,23.0,0.0,48.0,22.9,0.0,0.0,0.0,3.41,3.61,3.61,3.61,23.29,27.15,27.26,27.25,27.25,0.54,0.0,1.0,0.0,53.0,0.0,0.0,20.5,0.0,53.0,0.0,0.0,20.4,1.0,1.0,1.0
2022-10-18 00:05:24,17.3,1.0,1.0,20.5,1.0,0.0,0.0,20.4,53.0,21.7,0.0,0.0,0.0,65.0,12.2,0.0,0.0,44.0,23.0,0.0,0.0,42.0,22.8,0.0,0.0,46.0,21.7,0.0,0.0,46.0,21.9,0.0,0.0,0.0,49.0,21.6,0.0,27.0,0.0,52.0,19.8,0.0,0.0,0.0,2.35,2.49,2.49,2.49,16.09,18.72,18.79,18.79,18.8,0.55,22.2,1.0,0.0,20.9,20.2,0.0,1.0,47.0,23.0,0.0,48.0,22.9,0.0,0.0,0.0,3.41,3.61,3.61,3.61,23.29,27.15,27.26,27.25,27.25,0.54,0.0,1.0,0.0,53.0,0.0,0.0,20.5,0.0,53.0,0.0,0.0,20.4,1.0,1.0,1.0
2022-10-18 00:05:25,17.3,1.0,1.0,20.5,1.0,0.0,0.0,20.4,53.0,21.7,0.0,0.0,0.0,65.0,12.2,0.0,0.0,44.0,23.0,0.0,0.0,42.0,22.8,0.0,0.0,46.0,21.7,0.0,0.0,46.0,21.9,0.0,0.0,0.0,49.0,21.6,0.0,27.0,0.0,52.0,19.8,0.0,0.0,0.0,2.35,2.49,2.49,2.49,16.09,18.72,18.79,18.79,18.8,0.55,22.2,1.0,0.0,20.9,20.2,0.0,1.0,47.0,23.0,0.0,48.0,22.9,0.0,0.0,0.0,3.41,3.61,3.61,3.61,23.29,27.15,27.26,27.25,27.25,0.54,0.0,1.0,0.0,53.0,0.0,0.0,20.5,0.0,53.0,0.0,0.0,20.4,1.0,1.0,1.0
2022-10-18 00:05:26,17.3,1.0,1.0,20.5,1.0,0.0,0.0,20.4,53.0,21.7,0.0,0.0,0.0,65.0,12.2,0.0,0.0,44.0,23.0,0.0,0.0,42.0,22.8,0.0,0.0,46.0,21.7,0.0,0.0,46.0,21.9,0.0,0.0,0.0,49.0,21.6,0.0,27.0,0.0,52.0,19.8,0.0,0.0,0.0,2.35,2.49,2.49,2.49,16.09,18.72,18.79,18.79,18.8,0.55,22.2,1.0,0.0,20.9,20.2,0.0,1.0,47.0,23.0,0.0,48.0,22.9,0.0,0.0,0.0,3.41,3.61,3.61,3.61,23.29,27.15,27.26,27.25,27.25,0.54,0.0,1.0,0.0,53.0,0.0,0.0,20.5,0.0,53.0,0.0,0.0,20.4,1.0,1.0,1.0
2022-10-18 00:05:27,17.3,1.0,1.0,20.5,1.0,0.0,0.0,20.4,53.0,21.7,0.0,0.0,0.0,65.0,12.2,0.0,0.0,44.0,23.0,0.0,0.0,42.0,22.8,0.0,0.0,46.0,21.7,0.0,0.0,46.0,21.9,0.0,0.0,0.0,49.0,21.6,0.0,27.0,0.0,52.0,19.8,0.0,0.0,0.0,2.35,2.49,2.49,2.49,16.09,18.72,18.79,18.79,18.8,0.55,22.2,1.0,0.0,20.9,20.2,0.0,1.0,47.0,23.0,0.0,48.0,22.9,0.0,0.0,0.0,3.41,3.61,3.61,3.61,23.29,27.15,27.26,27.25,27.25,0.54,0.0,1.0,0.0,53.0,0.0,0.0,20.5,0.0,53.0,0.0,0.0,20.4,1.0,1.0,1.0
2022-10-18 00:05:28,17.3,1.0,1.0,20.5,1.0,0.0,0.0,20.4,53.0,21.7,0.0,0.0,0.0,65.0,12.2,0.0,0.0,44.0,23.0,0.0,0.0,42.0,22.8,0.0,0.0,46.0,21.7,0.0,0.0,46.0,21.9,0.0,0.0,0.0,49.0,21.6,0.0,27.0,0.0,52.0,19.8,0.0,0.0,0.0,2.35,2.49,2.49,2.49,16.09,18.72,18.79,18.79,18.8,0.55,22.2,1.0,0.0,20.9,20.2,0.0,1.0,47.0,23.0,0.0,48.0,22.9,0.0,0.0,0.0,3.41,3.61,3.61,3.61,23.29,27.15,27.26,27.25,27.25,0.54,0.0,1.0,0.0,53.0,0.0,0.0,20.5,0.0,53.0,0.0,0.0,20.4,1.0,1.0,1.0
2022-10-18 00:05:29,17.3,1.0,1.0,20.5,1.0,0.0,0.0,20.4,53.0,21.7,0.0,0.0,0.0,65.0,12.2,0.0,0.0,44.0,23.0,0.0,0.0,42.0,22.8,0.0,0.0,46.0,21.7,0.0,0.0,46.0,21.9,0.0,0.0,0.0,49.0,21.6,0.0,27.0,0.0,52.0,19.8,0.0,0.0,0.0,2.35,2.49,2.49,2.49,16.09,18.72,18.79,18.79,18.8,0.55,22.2,1.0,0.0,20.9,20.2,0.0,1.0,47.0,23.0,0.0,48.0,22.9,0.0,0.0,0.0,3.41,3.61,3.61,3.61,23.29,27.15,27.26,27.25,27.25,0.54,0.0,1.0,0.0,53.0,0.0,0.0,20.5,0.0,53.0,0.0,0.0,20.4,1.0,1.0,1.0
2022-10-18 00:05:30,17.3,1.0,1.0,20.5,1.0,0.0,0.0,20.4,53.0,21.7,0.0,0.0,0.0,65.0,12.2,0.0,0.0,44.0,23.0,0.0,0.0,42.0,22.8,0.0,0.0,46.0,21.7,0.0,0.0,46.0,21.9,0.0,0.0,0.0,49.0,21.6,0.0,27.0,0.0,52.0,19.8,0.0,0.0,0.0,2.35,2.49,2.49,2.49,16.09,18.72,18.79,18.79,18.8,0.55,22.2,1.0,0.0,20.9,20.2,0.0,1.0,47.0,23.0,0.0,48.0,22.9,0.0,0.0,0.0,3.41,3.61,3.61,3.61,23.29,27.15,27.26,27.25,27.25,0.54,0.0,1.0,0.0,53.0,0.0,0.0,20.5,0.0,53.0,0.0,0.0,20.4,1.0,1.0,1.0
2022-10-18 00:05:31,17.3,1.0,1.0,20.5,1.0,0.0,0.0,20.4,53.0,21.7,0.0,0.0,0.0,65.0,12.2,0.0,0.0,44.0,23.0,0.0,0.0,42.0,22.8,0.0,0.0,46.0,21.7,0.0,0.0,46.0,21.9,0.0,0.0,0.0,49.0,21.6,0.0,27.0,0.0,52.0,19.8,0.0,0.0,0.0,2.35,2.49,2.49,2.49,16.09,18.72,18.79,18.79,18.8,0.55,22.2,1.0,0.0,20.9,20.2,0.0,1.0,47.0,23.0,0.0,48.0,22.9,0.0,0.0,0.0,3.41,3.61,3.61,3.61,23.29,27.15,27.26,27.25,27.25,0.54,0.0,1.0,0.0,53.0,0.0,0.0,20.5,0.0,53.0,0.0,0.0,20.4,1.0,1.0,1.0
2022-10-18 00:05:32,17.3,1.0,1.0,20.5,1.0,0.0,0.0,20.4,53.0,21.7,0.0,0.0,0.0,65.0,12.2,0.0,0.0,44.0,23.0,0.0,0.0,42.0,22.8,0.0,0.0,46.0,21.7,0.0,0.0,46.0,21.9,0.0,0.0,0.0,49.0,21.6,0.0,27.0,0.0,52.0,19.8,0.0,0.0,0.0,2.35,2.49,2.49,2.49,16.09,18.72,18.79,18.79,18.8,0.55,22.2,1.0,0.0,20.9,20.2,0.0,1.0,47.0,23.0,0.0,48.0,22.9,0.0,0.0,0.0,3.41,3.61,3.61,3.61,23.29,27.15,27.26,27.25,27.25,0.54,0.0,1.0,0.0,53.0,0.0,0.0,20.5,0.0,53.0,0.0,0.0,20.4,1.0,1.0,1.0
2022-10-18 00:05:33,17.3,1.0,1.0,20.5,1.0,0.0,0.0,20.4,53.0,21.7,0.0,0.0,0.0,65.0,12.2,0.0,0.0,44.0,23.0,0.0,0.0,42.0,22.8,0.0,0.0,46.0,21.7,0.0,0.0,46.0,21.9,0.0,0.0,0.0,49.0,21.6,0.0,27.0,0.0,52.0,19.8,0.0,0.0,0.0,2.35,2.49,2.49,2.49,16.09,18.72,18.79,18.79,18.8,0.55,22.2,1.0,0.0,20.9,20.2,0.0,1.0,47.0,23.0,0.0,48.0,22.9,0.0,0.0,0.0,3.41,3.61,3.61,3.61,23.29,27.15,27.26,27.25,27.25,0.54,0.0,1.0,0.0,53.0,0.0,0.0,20.5,0.0,53.0,0.0,0.0,20.4,1.0,1.0,1.0
2022-10-18 00:05:34,17.3,1.0,1.0,20.5,1.0,0.0,0.0,20.4,53.0,21.7,0.0,0.0,0.0,65.0,12.2,0.0,0.0,44.0,23.0,0.0,0.0,42.0,22.8,0.0,0.0,46.0,21.7,0.0,0.0,46.0,21.9,0.0,0.0,0.0,49.0,21.6,0.0,27.0,0.0,52.0,19.8,0.0,0.0,0.0,2.35,2.49,2.49,2.49,16.09,18.72,18.79,18.79,18.8,0.55,22.2,1.0,0.0,20.9,20.2,0.0,1.0,47.0,23.0,0.0,48.0,22.9,0.0,0.0,0.0,3.41,3.61,3.61,3.61,23.29,27.15,27.26,27.25,27.25,0.54,0.0,1.0,0.0,53.0,0.0,0.0,20.5,0.0,53.0,0.0,0.0,20.4,1.0,1.0,1.0
2022-10-18 00:05:35,17.3,1.0,1.0,20.5,1.0,0.0,0.0,20.4,53.0,21.7,0.0,0.0,0.0,65.0,12.2,0.0,0.0,44.0,23.0,0.0,0.0,42.0,22.8,0.0,0.0,46.0,21.7,0.0,0.0,46.0,21.9,0.0,0.0,0.0,49.0,21.6,0.0,27.0,0.0,52.0,19.8,0.0,0.0,0.0,2.35,2.49,2.49,2.49,16.09,18.72,18.79,18.79,18.8,0.55,22.2,1.0,0.0,20.9,20.2,0.0,1.0,47.0,23.0,0.0,48.0,22.9,0.0,0.0,0.0,3.41,3.61,3.61,3.61,23.29,27.15,27.26,27.25,27.25,0.54,0.0,1.0,0.0,53.0,0.0,0.0,20.5,0.0,53.0,0.0,0.0,20.4,1.0,1.0,1.0
2022-10-18 00:05:36,17.3,1.0,1.0,20.5,1.0,0.0,0.0,20.4,53.0,21.7,0.0,0.0,0.0,65.0,12.2,0.0,0.0,44.0,23.0,0.0,0.0,42.0,22.8,0.0,0.0,46.0,21.7,0.0,0.0,46.0,21.9,0.0,0.0,0.0,49.0,21.6,0.0,27.0,0.0,52.0,19.8,0.0,0.0,0.0,2.35,2.49,2.49,2.49,16.09,18.72,18.79,18.79,18.8,0.55,22.2,1.0,0.0,20.9,20.2,0.0,1.0,47.0,23.0,0.0,48.0,22.9,0.0,0.0,0.0,3.41,3.61,3.61,3.61,23.29,27.15,27.26,27.25,27.25,0.54,0.0,1.0,0.0,53.0,0.0,0.0,20.5,0.0,53.0,0.0,0.0,20.4,1.0,1.0,1.0
2022-10-18 00:05:37,17.3,1.0,1.0,20.5,1.0,0.0,0.0,20.4,53.0,21.7,0.0,0.0,0.0,65.0,12.2,0.0,0.0,44.0,23.0,0.0,0.0,42.0,22.8,0.0,0.0,46.0,21.7,0.0,0.0,46.0,21.9,0.0,0.0,0.0,49.0,21.6,0.0,27.0,0.0,52.0,19.8,0.0,0.0,0.0,2.35,2.49,2.49,2.49,16.09,18.72,18.79,18.79,18.8,0.55,22.2,1.0,0.0,20.9,20.2,0.0,1.0,47.0,23.0,0.0,48.0,22.9,0.0,0.0,0.0,3.41,3.61,3.61,3.61,23.29,27.15,27.26,27.25,27.25,0.54,0.0,1.0,0.0,53.0,0.0,0.0,20.5,0.0,53.0,0.0,0.0,20.4,1.0,1.0,1.0
2022-10-18 00:05:38,17.3,1.0,1.0,20.5,1.0,0.0,0.0,20.4,53.0,21.7,0.0,0.0,0.0,65.0,12.2,0.0,0.0,44.0,23.0,0.0,0.0,42.0,22.8,0.0,0.0,46.0,21.7,0.0,0.0,46.0,21.9,0.0,0.0,0.0,49.0,21.6,0.0,27.0,0.0,52.0,19.8,0.0,0.0,0.0,2.35,2.49,2.49,2.49,16.09,18.72,18.79,18.79,18.8,0.55,22.2,1.0,0.0,20.9,20.2,0.0,1.0,47.0,23.0,0.0,48.0,22.9,0.0,0.0,0.0,3.41,3.61,3.61,3.61,23.29,27.15,27.26,27.25,27.25,0.54,0.0,1.0,0.0,53.0,0.0,0.0,20.5,0.0,53.0,0.0,0.0,20.4,1.0,1.0,1.0
2022-10-18 00:05:39,17.3,1.0,1.0,20.5,1.0,0.0,0.0,20.4,53.0,21.7,0.0,0.0,0.0,65.0,12.2,0.0,0.0,44.0,23.0,0.0,0.0,42.0,22.8,0.0,0.0,46.0,21.7,0.0,0.0,46.0,21.9,0.0,0.0,0.0,49.0,21.6,0.0,27.0,0.0,52.0,19.8,0.0,0.0,0.0,2.35,2.49,2.49,2.49,16.09,18.72,18.79,18.79,18.8,0.55,22.2,1.0,0.0,20.9,20.2,0.0,1.0,47.0,23.0,0.0,48.0,22.9,0.0,0.0,0.0,3.41,3.61,3.61,3.61,23.29,27.15,27.26,27.25,27.25,0.54,0.0,1.0,0.0,53.0,0.0,0.0,20.5,0.0,53.0,0.0,0.0,20.4,1.0,1.0,1.0
2022-10-18 00:05:40,17.3,1.0,1.0,20.5,1.0,0.0,0.0,20.4,53.0,21.7,0.0,0.0,0.0,65.0,12.2,0.0,0.0,44.0,23.0,0.0,0.0,42.0,22.8,0.0,0.0,46.0,21.7,0.0,0.0,46.0,21.9,0.0,0.0,0.0,49.0,21.6,0.0,27.0,0.0,52.0,19.8,0.0,0.0,0.0,2.35,2.49,2.49,2.49,16.09,18.72,18.79,18.79,18.8,0.55,22.2,1.0,0.0,20.9,20.2,0.0,1.0,47.0,23.0,0.0,48.0,22.9,0.0,0.0,0.0,3.41,3.61,3.61,3.61,23.29,27.15,27.26,27.25,27.25,0.54,0.0,1.0,0.0,53.0,0.0,0.0,20.5,0.0,53.0,0.0,0.0,20.4,1.0,1.0,1.0
2022-10-18 00:05:41,17.3,1.0,1.0,20.5,1.0,0.0,0.0,20.4,53.0,21.7,0.0,0.0,0.0,65.0,12.2,0.0,0.0,44.0,23.0,0.0,0.0,42.0,22.8,0.0,0.0,46.0,21.7,0.0,0.0,46.0,21.9,0.0,0.0,0.0,49.0,21.6,0.0,27.0,0.0,52.0,19.8,0.0,0.0,0.0,2.35,2.49,2.49,2.49,16.09,18.72,18.79,18.79,18.8,0.55,22.2,1.0,0.0,20.9,20.2,0.0,1.0,47.0,23.0,0.0,48.0,22.9,0.0,0.0,0.0,3.41,3.61,3.61,3.61,23.29,27.15,27.26,27.25,27.25,0.54,0.0,1.0,0.0,53.0,0.0,0.0,20.5,0.0,53.0,0.0,0.0,20.4,1.0,1.0,1.0
2022-10-18 00:05:42,17.3,1.0,1.0,20.5,1.0,0.0,0.0,20.4,53.0,21.7,0.0,0.0,0.0,65.0,12.2,0.0,0.0,44.0,23.0,0.0,0.0,42.0,22.8,0.0,0.0,46.0,21.7,0.0,0.0,46.0,21.9,0.0,0.0,0.0,49.0,21.6,0.0,27.0,0.0,52.0,19.8,0.0,0.0,0.0,2.35,2.49,2.49,2.49,16.09,18.72,18.79,18.79,18.8,0.55,22.2,1.0,0.0,20.9,20.2,0.0,1.0,47.0,23.0,0.0,48.0,22.9,0.0,0.0,0.0,3.41,3.61,3.61,3.61,23.29,27.15,27.26,27.25,27.25,0.54,0.0,1.0,0.0,53.0,0.0,0.0,20.5,0.0,53.0,0.0,0.0,20.4,1.0,1.0,1.0
2022-10-18 00:05:43,17.3,1.0,1.0,20.5,1.0,0.0,0.0,20.4,53.0,21.7,0.0,0.0,0.0,65.0,12.2,0.0,0.0,44.0,23.0,0.0,0.0,42.0,22.8,0.0,0.0,46.0,21.7,0.0,0.0,46.0,21.9,0.0,0.0,0.0,49.0,21.6,0.0,27.0,0.0,52.0,19.8,0.0,0.0,0.0,2.35,2.49,2.49,2.49,16.09,18.72,18.79,18.79,18.8,0.55,22.2,1.0,0.0,20.9,20.2,0.0,1.0,47.0,23.0,0.0,48.0,22.9,0.0,0.0,0.0,3.41,3.61,3.61,3.61,23.29,27.15,27.26,27.25,27.25,0.54,0.0,1.0,0.0,53.0,0.0,0.0,20.5,0.0,53.0,0.0,0.0,20.4,1.0,1.0,1.0
2022-10-18 00:05:44,17.3,1.0,1.0,20.5,1.0,0.0,0.0,20.4,53.0,21.7,0.0,0.0,0.0,65.0,12.2,0.0,0.0,44.0,23.0,0.0,0.0,42.0,22.8,0.0,0.0,46.0,21.7,0.0,0.0,46.0,21.9,0.0,0.0,0.0,49.0,21.6,0.0,27.0,0.0,52.0,19.8,0.0,0.0,0.0,2.35,2.49,2.49,2.49,16.09,18.72,18.79,18.79,18.8,0.55,22.2,1.0,0.0,20.9,20.2,0.0,1.0,47.0,23.0,0.0,48.0,22.9,0.0,0.0,0.0,3.41,3.61,3.61,3.61,23.29,27.15,27.26,27.25,27.25,0.54,0.0,1.0,0.0,53.0,0.0,0.0,20.5,0.0,53.0,0.0,0.0,20.4,1.0,1.0,1.0
2022-10-18 00:05:45,17.3,1.0,1.0,20.5,1.0,0.0,0.0,20.4,53.0,21.7,0.0,0.0,0.0,65.0,12.2,0.0,0.0,44.0,23.0,0.0,0.0,42.0,22.8,0.0,0.0,46.0,21.7,0.0,0.0,46.0,21.9,0.0,0.0,0.0,49.0,21.6,0.0,27.0,0.0,52.0,19.8,0.0,0.0,0.0,2.35,2.49,2.49,2.49,16.09,18.72,18.79,18.79,18.8,0.55,22.2,1.0,0.0,20.9,20.2,0.0,1.0,47.0,23.0,0.0,48.0,22.9,0.0,0.0,0.0,3.41,3.61,3.61,3.61,23.29,27.15,27.26,27.25,27.25,0.54,0.0,1.0,0.0,53.0,0.0,0.0,20.5,0.0,53.0,0.0,0.0,20.4,1.0,1.0,1.0
2022-10-18 00:05:46,17.3,1.0,1.0,20.5,1.0,0.0,0.0,20.4,53.0,21.7,0.0,0.0,0.0,65.0,12.2,0.0,0.0,44.0,23.0,0.0,0.0,42.0,22.8,0.0,0.0,46.0,21.7,0.0,0.0,46.0,21.9,0.0,0.0,0.0,49.0,21.6,0.0,27.0,0.0,52.0,19.8,0.0,0.0,0.0,2.35,2.49,2.49,2.49,16.09,18.72,18.79,18.79,18.8,0.55,22.2,1.0,0.0,20.9,20.2,0.0,1.0,47.0,23.0,0.0,48.0,22.9,0.0,0.0,0.0,3.41,3.61,3.61,3.61,23.29,27.15,27.26,27.25,27.25,0.54,0.0,1.0,0.0,53.0,0.0,0.0,20.5,0.0,53.0,0.0,0.0,20.4,1.0,1.0,1.0
2022-10-18 00:05:47,17.3,1.0,1.0,20.5,1.0,0.0,0.0,20.4,53.0,21.7,0.0,0.0,0.0,65.0,12.2,0.0,0.0,44.0,23.0,0.0,0.0,42.0,22.8,0.0,0.0,46.0,21.7,0.0,0.0,46.0,21.9,0.0,0.0,0.0,49.0,21.6,0.0,27.0,0.0,52.0,19.8,0.0,0.0,0.0,2.35,2.49,2.49,2.49,16.09,18.72,18.79,18.79,18.8,0.55,22.2,1.0,0.0,20.9,20.2,0.0,1.0,47.0,23.0,0.0,48.0,22.9,0.0,0.0,0.0,3.41,3.61,3.61,3.61,23.29,27.15,27.26,27.25,27.25,0.54,0.0,1.0,0.0,53.0,0.0,0.0,20.5,0.0,53.0,0.0,0.0,20.4,1.0,1.0,1.0
2022-10-18 00:05:48,17.3,1.0,1.0,20.5,1.0,0.0,0.0,20.4,53.0,21.7,0.0,0.0,0.0,65.0,12.2,0.0,0.0,44.0,23.0,0.0,0.0,42.0,22.8,0.0,0.0,46.0,21.7,0.0,0.0,46.0,21.9,0.0,0.0,0.0,49.0,21.6,0.0,27.0,0.0,52.0,19.8,0.0,0.0,0.0,2.35,2.49,2.49,2.49,16.09,18.72,18.79,18.79,18.8,0.55,22.2,1.0,0.0,20.9,20.2,0.0,1.0,47.0,23.0,0.0,48.0,22.9,0.0,0.0,0.0,3.41,3.61,3.61,3.61,23.29,27.15,27.26,27.25,27.25,0.54,0.0,1.0,0.0,53.0,0.0,0.0,20.5,0.0,53.0,0.0,0.0,20.4,1.0,1.0,1.0
2022-10-18 00:05:49,17.3,1.0,1.0,20.5,1.0,0.0,0.0,20.4,53.0,21.7,0.0,0.0,0.0,65.0,12.2,0.0,0.0,44.0,23.0,0.0,0.0,42.0,22.8,0.0,0.0,46.0,21.7,0.0,0.0,46.0,21.9,0.0,0.0,0.0,49.0,21.6,0.0,27.0,0.0,52.0,19.8,0.0,0.0,0.0,2.35,2.49,2.49,2.49,16.09,18.72,18.79,18.79,18.8,0.55,22.2,1.0,0.0,20.9,20.2,0.0,1.0,47.0,23.0,0.0,48.0,22.9,0.0,0.0,0.0,3.41,3.61,3.61,3.61,23.29,27.15,27.26,27.25,27.25,0.54,0.0,1.0,0.0,53.0,0.0,0.0,20.5,0.0,53.0,0.0,0.0,20.4,1.0,1.0,1.0
2022-10-18 00:05:50,17.3,1.0,1.0,20.5,1.0,0.0,0.0,20.4,53.0,21.7,0.0,0.0,0.0,65.0,12.2,0.0,0.0,44.0,23.0,0.0,0.0,42.0,22.8,0.0,0.0,46.0,21.7,0.0,0.0,46.0,21.9,0.0,0.0,0.0,49.0,21.6,0.0,27.0,0.0,52.0,19.8,0.0,0.0,0.0,2.35,2.49,2.49,2.49,16.09,18.72,18.79,18.79,18.8,0.55,22.2,1.0,0.0,20.9,20.2,0.0,1.0,47.0,23.0,0.0,48.0,22.9,0.0,0.0,0.0,3.41,3.61,3.61,3.61,23.29,27.15,27.26,27.25,27.25,0.54,0.0,1.0,0.0,53.0,0.0,0.0,20.5,0.0,53.0,0.0,0.0,20.4,1.0,1.0,1.0
2022-10-18 00:05:51,17.3,1.0,1.0,20.5,1.0,0.0,0.0,20.4,53.0,21.7,0.0,0.0,0.0,65.0,12.2,0.0,0.0,44.0,23.0,0.0,0.0,42.0,22.8,0.0,0.0,46.0,21.7,0.0,0.0,46.0,21.9,0.0,0.0,0.0,49.0,21.6,0.0,27.0,0.0,52.0,19.8,0.0,0.0,0.0,2.35,2.49,2.49,2.49,16.09,18.72,18.79,18.79,18.8,0.55,22.2,1.0,0.0,20.9,20.2,0.0,1.0,47.0,23.0,0.0,48.0,22.9,0.0,0.0,0.0,3.41,3.61,3.61,3.61,23.29,27.15,27.26,27.25,27.25,0.54,0.0,1.0,0.0,53.0,0.0,0.0,20.5,0.0,53.0,0.0,0.0,20.4,1.0,1.0,1.0
2022-10-18 00:05:52,17.3,1.0,1.0,20.5,1.0,0.0,0.0,20.4,53.0,21.7,0.0,0.0,0.0,65.0,12.2,0.0,0.0,44.0,23.0,0.0,0.0,42.0,22.8,0.0,0.0,46.0,21.7,0.0,0.0,46.0,21.9,0.0,0.0,0.0,49.0,21.6,0.0,27.0,0.0,52.0,19.8,0.0,0.0,0.0,2.35,2.49,2.49,2.49,16.09,18.72,18.79,18.79,18.8,0.55,22.2,1.0,0.0,20.9,20.2,0.0,1.0,47.0,23.0,0.0,48.0,22.9,0.0,0.0,0.0,3.41,3.61,3.61,3.61,23.29,27.15,27.26,27.25,27.25,0.54,0.0,1.0,0.0,53.0,0.0,0.0,20.5,0.0,53.0,0.0,0.0,20.4,1.0,1.0,1.0
2022-10-18 00:05:53,17.3,1.0,1.0,20.5,1.0,0.0,0.0,20.4,53.0,21.7,0.0,0.0,0.0,65.0,12.2,0.0,0.0,44.0,23.0,0.0,0.0,42.0,22.8,0.0,0.0,46.0,21.7,0.0,0.0,46.0,21.9,0.0,0.0,0.0,49.0,21.6,0.0,27.0,0.0,52.0,19.8,0.0,0.0,0.0,2.35,2.49,2.49,2.49,16.09,18.72,18.79,18.79,18.8,0.55,22.2,1.0,0.0,20.9,20.2,0.0,1.0,47.0,23.0,0.0,48.0,22.9,0.0,0.0,0.0,3.41,3.61,3.61,3.61,23.29,27.15,27.26,27.25,27.25,0.54,0.0,1.0,0.0,53.0,0.0,0.0,20.5,0.0,53.0,0.0,0.0,20.4,1.0,1.0,1.0
2022-10-18 00:05:54,17.3,1.0,1.0,20.5,1.0,0.0,0.0,20.4,53.0,21.7,0.0,0.0,0.0,65.0,12.2,0.0,0.0,44.0,23.0,0.0,0.0,42.0,22.8,0.0,0.0,46.0,21.7,0.0,0.0,46.0,21.9,0.0,0.0,0.0,49.0,21.6,0.0,27.0,0.0,52.0,19.8,0.0,0.0,0.0,2.35,2.49,2.49,2.49,16.09,18.72,18.79,18.79,18.8,0.55,22.2,1.0,0.0,20.9,20.2,0.0,1.0,47.0,23.0,0.0,48.0,22.9,0.0,0.0,0.0,3.41,3.61,3.61,3.61,23.29,27.15,27.26,27.25,27.25,0.54,0.0,1.0,0.0,53.0,0.0,0.0,20.5,0.0,53.0,0.0,0.0,20.4,1.0,1.0,1.0
2022-10-18 00:05:55,17.3,1.0,1.0,20.5,1.0,0.0,0.0,20.4,53.0,21.7,0.0,0.0,0.0,65.0,12.2,0.0,0.0,44.0,23.0,0.0,0.0,42.0,22.8,0.0,0.0,46.0,21.7,0.0,0.0,46.0,21.9,0.0,0.0,0.0,49.0,21.6,0.0,27.0,0.0,52.0,19.8,0.0,0.0,0.0,2.35,2.49,2.49,2.49,16.09,18.72,18.79,18.79,18.8,0.55,22.2,1.0,0.0,20.9,20.2,0.0,1.0,47.0,23.0,0.0,48.0,22.9,0.0,0.0,0.0,3.41,3.61,3.61,3.61,23.29,27.15,27.26,27.25,27.25,0.54,0.0,1.0,0.0,53.0,0.0,0.0,20.5,0.0,53.0,0.0,0.0,20.4,1.0,1.0,1.0
2022-10-18 00:05:56,17.3,1.0,1.0,20.5,1.0,0.0,0.0,20.4,53.0,21.7,0.0,0.0,0.0,65.0,12.2,0.0,0.0,44.0,23.0,0.0,0.0,42.0,22.8,0.0,0.0,46.0,21.7,0.0,0.0,46.0,21.9,0.0,0.0,0.0,49.0,21.6,0.0,27.0,0.0,52.0,19.8,0.0,0.0,0.0,2.35,2.49,2.49,2.49,16.09,18.72,18.79,18.79,18.8,0.55,22.2,1.0,0.0,20.9,20.2,0.0,1.0,47.0,23.0,0.0,48.0,22.9,0.0,0.0,0.0,3.41,3.61,3.61,3.61,23.29,27.15,27.26,27.25,27.25,0.54,0.0,1.0,0.0,53.0,0.0,0.0,20.5,0.0,53.0,0.0,0.0,20.4,1.0,1.0,1.0
2022-10-18 00:05:57,17.3,1.0,1.0,20.5,1.0,0.0,0.0,20.4,53.0,21.7,0.0,0.0,0.0,65.0,12.2,0.0,0.0,44.0,23.0,0.0,0.0,42.0,22.8,0.0,0.0,46.0,21.7,0.0,0.0,46.0,21.9,0.0,0.0,0.0,49.0,21.6,0.0,27.0,0.0,52.0,19.8,0.0,0.0,0.0,2.35,2.49,2.49,2.49,16.09,18.72,18.79,18.79,18.8,0.55,22.2,1.0,0.0,20.9,20.2,0.0,1.0,47.0,23.0,0.0,48.0,22.9,0.0,0.0,0.0,3.41,3.61,3.61,3.61,23.29,27.15,27.26,27.25,27.25,0.54,0.0,1.0,0.0,53.0,0.0,0.0,20.5,0.0,53.0,0.0,0.0,20.4,1.0,1.0,1.0
2022-10-18 00:05:58,17.3,1.0,1.0,20.5,1.0,0.0,0.0,20.4,53.0,21.7,0.0,0.0,0.0,65.0,12.2,0.0,0.0,44.0,23.0,0.0,0.0,42.0,22.8,0.0,0.0,46.0,21.7,0.0,0.0,46.0,21.9,0.0,0.0,0.0,49.0,21.6,0.0,27.0,0.0,52.0,19.8,0.0,0.0,0.0,2.35,2.49,2.49,2.49,16.09,18.72,18.79,18.79,18.8,0.55,22.2,1.0,0.0,20.9,20.2,0.0,1.0,47.0,23.0,0.0,48.0,22.9,0.0,0.0,0.0,3.41,3.61,3.61,3.61,23.29,27.15,27.26,27.25,27.25,0.54,0.0,1.0,0.0,53.0,0.0,0.0,20.5,0.0,53.0,0.0,0.0,20.4,1.0,1.0,1.0
2022-10-18 00:05:59,17.3,1.0,1.0,20.5,1.0,0.0,0.0,20.4,53.0,21.7,0.0,0.0,0.0,65.0,12.2,0.0,0.0,44.0,23.0,0.0,0.0,42.0,22.8,0.0,0.0,46.0,21.7,0.0,0.0,46.0,21.9,0.0,0.0,0.0,49.0,21.6,0.0,27.0,0.0,52.0,19.8,0.0,0.0,0.0,2.35,2.49,2.49,2.49,16.09,18.72,18.79,18.79,18.8,0.55,22.2,1.0,0.0,20.9,20.2,0.0,1.0,47.0,23.0,0.0,48.0,22.9,0.0,0.0,0.0,3.41,3.61,3.61,3.61,23.29,27.15,27.26,27.25,27.25,0.54,0.0,1.0,0.0,53.0,0.0,0.0,20.5,0.0,53.0,0.0,0.0,20.4,1.0,1.0,1.0
2022-10-18 00:06:00,17.2,1.0,1.0,20.5,1.0,0.0,0.0,20.4,53.0,21.7,0.0,0.0,0.0,65.0,12.2,0.0,0.0,44.0,23.0,0.0,0.0,42.0,22.8,0.0,0.0,46.0,21.7,0.0,0.0,46.0,21.9,0.0,0.0,0.0,49.0,21.6,0.0,27.0,0.0,52.0,19.8,0.0,0.0,0.0,2.35,2.49,2.49,2.49,16.09,18.72,18.79,18.79,18.8,0.55,22.2,1.0,0.0,20.9,20.2,0.0,1.0,47.0,23.0,0.0,48.0,22.9,0.0,0.0,0.0,3.41,3.61,3.61,3.61,23.29,27.15,27.26,27.25,27.25,0.54,0.0,1.0,0.0,53.0,0.0,0.0,20.5,0.0,53.0,0.0,0.0,20.4,1.0,1.0,1.0
2022-10-18 00:06:01,17.2,1.0,1.0,20.5,1.0,0.0,0.0,20.4,53.0,21.7,0.0,0.0,0.0,65.0,12.2,0.0,0.0,44.0,23.0,0.0,0.0,42.0,22.8,0.0,0.0,46.0,21.7,0.0,0.0,46.0,21.9,0.0,0.0,0.0,49.0,21.6,0.0,27.0,0.0,52.0,19.8,0.0,0.0,0.0,2.35,2.49,2.49,2.49,16.09,18.72,18.79,18.79,18.8,0.55,22.2,1.0,0.0,20.9,20.2,0.0,1.0,47.0,23.0,0.0,48.0,22.9,0.0,0.0,0.0,3.41,3.61,3.61,3.61,23.29,27.15,27.26,27.25,27.25,0.54,0.0,1.0,0.0,53.0,0.0,0.0,20.5,0.0,53.0,0.0,0.0,20.4,1.0,1.0,1.0
2022-10-18 00:06:02,17.2,1.0,1.0,20.5,1.0,0.0,0.0,20.4,53.0,21.7,0.0,0.0,0.0,65.0,12.2,0.0,0.0,44.0,23.0,0.0,0.0,42.0,22.8,0.0,0.0,46.0,21.7,0.0,0.0,46.0,21.9,0.0,0.0,0.0,49.0,21.6,0.0,27.0,0.0,52.0,19.8,0.0,0.0,0.0,2.35,2.49,2.49,2.49,16.09,18.72,18.79,18.79,18.8,0.55,22.2,1.0,0.0,20.9,20.2,0.0,1.0,47.0,23.0,0.0,48.0,22.9,0.0,0.0,0.0,3.41,3.61,3.61,3.61,23.29,27.15,27.26,27.25,27.25,0.54,0.0,1.0,0.0,53.0,0.0,0.0,20.5,0.0,53.0,0.0,0.0,20.4,1.0,1.0,1.0
2022-10-18 00:06:03,17.2,1.0,1.0,20.5,1.0,0.0,0.0,20.4,53.0,21.7,0.0,0.0,0.0,65.0,12.2,0.0,0.0,44.0,23.0,0.0,0.0,42.0,22.8,0.0,0.0,46.0,21.7,0.0,0.0,46.0,21.9,0.0,0.0,0.0,49.0,21.6,0.0,27.0,0.0,52.0,19.8,0.0,0.0,0.0,2.35,2.49,2.49,2.49,16.09,18.72,18.79,18.79,18.8,0.55,22.2,1.0,0.0,20.9,20.2,0.0,1.0,47.0,23.0,0.0,48.0,22.9,0.0,0.0,0.0,3.41,3.61,3.61,3.61,23.29,27.15,27.26,27.25,27.25,0.54,0.0,1.0,0.0,53.0,0.0,0.0,20.5,0.0,53.0,0.0,0.0,20.4,1.0,1.0,1.0
2022-10-18 00:06:04,17.2,1.0,1.0,20.5,1.0,0.0,0.0,20.4,53.0,21.7,0.0,0.0,0.0,65.0,12.2,0.0,0.0,44.0,23.0,0.0,0.0,42.0,22.8,0.0,0.0,46.0,21.7,0.0,0.0,46.0,21.9,0.0,0.0,0.0,49.0,21.6,0.0,27.0,0.0,52.0,19.8,0.0,0.0,0.0,2.35,2.49,2.49,2.49,16.09,18.72,18.79,18.79,18.8,0.55,22.2,1.0,0.0,20.9,20.2,0.0,1.0,47.0,23.0,0.0,48.0,22.9,0.0,0.0,0.0,3.41,3.61,3.61,3.61,23.29,27.15,27.26,27.25,27.25,0.54,0.0,1.0,0.0,53.0,0.0,0.0,20.5,0.0,53.0,0.0,0.0,20.4,1.0,1.0,1.0
2022-10-18 00:06:05,17.2,1.0,1.0,20.5,1.0,0.0,0.0,20.4,53.0,21.7,0.0,0.0,0.0,65.0,12.2,0.0,0.0,44.0,23.0,0.0,0.0,42.0,22.8,0.0,0.0,46.0,21.7,0.0,0.0,46.0,21.9,0.0,0.0,0.0,49.0,21.6,0.0,27.0,0.0,52.0,19.8,0.0,0.0,0.0,2.35,2.49,2.49,2.49,16.09,18.72,18.79,18.79,18.8,0.55,22.2,1.0,0.0,20.9,20.2,0.0,1.0,47.0,23.0,0.0,48.0,22.9,0.0,0.0,0.0,3.41,3.61,3.61,3.61,23.29,27.15,27.26,27.25,27.25,0.54,0.0,1.0,0.0,53.0,0.0,0.0,20.5,0.0,53.0,0.0,0.0,20.4,1.0,1.0,1.0
2022-10-18 00:06:06,17.2,1.0,1.0,20.5,1.0,0.0,0.0,20.4,53.0,21.7,0.0,0.0,0.0,65.0,12.2,0.0,0.0,44.0,23.0,0.0,0.0,42.0,22.8,0.0,0.0,46.0,21.7,0.0,0.0,46.0,21.9,0.0,0.0,0.0,49.0,21.6,0.0,27.0,0.0,52.0,19.8,0.0,0.0,0.0,2.35,2.49,2.49,2.49,16.09,18.72,18.79,18.79,18.8,0.55,22.2,1.0,0.0,20.9,20.2,0.0,1.0,47.0,23.0,0.0,48.0,22.9,0.0,0.0,0.0,3.41,3.61,3.61,3.61,23.29,27.15,27.26,27.25,27.25,0.54,0.0,1.0,0.0,53.0,0.0,0.0,20.5,0.0,53.0,0.0,0.0,20.4,1.0,1.0,1.0
2022-10-18 00:06:07,17.2,1.0,1.0,20.5,1.0,0.0,0.0,20.4,53.0,21.7,0.0,0.0,0.0,65.0,12.2,0.0,0.0,44.0,23.0,0.0,0.0,42.0,22.8,0.0,0.0,46.0,21.7,0.0,0.0,46.0,21.9,0.0,0.0,0.0,49.0,21.6,0.0,27.0,0.0,52.0,19.8,0.0,0.0,0.0,2.35,2.49,2.49,2.49,16.09,18.72,18.79,18.79,18.8,0.55,22.2,1.0,0.0,20.9,20.2,0.0,1.0,47.0,23.0,0.0,48.0,22.9,0.0,0.0,0.0,3.41,3.61,3.61,3.61,23.29,27.15,27.26,27.25,27.25,0.54,0.0,1.0,0.0,53.0,0.0,0.0,20.5,0.0,53.0,0.0,0.0,20.4,1.0,1.0,1.0
2022-10-18 00:06:08,17.2,1.0,1.0,20.5,1.0,0.0,0.0,20.4,53.0,21.7,0.0,0.0,0.0,65.0,12.2,0.0,0.0,44.0,23.0,0.0,0.0,42.0,22.8,0.0,0.0,46.0,21.7,0.0,0.0,46.0,21.9,0.0,0.0,0.0,49.0,21.6,0.0,27.0,0.0,52.0,19.8,0.0,0.0,0.0,2.35,2.49,2.49,2.49,16.09,18.72,18.79,18.79,18.8,0.55,22.2,1.0,0.0,20.9,20.2,0.0,1.0,47.0,23.0,0.0,48.0,22.9,0.0,0.0,0.0,3.41,3.61,3.61,3.61,23.29,27.15,27.26,27.25,27.25,0.54,0.0,1.0,0.0,53.0,0.0,0.0,20.5,0.0,53.0,0.0,0.0,20.4,1.0,1.0,1.0
2022-10-18 00:06:09,17.2,1.0,1.0,20.5,1.0,0.0,0.0,20.4,53.0,21.7,0.0,0.0,0.0,65.0,12.2,0.0,0.0,44.0,23.0,0.0,0.0,42.0,22.8,0.0,0.0,46.0,21.7,0.0,0.0,46.0,21.9,0.0,0.0,0.0,49.0,21.6,0.0,27.0,0.0,52.0,19.8,0.0,0.0,0.0,2.35,2.49,2.49,2.49,16.09,18.72,18.79,18.79,18.8,0.55,22.2,1.0,0.0,20.9,20.2,0.0,1.0,47.0,23.0,0.0,48.0,22.9,0.0,0.0,0.0,3.41,3.61,3.61,3.61,23.29,27.15,27.26,27.25,27.25,0.54,0.0,1.0,0.0,53.0,0.0,0.0,20.5,0.0,53.0,0.0,0.0,20.4,1.0,1.0,1.0
2022-10-18 00:06:10,17.2,1.0,1.0,20.5,1.0,0.0,0.0,20.4,53.0,21.7,0.0,0.0,0.0,65.0,12.2,0.0,0.0,44.0,23.0,0.0,0.0,42.0,22.8,0.0,0.0,46.0,21.7,0.0,0.0,46.0,21.9,0.0,0.0,0.0,49.0,21.6,0.0,27.0,0.0,52.0,19.8,0.0,0.0,0.0,2.35,2.49,2.49,2.49,16.09,18.72,18.79,18.79,18.8,0.55,22.2,1.0,0.0,20.9,20.2,0.0,1.0,47.0,23.0,0.0,48.0,22.9,0.0,0.0,0.0,3.41,3.61,3.61,3.61,23.29,27.15,27.26,27.25,27.25,0.54,0.0,1.0,0.0,53.0,0.0,0.0,20.5,0.0,53.0,0.0,0.0,20.4,1.0,1.0,1.0
2022-10-18 00:06:11,17.2,1.0,1.0,20.5,1.0,0.0,0.0,20.4,53.0,21.7,0.0,0.0,0.0,65.0,12.2,0.0,0.0,44.0,23.0,0.0,0.0,42.0,22.8,0.0,0.0,46.0,21.7,0.0,0.0,46.0,21.9,0.0,0.0,0.0,49.0,21.6,0.0,27.0,0.0,52.0,19.8,0.0,0.0,0.0,2.35,2.49,2.49,2.49,16.09,18.72,18.79,18.79,18.8,0.55,22.2,1.0,0.0,20.9,20.2,0.0,1.0,47.0,23.0,0.0,48.0,22.9,0.0,0.0,0.0,3.41,3.61,3.61,3.61,23.29,27.15,27.26,27.25,27.25,0.54,0.0,1.0,0.0,53.0,0.0,0.0,20.5,0.0,53.0,0.0,0.0,20.4,1.0,1.0,1.0
2022-10-18 00:06:12,17.2,1.0,1.0,20.5,1.0,0.0,0.0,20.4,53.0,21.7,0.0,0.0,0.0,65.0,12.2,0.0,0.0,44.0,23.0,0.0,0.0,42.0,22.8,0.0,0.0,46.0,21.7,0.0,0.0,46.0,21.9,0.0,0.0,0.0,49.0,21.6,0.0,27.0,0.0,52.0,19.8,0.0,0.0,0.0,2.35,2.49,2.49,2.49,16.09,18.72,18.79,18.79,18.8,0.55,22.2,1.0,0.0,20.9,20.2,0.0,1.0,47.0,23.0,0.0,48.0,22.9,0.0,0.0,0.0,3.41,3.61,3.61,3.61,23.29,27.15,27.26,27.25,27.25,0.54,0.0,1.0,0.0,53.0,0.0,0.0,20.5,0.0,53.0,0.0,0.0,20.4,1.0,1.0,1.0
2022-10-18 00:06:13,17.2,1.0,1.0,20.5,1.0,0.0,0.0,20.4,53.0,21.7,0.0,0.0,0.0,65.0,12.2,0.0,0.0,44.0,23.0,0.0,0.0,42.0,22.8,0.0,0.0,46.0,21.7,0.0,0.0,46.0,21.9,0.0,0.0,0.0,49.0,21.6,0.0,27.0,0.0,52.0,19.8,0.0,0.0,0.0,2.35,2.49,2.49,2.49,16.09,18.72,18.79,18.79,18.8,0.55,22.2,1.0,0.0,20.9,20.2,0.0,1.0,47.0,23.0,0.0,48.0,22.9,0.0,0.0,0.0,3.41,3.61,3.61,3.61,23.29,27.15,27.26,27.25,27.25,0.54,0.0,1.0,0.0,53.0,0.0,0.0,20.5,0.0,53.0,0.0,0.0,20.4,1.0,1.0,1.0
2022-10-18 00:06:14,17.2,1.0,1.0,20.5,1.0,0.0,0.0,20.4,53.0,21.7,0.0,0.0,0.0,65.0,12.2,0.0,0.0,44.0,23.0,0.0,0.0,42.0,22.8,0.0,0.0,46.0,21.7,0.0,0.0,46.0,21.9,0.0,0.0,0.0,49.0,21.6,0.0,27.0,0.0,52.0,19.8,0.0,0.0,0.0,2.35,2.49,2.49,2.49,16.09,18.72,18.79,18.79,18.8,0.55,22.2,1.0,0.0,20.9,20.2,0.0,1.0,47.0,23.0,0.0,48.0,22.9,0.0,0.0,0.0,3.41,3.61,3.61,3.61,23.29,27.15,27.26,27.25,27.25,0.54,0.0,1.0,0.0,53.0,0.0,0.0,20.5,0.0,53.0,0.0,0.0,20.4,1.0,1.0,1.0
2022-10-18 00:06:15,17.2,1.0,1.0,20.5,1.0,0.0,0.0,20.4,53.0,21.7,0.0,0.0,0.0,65.0,12.2,0.0,0.0,44.0,23.0,0.0,0.0,42.0,22.8,0.0,0.0,46.0,21.7,0.0,0.0,46.0,21.9,0.0,0.0,0.0,49.0,21.6,0.0,27.0,0.0,52.0,19.8,0.0,0.0,0.0,2.35,2.49,2.49,2.49,16.09,18.72,18.79,18.79,18.8,0.55,22.2,1.0,0.0,20.9,20.2,0.0,1.0,47.0,23.0,0.0,48.0,22.9,0.0,0.0,0.0,3.41,3.61,3.61,3.61,23.29,27.15,27.26,27.25,27.25,0.54,0.0,1.0,0.0,53.0,0.0,0.0,20.5,0.0,53.0,0.0,0.0,20.4,1.0,1.0,1.0
2022-10-18 00:06:16,17.2,1.0,1.0,20.5,1.0,0.0,0.0,20.4,53.0,21.7,0.0,0.0,0.0,65.0,12.2,0.0,0.0,44.0,23.0,0.0,0.0,42.0,22.8,0.0,0.0,46.0,21.7,0.0,0.0,46.0,21.9,0.0,0.0,0.0,49.0,21.6,0.0,27.0,0.0,52.0,19.8,0.0,0.0,0.0,2.35,2.49,2.49,2.49,16.09,18.72,18.79,18.79,18.8,0.55,22.2,1.0,0.0,20.9,20.2,0.0,1.0,47.0,23.0,0.0,48.0,22.9,0.0,0.0,0.0,3.41,3.61,3.61,3.61,23.29,27.15,27.26,27.25,27.25,0.54,0.0,1.0,0.0,53.0,0.0,0.0,20.5,0.0,53.0,0.0,0.0,20.4,1.0,1.0,1.0
2022-10-18 00:06:17,17.2,1.0,1.0,20.5,1.0,0.0,0.0,20.4,53.0,21.7,0.0,0.0,0.0,65.0,12.2,0.0,0.0,44.0,23.0,0.0,0.0,42.0,22.8,0.0,0.0,46.0,21.7,0.0,0.0,46.0,21.9,0.0,0.0,0.0,49.0,21.6,0.0,27.0,0.0,52.0,19.8,0.0,0.0,0.0,2.35,2.49,2.49,2.49,16.09,18.72,18.79,18.79,18.8,0.55,22.2,1.0,0.0,20.9,20.2,0.0,1.0,47.0,23.0,0.0,48.0,22.9,0.0,0.0,0.0,3.41,3.61,3.61,3.61,23.29,27.15,27.26,27.25,27.25,0.54,0.0,1.0,0.0,53.0,0.0,0.0,20.5,0.0,53.0,0.0,0.0,20.4,1.0,1.0,1.0
2022-10-18 00:06:18,17.2,1.0,1.0,20.5,1.0,0.0,0.0,20.4,53.0,21.7,0.0,0.0,0.0,65.0,12.2,0.0,0.0,44.0,23.0,0.0,0.0,42.0,22.8,0.0,0.0,46.0,21.7,0.0,0.0,46.0,21.9,0.0,0.0,0.0,49.0,21.6,0.0,27.0,0.0,52.0,19.8,0.0,0.0,0.0,2.35,2.49,2.49,2.49,16.09,18.72,18.79,18.79,18.8,0.55,22.2,1.0,0.0,20.9,20.2,0.0,1.0,47.0,23.0,0.0,48.0,22.9,0.0,0.0,0.0,3.41,3.61,3.61,3.61,23.29,27.15,27.26,27.25,27.25,0.54,0.0,1.0,0.0,53.0,0.0,0.0,20.5,0.0,53.0,0.0,0.0,20.4,1.0,1.0,1.0
2022-10-18 00:06:19,17.2,1.0,1.0,20.5,1.0,0.0,0.0,20.4,53.0,21.7,0.0,0.0,0.0,65.0,12.2,0.0,0.0,44.0,23.0,0.0,0.0,42.0,22.8,0.0,0.0,46.0,21.7,0.0,0.0,46.0,21.9,0.0,0.0,0.0,49.0,21.6,0.0,27.0,0.0,52.0,19.8,0.0,0.0,0.0,2.35,2.49,2.49,2.49,16.09,18.72,18.79,18.79,18.8,0.55,22.2,1.0,0.0,20.9,20.2,0.0,1.0,47.0,23.0,0.0,48.0,22.9,0.0,0.0,0.0,3.41,3.61,3.61,3.61,23.29,27.15,27.26,27.25,27.25,0.54,0.0,1.0,0.0,53.0,0.0,0.0,20.5,0.0,53.0,0.0,0.0,20.4,1.0,1.0,1.0
2022-10-18 00:06:20,17.2,1.0,1.0,20.5,1.0,0.0,0.0,20.4,53.0,21.7,0.0,0.0,0.0,65.0,12.2,0.0,0.0,44.0,23.0,0.0,0.0,42.0,22.8,0.0,0.0,46.0,21.7,0.0,0.0,46.0,21.9,0.0,0.0,0.0,49.0,21.6,0.0,27.0,0.0,52.0,19.8,0.0,0.0,0.0,2.35,2.49,2.49,2.49,16.09,18.72,18.79,18.79,18.8,0.55,22.2,1.0,0.0,20.9,20.2,0.0,1.0,47.0,23.0,0.0,48.0,22.9,0.0,0.0,0.0,3.41,3.61,3.61,3.61,23.29,27.15,27.26,27.25,27.25,0.54,0.0,1.0,0.0,53.0,0.0,0.0,20.5,0.0,53.0,0.0,0.0,20.4,1.0,1.0,1.0
2022-10-18 00:06:21,17.2,1.0,1.0,20.5,1.0,0.0,0.0,20.4,53.0,21.7,0.0,0.0,0.0,65.0,12.2,0.0,0.0,44.0,23.0,0.0,0.0,42.0,22.8,0.0,0.0,46.0,21.7,0.0,0.0,46.0,21.9,0.0,0.0,0.0,49.0,21.6,0.0,27.0,0.0,52.0,19.8,0.0,0.0,0.0,2.35,2.49,2.49,2.49,16.09,18.72,18.79,18.79,18.8,0.55,22.2,1.0,0.0,20.9,20.2,0.0,1.0,47.0,23.0,0.0,48.0,22.9,0.0,0.0,0.0,3.41,3.61,3.61,3.61,23.29,27.15,27.26,27.25,27.25,0.54,0.0,1.0,0.0,53.0,0.0,0.0,20.5,0.0,52.0,0.0,0.0,20.4,1.0,1.0,1.0
2022-10-18 00:06:22,17.2,1.0,1.0,20.5,1.0,0.0,0.0,20.4,53.0,21.7,0.0,0.0,0.0,65.0,12.2,0.0,0.0,44.0,23.0,0.0,0.0,42.0,22.8,0.0,0.0,46.0,21.7,0.0,0.0,46.0,21.9,0.0,0.0,0.0,49.0,21.6,0.0,27.0,0.0,52.0,19.8,0.0,0.0,0.0,2.35,2.49,2.49,2.49,16.09,18.72,18.79,18.79,18.8,0.55,22.2,1.0,0.0,20.9,20.2,0.0,1.0,47.0,23.0,0.0,48.0,22.9,0.0,0.0,0.0,3.41,3.61,3.61,3.61,23.29,27.15,27.26,27.25,27.25,0.54,0.0,1.0,0.0,53.0,0.0,0.0,20.5,0.0,52.0,0.0,0.0,20.4,1.0,1.0,1.0
2022-10-18 00:06:23,17.2,1.0,1.0,20.5,1.0,0.0,0.0,20.4,53.0,21.7,0.0,0.0,0.0,65.0,12.2,0.0,0.0,44.0,23.0,0.0,0.0,42.0,22.8,0.0,0.0,46.0,21.7,0.0,0.0,46.0,21.9,0.0,0.0,0.0,49.0,21.6,0.0,27.0,0.0,52.0,19.8,0.0,0.0,0.0,2.35,2.49,2.49,2.49,16.09,18.72,18.79,18.79,18.8,0.55,22.2,1.0,0.0,20.9,20.2,0.0,1.0,47.0,23.0,0.0,48.0,22.9,0.0,0.0,0.0,3.41,3.61,3.61,3.61,23.29,27.15,27.26,27.25,27.25,0.54,0.0,1.0,0.0,53.0,0.0,0.0,20.5,0.0,52.0,0.0,0.0,20.4,1.0,1.0,1.0
2022-10-18 00:06:24,17.2,1.0,1.0,20.5,1.0,0.0,0.0,20.4,53.0,21.7,0.0,0.0,0.0,65.0,12.2,0.0,0.0,44.0,23.0,0.0,0.0,42.0,22.8,0.0,0.0,46.0,21.7,0.0,0.0,46.0,21.9,0.0,0.0,0.0,49.0,21.6,0.0,27.0,0.0,52.0,19.8,0.0,0.0,0.0,2.35,2.49,2.49,2.49,16.09,18.72,18.79,18.79,18.8,0.55,22.2,1.0,0.0,20.9,20.2,0.0,1.0,47.0,23.0,0.0,48.0,22.9,0.0,0.0,0.0,3.41,3.61,3.61,3.61,23.29,27.15,27.26,27.25,27.25,0.54,0.0,1.0,0.0,53.0,0.0,0.0,20.5,0.0,52.0,0.0,0.0,20.4,1.0,1.0,1.0
2022-10-18 00:06:25,17.2,1.0,1.0,20.5,1.0,0.0,0.0,20.4,53.0,21.7,0.0,0.0,0.0,65.0,12.2,0.0,0.0,44.0,23.0,0.0,0.0,42.0,22.8,0.0,0.0,46.0,21.7,0.0,0.0,46.0,21.9,0.0,0.0,0.0,49.0,21.6,0.0,27.0,0.0,52.0,19.8,0.0,0.0,0.0,2.35,2.49,2.49,2.49,16.09,18.72,18.79,18.79,18.8,0.55,22.2,1.0,0.0,20.9,20.2,0.0,1.0,47.0,23.0,0.0,48.0,22.9,0.0,0.0,0.0,3.41,3.61,3.61,3.61,23.29,27.15,27.26,27.25,27.25,0.54,0.0,1.0,0.0,53.0,0.0,0.0,20.5,0.0,52.0,0.0,0.0,20.4,1.0,1.0,1.0
2022-10-18 00:06:26,17.2,1.0,1.0,20.5,1.0,0.0,0.0,20.4,53.0,21.7,0.0,0.0,0.0,65.0,12.2,0.0,0.0,44.0,23.0,0.0,0.0,42.0,22.8,0.0,0.0,46.0,21.7,0.0,0.0,46.0,21.9,0.0,0.0,0.0,49.0,21.6,0.0,27.0,0.0,52.0,19.8,0.0,0.0,0.0,2.35,2.49,2.49,2.49,16.09,18.72,18.79,18.79,18.8,0.55,22.2,1.0,0.0,20.9,20.2,0.0,1.0,47.0,23.0,0.0,48.0,22.9,0.0,0.0,0.0,3.41,3.61,3.61,3.61,23.29,27.15,27.26,27.25,27.25,0.54,0.0,1.0,0.0,53.0,0.0,0.0,20.5,0.0,52.0,0.0,0.0,20.4,1.0,1.0,1.0
2022-10-18 00:06:27,17.2,1.0,1.0,20.5,1.0,0.0,0.0,20.4,53.0,21.7,0.0,0.0,0.0,65.0,12.2,0.0,0.0,44.0,23.0,0.0,0.0,42.0,22.8,0.0,0.0,46.0,21.7,0.0,0.0,46.0,21.9,0.0,0.0,0.0,49.0,21.6,0.0,27.0,0.0,52.0,19.8,0.0,0.0,0.0,2.35,2.49,2.49,2.49,16.09,18.72,18.79,18.79,18.8,0.55,22.2,1.0,0.0,20.9,20.2,0.0,1.0,47.0,23.0,0.0,48.0,22.9,0.0,0.0,0.0,3.41,3.61,3.61,3.61,23.29,27.15,27.26,27.25,27.25,0.54,0.0,1.0,0.0,53.0,0.0,0.0,20.5,0.0,52.0,0.0,0.0,20.4,1.0,1.0,1.0
2022-10-18 00:06:28,17.2,1.0,1.0,20.5,1.0,0.0,0.0,20.4,53.0,21.7,0.0,0.0,0.0,65.0,12.2,0.0,0.0,44.0,23.0,0.0,0.0,42.0,22.8,0.0,0.0,46.0,21.7,0.0,0.0,46.0,21.9,0.0,0.0,0.0,49.0,21.6,0.0,27.0,0.0,52.0,19.8,0.0,0.0,0.0,2.35,2.49,2.49,2.49,16.09,18.72,18.79,18.79,18.8,0.55,22.2,1.0,0.0,20.9,20.2,0.0,1.0,47.0,23.0,0.0,48.0,22.9,0.0,0.0,0.0,3.41,3.61,3.61,3.61,23.29,27.15,27.26,27.25,27.25,0.54,0.0,1.0,0.0,53.0,0.0,0.0,20.5,0.0,52.0,0.0,0.0,20.4,1.0,1.0,1.0
2022-10-18 00:06:29,17.2,1.0,1.0,20.5,1.0,0.0,0.0,20.4,53.0,21.7,0.0,0.0,0.0,65.0,12.2,0.0,0.0,44.0,23.0,0.0,0.0,42.0,22.8,0.0,0.0,46.0,21.7,0.0,0.0,46.0,21.9,0.0,0.0,0.0,49.0,21.6,0.0,27.0,0.0,52.0,19.8,0.0,0.0,0.0,2.35,2.49,2.49,2.49,16.09,18.72,18.79,18.79,18.8,0.55,22.2,1.0,0.0,20.9,20.2,0.0,1.0,47.0,23.0,0.0,48.0,22.9,0.0,0.0,0.0,3.41,3.61,3.61,3.61,23.29,27.15,27.26,27.25,27.25,0.54,0.0,1.0,0.0,53.0,0.0,0.0,20.5,0.0,52.0,0.0,0.0,20.4,1.0,1.0,1.0
2022-10-18 00:06:30,17.2,1.0,1.0,20.5,1.0,0.0,0.0,20.4,53.0,21.7,0.0,0.0,0.0,65.0,12.2,0.0,0.0,44.0,23.0,0.0,0.0,42.0,22.8,0.0,0.0,46.0,21.7,0.0,0.0,46.0,21.9,0.0,0.0,0.0,49.0,21.6,0.0,27.0,0.0,52.0,19.8,0.0,0.0,0.0,2.35,2.49,2.49,2.49,16.09,18.72,18.79,18.79,18.8,0.55,22.2,1.0,0.0,20.9,20.2,0.0,1.0,47.0,23.0,0.0,48.0,22.9,0.0,0.0,0.0,3.41,3.61,3.61,3.61,23.29,27.15,27.26,27.25,27.25,0.54,0.0,1.0,0.0,53.0,0.0,0.0,20.5,0.0,52.0,0.0,0.0,20.4,1.0,1.0,1.0
2022-10-18 00:06:31,17.2,1.0,1.0,20.5,1.0,0.0,0.0,20.4,53.0,21.7,0.0,0.0,0.0,65.0,12.2,0.0,0.0,44.0,23.0,0.0,0.0,42.0,22.8,0.0,0.0,46.0,21.7,0.0,0.0,46.0,21.9,0.0,0.0,0.0,49.0,21.6,0.0,27.0,0.0,52.0,19.8,0.0,0.0,0.0,2.35,2.49,2.49,2.49,16.09,18.72,18.79,18.79,18.8,0.55,22.2,1.0,0.0,20.9,20.2,0.0,1.0,47.0,23.0,0.0,48.0,22.9,0.0,0.0,0.0,3.41,3.61,3.61,3.61,23.29,27.15,27.26,27.25,27.25,0.54,0.0,1.0,0.0,53.0,0.0,0.0,20.6,0.0,52.0,0.0,0.0,20.4,1.0,1.0,1.0
2022-10-18 00:06:32,17.2,1.0,1.0,20.5,1.0,0.0,0.0,20.4,53.0,21.7,0.0,0.0,0.0,65.0,12.2,0.0,0.0,44.0,23.0,0.0,0.0,42.0,22.8,0.0,0.0,46.0,21.7,0.0,0.0,46.0,21.9,0.0,0.0,0.0,49.0,21.6,0.0,27.0,0.0,52.0,19.8,0.0,0.0,0.0,2.35,2.49,2.49,2.49,16.09,18.72,18.79,18.79,18.8,0.55,22.2,1.0,0.0,20.9,20.2,0.0,1.0,47.0,23.0,0.0,48.0,22.9,0.0,0.0,0.0,3.41,3.61,3.61,3.61,23.29,27.15,27.26,27.25,27.25,0.54,0.0,1.0,0.0,53.0,0.0,0.0,20.6,0.0,52.0,0.0,0.0,20.4,1.0,1.0,1.0
2022-10-18 00:06:33,17.2,1.0,1.0,20.5,1.0,0.0,0.0,20.4,53.0,21.7,0.0,0.0,0.0,65.0,12.2,0.0,0.0,44.0,23.0,0.0,0.0,42.0,22.8,0.0,0.0,46.0,21.7,0.0,0.0,46.0,21.9,0.0,0.0,0.0,49.0,21.6,0.0,27.0,0.0,52.0,19.8,0.0,0.0,0.0,2.35,2.49,2.49,2.49,16.09,18.72,18.79,18.79,18.8,0.55,22.2,1.0,0.0,20.9,20.2,0.0,1.0,47.0,23.0,0.0,48.0,22.9,0.0,0.0,0.0,3.41,3.61,3.61,3.61,23.29,27.15,27.26,27.25,27.25,0.54,0.0,1.0,0.0,53.0,0.0,0.0,20.6,0.0,52.0,0.0,0.0,20.4,1.0,1.0,1.0
2022-10-18 00:06:34,17.2,1.0,1.0,20.5,1.0,0.0,0.0,20.4,53.0,21.7,0.0,0.0,0.0,65.0,12.2,0.0,0.0,44.0,23.0,0.0,0.0,42.0,22.8,0.0,0.0,46.0,21.7,0.0,0.0,46.0,21.9,0.0,0.0,0.0,49.0,21.6,0.0,27.0,0.0,52.0,19.8,0.0,0.0,0.0,2.35,2.49,2.49,2.49,16.09,18.72,18.79,18.79,18.8,0.55,22.2,1.0,0.0,20.9,20.2,0.0,1.0,47.0,23.0,0.0,48.0,22.9,0.0,0.0,0.0,3.41,3.61,3.61,3.61,23.29,27.15,27.26,27.25,27.25,0.54,0.0,1.0,0.0,53.0,0.0,0.0,20.6,0.0,52.0,0.0,0.0,20.4,1.0,1.0,1.0
2022-10-18 00:06:35,17.2,1.0,1.0,20.5,1.0,0.0,0.0,20.4,53.0,21.7,0.0,0.0,0.0,65.0,12.2,0.0,0.0,44.0,23.0,0.0,0.0,42.0,22.8,0.0,0.0,46.0,21.7,0.0,0.0,46.0,21.9,0.0,0.0,0.0,49.0,21.6,0.0,27.0,0.0,52.0,19.8,0.0,0.0,0.0,2.35,2.49,2.49,2.49,16.09,18.72,18.79,18.79,18.8,0.55,22.2,1.0,0.0,20.9,20.2,0.0,1.0,47.0,23.0,0.0,48.0,22.9,0.0,0.0,0.0,3.41,3.61,3.61,3.61,23.29,27.15,27.26,27.25,27.25,0.54,0.0,1.0,0.0,53.0,0.0,0.0,20.6,0.0,52.0,0.0,0.0,20.4,1.0,1.0,1.0
2022-10-18 00:06:36,17.2,1.0,1.0,20.5,1.0,0.0,0.0,20.4,53.0,21.7,0.0,0.0,0.0,65.0,12.2,0.0,0.0,44.0,23.0,0.0,0.0,42.0,22.8,0.0,0.0,46.0,21.7,0.0,0.0,46.0,21.9,0.0,0.0,0.0,49.0,21.6,0.0,27.0,0.0,52.0,19.8,0.0,0.0,0.0,2.35,2.49,2.49,2.49,16.09,18.72,18.79,18.79,18.8,0.55,22.2,1.0,0.0,20.9,20.2,0.0,1.0,47.0,23.0,0.0,48.0,22.9,0.0,0.0,0.0,3.41,3.61,3.61,3.61,23.29,27.15,27.26,27.25,27.25,0.54,0.0,1.0,0.0,53.0,0.0,0.0,20.6,0.0,52.0,0.0,0.0,20.4,1.0,1.0,1.0
2022-10-18 00:06:37,17.2,1.0,1.0,20.5,1.0,0.0,0.0,20.4,53.0,21.7,0.0,0.0,0.0,65.0,12.2,0.0,0.0,44.0,23.0,0.0,0.0,42.0,22.8,0.0,0.0,46.0,21.7,0.0,0.0,46.0,21.9,0.0,0.0,0.0,49.0,21.6,0.0,27.0,0.0,52.0,19.8,0.0,0.0,0.0,2.35,2.49,2.49,2.49,16.09,18.72,18.79,18.79,18.8,0.55,22.2,1.0,0.0,20.9,20.2,0.0,1.0,47.0,23.0,0.0,48.0,22.9,0.0,0.0,0.0,3.41,3.61,3.61,3.61,23.29,27.15,27.26,27.25,27.25,0.54,0.0,1.0,0.0,53.0,0.0,0.0,20.6,0.0,52.0,0.0,0.0,20.4,1.0,1.0,1.0
2022-10-18 00:06:38,17.2,1.0,1.0,20.5,1.0,0.0,0.0,20.4,53.0,21.7,0.0,0.0,0.0,65.0,12.2,0.0,0.0,44.0,23.0,0.0,0.0,42.0,22.8,0.0,0.0,46.0,21.7,0.0,0.0,46.0,21.9,0.0,0.0,0.0,49.0,21.6,0.0,27.0,0.0,52.0,19.8,0.0,0.0,0.0,2.35,2.49,2.49,2.49,16.09,18.72,18.79,18.79,18.8,0.55,22.2,1.0,0.0,20.9,20.2,0.0,1.0,47.0,23.0,0.0,48.0,22.9,0.0,0.0,0.0,3.41,3.61,3.61,3.61,23.29,27.15,27.26,27.25,27.25,0.54,0.0,1.0,0.0,53.0,0.0,0.0,20.6,0.0,52.0,0.0,0.0,20.4,1.0,1.0,1.0
2022-10-18 00:06:39,17.2,1.0,1.0,20.5,1.0,0.0,0.0,20.4,53.0,21.7,0.0,0.0,0.0,65.0,12.2,0.0,0.0,44.0,23.0,0.0,0.0,42.0,22.8,0.0,0.0,46.0,21.7,0.0,0.0,46.0,21.9,0.0,0.0,0.0,49.0,21.6,0.0,27.0,0.0,52.0,19.8,0.0,0.0,0.0,2.35,2.49,2.49,2.49,16.09,18.72,18.79,18.79,18.8,0.55,22.2,1.0,0.0,20.9,20.2,0.0,1.0,47.0,23.0,0.0,48.0,22.9,0.0,0.0,0.0,3.41,3.61,3.61,3.61,23.29,27.15,27.26,27.25,27.25,0.54,0.0,1.0,0.0,53.0,0.0,0.0,20.6,0.0,52.0,0.0,0.0,20.4,1.0,1.0,1.0
2022-10-18 00:06:40,17.2,1.0,1.0,20.5,1.0,0.0,0.0,20.4,53.0,21.7,0.0,0.0,0.0,65.0,12.2,0.0,0.0,44.0,23.0,0.0,0.0,42.0,22.8,0.0,0.0,46.0,21.7,0.0,0.0,46.0,21.9,0.0,0.0,0.0,49.0,21.6,0.0,27.0,0.0,52.0,19.8,0.0,0.0,0.0,2.35,2.49,2.49,2.49,16.09,18.72,18.79,18.79,18.8,0.55,22.2,1.0,0.0,20.9,20.2,0.0,1.0,47.0,23.0,0.0,48.0,22.9,0.0,0.0,0.0,3.41,3.61,3.61,3.61,23.29,27.15,27.26,27.25,27.25,0.54,0.0,1.0,0.0,53.0,0.0,0.0,20.6,0.0,52.0,0.0,0.0,20.4,1.0,1.0,1.0
2022-10-18 00:06:41,17.2,1.0,1.0,20.5,1.0,0.0,0.0,20.4,53.0,21.7,0.0,0.0,0.0,65.0,12.2,0.0,0.0,44.0,23.0,0.0,0.0,42.0,22.8,0.0,0.0,46.0,21.7,0.0,0.0,46.0,21.9,0.0,0.0,0.0,49.0,21.6,0.0,27.0,0.0,52.0,19.8,0.0,0.0,0.0,2.35,2.49,2.49,2.49,16.09,18.72,18.79,18.79,18.8,0.55,22.2,1.0,0.0,20.9,20.2,0.0,1.0,47.0,23.0,0.0,48.0,22.9,0.0,0.0,0.0,3.41,3.61,3.61,3.61,23.29,27.15,27.26,27.25,27.25,0.54,0.0,1.0,0.0,53.0,0.0,0.0,20.6,0.0,52.0,0.0,0.0,20.4,1.0,1.0,1.0
2022-10-18 00:06:42,17.2,1.0,1.0,20.5,1.0,0.0,0.0,20.4,53.0,21.7,0.0,0.0,0.0,65.0,12.2,0.0,0.0,44.0,23.0,0.0,0.0,42.0,22.8,0.0,0.0,46.0,21.7,0.0,0.0,46.0,21.9,0.0,0.0,0.0,49.0,21.6,0.0,27.0,0.0,52.0,19.8,0.0,0.0,0.0,2.35,2.49,2.49,2.49,16.09,18.72,18.79,18.79,18.8,0.55,22.2,1.0,0.0,20.9,20.2,0.0,1.0,47.0,23.0,0.0,48.0,22.9,0.0,0.0,0.0,3.41,3.61,3.61,3.61,23.29,27.15,27.26,27.25,27.25,0.54,0.0,1.0,0.0,53.0,0.0,0.0,20.6,0.0,52.0,0.0,0.0,20.4,1.0,1.0,1.0
2022-10-18 00:06:43,17.2,1.0,1.0,20.5,1.0,0.0,0.0,20.4,53.0,21.7,0.0,0.0,0.0,65.0,12.2,0.0,0.0,44.0,23.0,0.0,0.0,42.0,22.8,0.0,0.0,46.0,21.7,0.0,0.0,46.0,21.9,0.0,0.0,0.0,49.0,21.6,0.0,27.0,0.0,52.0,19.8,0.0,0.0,0.0,2.35,2.49,2.49,2.49,16.09,18.72,18.79,18.79,18.8,0.55,22.2,1.0,0.0,20.9,20.2,0.0,1.0,47.0,23.0,0.0,48.0,22.9,0.0,0.0,0.0,3.41,3.61,3.61,3.61,23.29,27.15,27.26,27.25,27.25,0.54,0.0,1.0,0.0,53.0,0.0,0.0,20.6,0.0,52.0,0.0,0.0,20.4,1.0,1.0,1.0
2022-10-18 00:06:44,17.2,1.0,1.0,20.5,1.0,0.0,0.0,20.4,53.0,21.7,0.0,0.0,0.0,65.0,12.2,0.0,0.0,44.0,23.0,0.0,0.0,42.0,22.8,0.0,0.0,46.0,21.7,0.0,0.0,46.0,21.9,0.0,0.0,0.0,49.0,21.6,0.0,27.0,0.0,52.0,19.8,0.0,0.0,0.0,2.35,2.49,2.49,2.49,16.09,18.72,18.79,18.79,18.8,0.55,22.2,1.0,0.0,20.9,20.2,0.0,1.0,47.0,23.0,0.0,48.0,22.9,0.0,0.0,0.0,3.41,3.61,3.61,3.61,23.29,27.15,27.26,27.25,27.25,0.54,0.0,1.0,0.0,53.0,0.0,0.0,20.6,0.0,52.0,0.0,0.0,20.4,1.0,1.0,1.0
2022-10-18 00:06:45,17.2,1.0,1.0,20.5,1.0,0.0,0.0,20.4,53.0,21.7,0.0,0.0,0.0,65.0,12.2,0.0,0.0,44.0,23.0,0.0,0.0,42.0,22.8,0.0,0.0,46.0,21.7,0.0,0.0,46.0,21.9,0.0,0.0,0.0,49.0,21.6,0.0,27.0,0.0,52.0,19.8,0.0,0.0,0.0,2.35,2.49,2.49,2.49,16.09,18.72,18.79,18.79,18.8,0.55,22.2,1.0,0.0,20.9,20.2,0.0,1.0,47.0,23.0,0.0,48.0,22.9,0.0,0.0,0.0,3.41,3.61,3.61,3.61,23.29,27.15,27.26,27.25,27.25,0.54,0.0,1.0,0.0,53.0,0.0,0.0,20.6,0.0,52.0,0.0,0.0,20.4,1.0,1.0,1.0
2022-10-18 00:06:46,17.2,1.0,1.0,20.5,1.0,0.0,0.0,20.4,53.0,21.7,0.0,0.0,0.0,65.0,12.2,0.0,0.0,44.0,23.0,0.0,0.0,42.0,22.8,0.0,0.0,46.0,21.7,0.0,0.0,46.0,21.9,0.0,0.0,0.0,49.0,21.6,0.0,27.0,0.0,52.0,19.8,0.0,0.0,0.0,2.35,2.49,2.49,2.49,16.09,18.72,18.79,18.79,18.8,0.55,22.2,1.0,0.0,20.9,20.2,0.0,1.0,47.0,23.0,0.0,48.0,22.9,0.0,0.0,0.0,3.41,3.61,3.61,3.61,23.29,27.15,27.26,27.25,27.25,0.54,0.0,1.0,0.0,53.0,0.0,0.0,20.6,0.0,52.0,0.0,0.0,20.4,1.0,1.0,1.0
2022-10-18 00:06:47,17.2,1.0,1.0,20.5,1.0,0.0,0.0,20.4,53.0,21.7,0.0,0.0,0.0,65.0,12.2,0.0,0.0,44.0,23.0,0.0,0.0,42.0,22.8,0.0,0.0,46.0,21.7,0.0,0.0,46.0,21.9,0.0,0.0,0.0,49.0,21.6,0.0,27.0,0.0,52.0,19.8,0.0,0.0,0.0,2.35,2.49,2.49,2.49,16.09,18.72,18.79,18.79,18.8,0.55,22.2,1.0,0.0,20.9,20.2,0.0,1.0,47.0,23.0,0.0,48.0,22.9,0.0,0.0,0.0,3.41,3.61,3.61,3.61,23.29,27.15,27.26,27.25,27.25,0.54,0.0,1.0,0.0,53.0,0.0,0.0,20.6,0.0,52.0,0.0,0.0,20.4,1.0,1.0,1.0
2022-10-18 00:06:48,17.2,1.0,1.0,20.5,1.0,0.0,0.0,20.4,53.0,21.7,0.0,0.0,0.0,65.0,12.2,0.0,0.0,44.0,23.0,0.0,0.0,42.0,22.8,0.0,0.0,46.0,21.7,0.0,0.0,46.0,21.9,0.0,0.0,0.0,49.0,21.6,0.0,27.0,0.0,52.0,19.8,0.0,0.0,0.0,2.35,2.49,2.49,2.49,16.09,18.72,18.79,18.79,18.8,0.55,22.2,1.0,0.0,20.9,20.2,0.0,1.0,47.0,23.0,0.0,48.0,22.9,0.0,0.0,0.0,3.41,3.61,3.61,3.61,23.29,27.15,27.26,27.25,27.25,0.54,0.0,1.0,0.0,53.0,0.0,0.0,20.6,0.0,52.0,0.0,0.0,20.4,1.0,1.0,1.0
2022-10-18 00:06:49,17.2,1.0,1.0,20.5,1.0,0.0,0.0,20.4,54.0,21.7,0.0,0.0,0.0,65.0,12.2,0.0,0.0,44.0,23.0,0.0,0.0,42.0,22.8,0.0,0.0,46.0,21.7,0.0,0.0,46.0,21.9,0.0,0.0,0.0,49.0,21.6,0.0,27.0,0.0,52.0,19.8,0.0,0.0,0.0,2.35,2.49,2.49,2.49,16.09,18.72,18.79,18.79,18.8,0.55,22.2,1.0,0.0,20.9,20.2,0.0,1.0,47.0,23.0,0.0,48.0,22.9,0.0,0.0,0.0,3.41,3.61,3.61,3.61,23.29,27.15,27.26,27.25,27.25,0.54,0.0,1.0,0.0,53.0,0.0,0.0,20.6,0.0,52.0,0.0,0.0,20.4,1.0,1.0,1.0
2022-10-18 00:06:50,17.2,1.0,1.0,20.5,1.0,0.0,0.0,20.4,54.0,21.7,0.0,0.0,0.0,65.0,12.2,0.0,0.0,44.0,23.0,0.0,0.0,42.0,22.8,0.0,0.0,46.0,21.7,0.0,0.0,46.0,21.9,0.0,0.0,0.0,49.0,21.6,0.0,27.0,0.0,52.0,19.8,0.0,0.0,0.0,2.35,2.49,2.49,2.49,16.09,18.72,18.79,18.79,18.8,0.55,22.2,1.0,0.0,20.9,20.2,0.0,1.0,47.0,23.0,0.0,48.0,22.9,0.0,0.0,0.0,3.41,3.61,3.61,3.61,23.29,27.15,27.26,27.25,27.25,0.54,0.0,1.0,0.0,53.0,0.0,0.0,20.6,0.0,52.0,0.0,0.0,20.4,1.0,1.0,1.0
2022-10-18 00:06:51,17.2,1.0,1.0,20.5,1.0,0.0,0.0,20.4,54.0,21.7,0.0,0.0,0.0,65.0,12.2,0.0,0.0,44.0,23.0,0.0,0.0,42.0,22.8,0.0,0.0,46.0,21.7,0.0,0.0,46.0,21.9,0.0,0.0,0.0,49.0,21.6,0.0,27.0,0.0,52.0,19.8,0.0,0.0,0.0,2.35,2.49,2.49,2.49,16.09,18.72,18.79,18.79,18.8,0.55,22.2,1.0,0.0,20.9,20.2,0.0,1.0,47.0,23.0,0.0,48.0,22.9,0.0,0.0,0.0,3.41,3.61,3.61,3.61,23.29,27.15,27.26,27.25,27.25,0.54,0.0,1.0,0.0,53.0,0.0,0.0,20.6,0.0,52.0,0.0,0.0,20.4,1.0,1.0,1.0
2022-10-18 00:06:52,17.2,1.0,1.0,20.5,1.0,0.0,0.0,20.4,54.0,21.7,0.0,0.0,0.0,65.0,12.2,0.0,0.0,44.0,23.0,0.0,0.0,42.0,22.8,0.0,0.0,46.0,21.7,0.0,0.0,46.0,21.9,0.0,0.0,0.0,49.0,21.6,0.0,27.0,0.0,52.0,19.8,0.0,0.0,0.0,2.35,2.49,2.49,2.49,16.09,18.72,18.79,18.79,18.8,0.55,22.2,1.0,0.0,20.9,20.2,0.0,1.0,47.0,23.0,0.0,48.0,22.9,0.0,0.0,0.0,3.41,3.61,3.61,3.61,23.29,27.15,27.26,27.25,27.25,0.54,0.0,1.0,0.0,53.0,0.0,0.0,20.6,0.0,52.0,0.0,0.0,20.4,1.0,1.0,1.0
2022-10-18 00:06:53,17.2,1.0,1.0,20.5,1.0,0.0,0.0,20.4,54.0,21.7,0.0,0.0,0.0,65.0,12.2,0.0,0.0,44.0,23.0,0.0,0.0,42.0,22.8,0.0,0.0,46.0,21.7,0.0,0.0,46.0,21.9,0.0,0.0,0.0,49.0,21.6,0.0,27.0,0.0,52.0,19.8,0.0,0.0,0.0,2.35,2.49,2.49,2.49,16.09,18.72,18.79,18.79,18.8,0.55,22.2,1.0,0.0,20.9,20.2,0.0,1.0,47.0,23.0,0.0,48.0,22.9,0.0,0.0,0.0,3.41,3.61,3.61,3.61,23.29,27.15,27.26,27.25,27.25,0.54,0.0,1.0,0.0,53.0,0.0,0.0,20.6,0.0,52.0,0.0,0.0,20.4,1.0,1.0,1.0
2022-10-18 00:06:54,17.2,1.0,1.0,20.5,1.0,0.0,0.0,20.4,54.0,21.7,0.0,0.0,0.0,65.0,12.2,0.0,0.0,44.0,23.0,0.0,0.0,42.0,22.8,0.0,0.0,46.0,21.7,0.0,0.0,46.0,21.9,0.0,0.0,0.0,49.0,21.6,0.0,27.0,0.0,52.0,19.8,0.0,0.0,0.0,2.35,2.49,2.49,2.49,16.09,18.72,18.79,18.79,18.8,0.55,22.2,1.0,0.0,20.9,20.2,0.0,1.0,47.0,23.0,0.0,48.0,22.9,0.0,0.0,0.0,3.41,3.61,3.61,3.61,23.29,27.15,27.26,27.25,27.25,0.54,0.0,1.0,0.0,53.0,0.0,0.0,20.6,0.0,52.0,0.0,0.0,20.4,1.0,1.0,1.0
2022-10-18 00:06:55,17.2,1.0,1.0,20.5,1.0,0.0,0.0,20.4,54.0,21.7,0.0,0.0,0.0,65.0,12.2,0.0,0.0,44.0,23.0,0.0,0.0,42.0,22.8,0.0,0.0,46.0,21.7,0.0,0.0,46.0,21.9,0.0,0.0,0.0,49.0,21.6,0.0,27.0,0.0,52.0,19.8,0.0,0.0,0.0,2.35,2.49,2.49,2.49,16.09,18.72,18.79,18.79,18.8,0.55,22.2,1.0,0.0,20.9,20.2,0.0,1.0,47.0,23.0,0.0,48.0,22.9,0.0,0.0,0.0,3.41,3.61,3.61,3.61,23.29,27.15,27.26,27.25,27.25,0.54,0.0,1.0,0.0,53.0,0.0,0.0,20.6,0.0,52.0,0.0,0.0,20.4,1.0,1.0,1.0
2022-10-18 00:06:56,17.2,1.0,1.0,20.5,1.0,0.0,0.0,20.4,54.0,21.7,0.0,0.0,0.0,65.0,12.2,0.0,0.0,44.0,23.0,0.0,0.0,42.0,22.8,0.0,0.0,46.0,21.7,0.0,0.0,46.0,21.9,0.0,0.0,0.0,49.0,21.6,0.0,27.0,0.0,52.0,19.8,0.0,0.0,0.0,2.35,2.49,2.49,2.49,16.09,18.72,18.79,18.79,18.8,0.55,22.2,1.0,0.0,20.9,20.2,0.0,1.0,47.0,23.0,0.0,48.0,22.9,0.0,0.0,0.0,3.41,3.61,3.61,3.61,23.29,27.15,27.26,27.25,27.25,0.54,0.0,1.0,0.0,53.0,0.0,0.0,20.6,0.0,52.0,0.0,0.0,20.4,1.0,1.0,1.0
2022-10-18 00:06:57,17.2,1.0,1.0,20.5,1.0,0.0,0.0,20.4,54.0,21.7,0.0,0.0,0.0,65.0,12.2,0.0,0.0,44.0,23.0,0.0,0.0,42.0,22.8,0.0,0.0,46.0,21.7,0.0,0.0,46.0,21.9,0.0,0.0,0.0,49.0,21.6,0.0,27.0,0.0,52.0,19.8,0.0,0.0,0.0,2.35,2.49,2.49,2.49,16.09,18.72,18.79,18.79,18.8,0.55,22.2,1.0,0.0,20.9,20.2,0.0,1.0,47.0,23.0,0.0,48.0,22.9,0.0,0.0,0.0,3.41,3.61,3.61,3.61,23.29,27.15,27.26,27.25,27.25,0.54,0.0,1.0,0.0,53.0,0.0,0.0,20.6,0.0,52.0,0.0,0.0,20.4,1.0,1.0,1.0
2022-10-18 00:06:58,17.2,1.0,1.0,20.5,1.0,0.0,0.0,20.4,54.0,21.7,0.0,0.0,0.0,65.0,12.2,0.0,0.0,44.0,23.0,0.0,0.0,42.0,22.8,0.0,0.0,46.0,21.7,0.0,0.0,46.0,21.9,0.0,0.0,0.0,49.0,21.6,0.0,27.0,0.0,52.0,19.8,0.0,0.0,0.0,2.35,2.49,2.49,2.49,16.09,18.72,18.79,18.79,18.8,0.55,22.2,1.0,0.0,20.9,20.2,0.0,1.0,47.0,23.0,0.0,48.0,22.9,0.0,0.0,0.0,3.41,3.61,3.61,3.61,23.29,27.15,27.26,27.25,27.25,0.54,0.0,1.0,0.0,53.0,0.0,0.0,20.6,0.0,52.0,0.0,0.0,20.4,1.0,1.0,1.0
2022-10-18 00:06:59,17.2,1.0,1.0,20.5,1.0,0.0,0.0,20.4,54.0,21.7,0.0,0.0,0.0,65.0,12.2,0.0,0.0,44.0,23.0,0.0,0.0,42.0,22.8,0.0,0.0,46.0,21.7,0.0,0.0,46.0,21.9,0.0,0.0,0.0,49.0,21.6,0.0,27.0,0.0,52.0,19.8,0.0,0.0,0.0,2.35,2.49,2.49,2.49,16.09,18.72,18.79,18.79,18.8,0.55,22.2,1.0,0.0,20.9,20.2,0.0,1.0,47.0,23.0,0.0,48.0,22.9,0.0,0.0,0.0,3.41,3.61,3.61,3.61,23.29,27.15,27.26,27.25,27.25,0.54,0.0,1.0,0.0,53.0,0.0,0.0,20.6,0.0,52.0,0.0,0.0,20.4,1.0,1.0,1.0
2022-10-18 00:07:00,17.2,1.0,1.0,20.5,1.0,0.0,0.0,20.4,54.0,21.7,0.0,0.0,0.0,65.0,12.2,0.0,0.0,44.0,23.0,0.0,0.0,42.0,22.8,0.0,0.0,46.0,21.7,0.0,0.0,46.0,21.9,0.0,0.0,0.0,49.0,21.6,0.0,27.0,0.0,52.0,19.8,0.0,0.0,0.0,2.35,2.49,2.49,2.49,16.09,18.72,18.79,18.79,18.8,0.55,22.2,1.0,0.0,20.9,20.2,0.0,1.0,47.0,23.0,0.0,48.0,22.9,0.0,0.0,0.0,3.41,3.61,3.61,3.61,23.29,27.15,27.26,27.25,27.25,0.54,0.0,1.0,0.0,53.0,0.0,0.0,20.6,0.0,52.0,0.0,0.0,20.4,1.0,1.0,1.0
2022-10-18 00:07:01,17.2,1.0,1.0,20.5,1.0,0.0,0.0,20.4,54.0,21.7,0.0,0.0,0.0,65.0,12.2,0.0,0.0,44.0,23.0,0.0,0.0,42.0,22.8,0.0,0.0,46.0,21.7,0.0,0.0,46.0,21.9,0.0,0.0,0.0,49.0,21.6,0.0,27.0,0.0,52.0,19.8,0.0,0.0,0.0,2.35,2.49,2.49,2.49,16.09,18.72,18.79,18.79,18.8,0.55,22.2,1.0,0.0,20.9,20.2,0.0,1.0,47.0,23.0,0.0,48.0,22.9,0.0,0.0,0.0,3.41,3.61,3.61,3.61,23.29,27.15,27.26,27.25,27.25,0.54,0.0,1.0,0.0,53.0,0.0,0.0,20.6,0.0,52.0,0.0,0.0,20.4,1.0,1.0,1.0
2022-10-18 00:07:02,17.2,1.0,1.0,20.5,1.0,0.0,0.0,20.4,54.0,21.7,0.0,0.0,0.0,65.0,12.2,0.0,0.0,44.0,23.0,0.0,0.0,42.0,22.8,0.0,0.0,46.0,21.7,0.0,0.0,46.0,21.9,0.0,0.0,0.0,49.0,21.6,0.0,27.0,0.0,52.0,19.8,0.0,0.0,0.0,2.35,2.49,2.49,2.49,16.09,18.72,18.79,18.79,18.8,0.55,22.2,1.0,0.0,20.9,20.2,0.0,1.0,47.0,23.0,0.0,48.0,22.9,0.0,0.0,0.0,3.41,3.61,3.61,3.61,23.29,27.15,27.26,27.25,27.25,0.54,0.0,1.0,0.0,53.0,0.0,0.0,20.6,0.0,52.0,0.0,0.0,20.4,1.0,1.0,1.0
2022-10-18 00:07:03,17.2,1.0,1.0,20.5,1.0,0.0,0.0,20.4,54.0,21.7,0.0,0.0,0.0,65.0,12.2,0.0,0.0,44.0,23.0,0.0,0.0,42.0,22.8,0.0,0.0,46.0,21.7,0.0,0.0,46.0,21.9,0.0,0.0,0.0,49.0,21.6,0.0,27.0,0.0,52.0,19.8,0.0,0.0,0.0,2.35,2.49,2.49,2.49,16.09,18.72,18.79,18.79,18.8,0.55,22.2,1.0,0.0,20.9,20.2,0.0,1.0,47.0,23.0,0.0,48.0,22.9,0.0,0.0,0.0,3.41,3.61,3.61,3.61,23.29,27.15,27.26,27.25,27.25,0.54,0.0,1.0,0.0,53.0,0.0,0.0,20.6,0.0,52.0,0.0,0.0,20.4,1.0,1.0,1.0
2022-10-18 00:07:04,17.2,1.0,1.0,20.5,1.0,0.0,0.0,20.4,54.0,21.7,0.0,0.0,0.0,65.0,12.2,0.0,0.0,44.0,23.0,0.0,0.0,42.0,22.8,0.0,0.0,46.0,21.7,0.0,0.0,46.0,21.9,0.0,0.0,0.0,49.0,21.6,0.0,27.0,0.0,52.0,19.8,0.0,0.0,0.0,2.35,2.49,2.49,2.49,16.09,18.72,18.79,18.79,18.8,0.55,22.2,1.0,0.0,20.9,20.2,0.0,1.0,47.0,23.0,0.0,48.0,22.9,0.0,0.0,0.0,3.41,3.61,3.61,3.61,23.29,27.15,27.26,27.25,27.25,0.54,0.0,1.0,0.0,53.0,0.0,0.0,20.6,0.0,52.0,0.0,0.0,20.4,1.0,1.0,1.0
2022-10-18 00:07:05,17.2,1.0,1.0,20.5,1.0,0.0,0.0,20.4,54.0,21.7,0.0,0.0,0.0,65.0,12.2,0.0,0.0,44.0,23.0,0.0,0.0,42.0,22.8,0.0,0.0,46.0,21.7,0.0,0.0,46.0,21.9,0.0,0.0,0.0,49.0,21.6,0.0,27.0,0.0,52.0,19.8,0.0,0.0,0.0,2.35,2.49,2.49,2.49,16.09,18.72,18.79,18.79,18.8,0.55,22.2,1.0,0.0,20.9,20.2,0.0,1.0,47.0,23.0,0.0,48.0,22.9,0.0,0.0,0.0,3.41,3.61,3.61,3.61,23.29,27.15,27.26,27.25,27.25,0.54,0.0,1.0,0.0,53.0,0.0,0.0,20.6,0.0,52.0,0.0,0.0,20.4,1.0,1.0,1.0
2022-10-18 00:07:06,17.2,1.0,1.0,20.5,1.0,0.0,0.0,20.4,54.0,21.7,0.0,0.0,0.0,65.0,12.2,0.0,0.0,44.0,23.0,0.0,0.0,42.0,22.8,0.0,0.0,46.0,21.7,0.0,0.0,46.0,21.9,0.0,0.0,0.0,49.0,21.6,0.0,27.0,0.0,52.0,19.8,0.0,0.0,0.0,2.35,2.49,2.49,2.49,16.09,18.72,18.79,18.79,18.8,0.55,22.2,1.0,0.0,20.9,20.2,0.0,1.0,47.0,23.0,0.0,48.0,22.9,0.0,0.0,0.0,3.41,3.61,3.61,3.61,23.29,27.15,27.26,27.25,27.25,0.54,0.0,1.0,0.0,53.0,0.0,0.0,20.6,0.0,52.0,0.0,0.0,20.4,1.0,1.0,1.0
2022-10-18 00:07:07,17.2,1.0,1.0,20.5,1.0,0.0,0.0,20.4,54.0,21.7,0.0,0.0,0.0,65.0,12.2,0.0,0.0,44.0,23.0,0.0,0.0,42.0,22.8,0.0,0.0,46.0,21.7,0.0,0.0,46.0,21.9,0.0,0.0,0.0,49.0,21.6,0.0,27.0,0.0,52.0,19.8,0.0,0.0,0.0,2.35,2.49,2.49,2.49,16.09,18.72,18.79,18.79,18.8,0.55,22.2,1.0,0.0,20.9,20.2,0.0,1.0,47.0,23.0,0.0,48.0,22.9,0.0,0.0,0.0,3.41,3.61,3.61,3.61,23.29,27.15,27.26,27.25,27.25,0.54,0.0,1.0,0.0,53.0,0.0,0.0,20.6,0.0,52.0,0.0,0.0,20.4,1.0,1.0,1.0
2022-10-18 00:07:08,17.2,1.0,1.0,20.5,1.0,0.0,0.0,20.4,54.0,21.7,0.0,0.0,0.0,65.0,12.2,0.0,0.0,44.0,23.0,0.0,0.0,42.0,22.8,0.0,0.0,46.0,21.7,0.0,0.0,46.0,21.9,0.0,0.0,0.0,49.0,21.6,0.0,27.0,0.0,52.0,19.8,0.0,0.0,0.0,2.35,2.49,2.49,2.49,16.09,18.72,18.79,18.79,18.8,0.55,22.2,1.0,0.0,20.9,20.2,0.0,1.0,47.0,23.0,0.0,48.0,22.9,0.0,0.0,0.0,3.41,3.61,3.61,3.61,23.29,27.15,27.26,27.25,27.25,0.54,0.0,1.0,0.0,53.0,0.0,0.0,20.6,0.0,52.0,0.0,0.0,20.4,1.0,1.0,1.0
2022-10-18 00:07:09,17.2,1.0,1.0,20.5,1.0,0.0,0.0,20.4,54.0,21.7,0.0,0.0,0.0,65.0,12.2,0.0,0.0,44.0,23.0,0.0,0.0,42.0,22.8,0.0,0.0,46.0,21.7,0.0,0.0,46.0,21.9,0.0,0.0,0.0,49.0,21.6,0.0,27.0,0.0,52.0,19.8,0.0,0.0,0.0,2.35,2.49,2.49,2.49,16.09,18.72,18.79,18.79,18.8,0.55,22.2,1.0,0.0,20.9,20.2,0.0,1.0,47.0,23.0,0.0,48.0,22.9,0.0,0.0,0.0,3.41,3.61,3.61,3.61,23.29,27.15,27.26,27.25,27.25,0.54,0.0,1.0,0.0,53.0,0.0,0.0,20.6,0.0,52.0,0.0,0.0,20.4,1.0,1.0,1.0
2022-10-18 00:07:10,17.2,1.0,1.0,20.5,1.0,0.0,0.0,20.4,54.0,21.7,0.0,0.0,0.0,65.0,12.2,0.0,0.0,44.0,23.0,0.0,0.0,42.0,22.8,0.0,0.0,46.0,21.7,0.0,0.0,46.0,21.9,0.0,0.0,0.0,49.0,21.6,0.0,27.0,0.0,52.0,19.8,0.0,0.0,0.0,2.35,2.49,2.49,2.49,16.09,18.72,18.79,18.79,18.8,0.55,22.2,1.0,0.0,20.9,20.2,0.0,1.0,47.0,23.0,0.0,48.0,22.9,0.0,0.0,0.0,3.41,3.61,3.61,3.61,23.29,27.15,27.26,27.25,27.25,0.54,0.0,1.0,0.0,53.0,0.0,0.0,20.6,0.0,52.0,0.0,0.0,20.4,1.0,1.0,1.0
2022-10-18 00:07:11,17.2,1.0,1.0,20.5,1.0,0.0,0.0,20.4,54.0,21.7,0.0,0.0,0.0,65.0,12.2,0.0,0.0,44.0,23.0,0.0,0.0,42.0,22.8,0.0,0.0,46.0,21.7,0.0,0.0,46.0,21.9,0.0,0.0,0.0,49.0,21.6,0.0,27.0,0.0,52.0,19.8,0.0,0.0,0.0,2.35,2.49,2.49,2.49,16.09,18.72,18.79,18.79,18.8,0.55,22.2,1.0,0.0,20.9,20.2,0.0,1.0,47.0,23.0,0.0,48.0,22.9,0.0,0.0,0.0,3.41,3.61,3.61,3.61,23.29,27.15,27.26,27.25,27.25,0.54,0.0,1.0,0.0,53.0,0.0,0.0,20.6,0.0,52.0,0.0,0.0,20.4,1.0,1.0,1.0
2022-10-18 00:07:12,17.2,1.0,1.0,20.5,1.0,0.0,0.0,20.4,54.0,21.7,0.0,0.0,0.0,65.0,12.2,0.0,0.0,44.0,23.0,0.0,0.0,42.0,22.8,0.0,0.0,46.0,21.7,0.0,0.0,46.0,21.9,0.0,0.0,0.0,49.0,21.6,0.0,27.0,0.0,52.0,19.8,0.0,0.0,0.0,2.35,2.49,2.49,2.49,16.09,18.72,18.79,18.79,18.8,0.55,22.2,1.0,0.0,20.9,20.2,0.0,1.0,47.0,23.0,0.0,48.0,22.9,0.0,0.0,0.0,3.41,3.61,3.61,3.61,23.29,27.15,27.26,27.25,27.25,0.54,0.0,1.0,0.0,53.0,0.0,0.0,20.6,0.0,52.0,0.0,0.0,20.4,1.0,1.0,1.0
2022-10-18 00:07:13,17.2,1.0,1.0,20.5,1.0,0.0,0.0,20.4,54.0,21.7,0.0,0.0,0.0,65.0,12.2,0.0,0.0,44.0,23.0,0.0,0.0,42.0,22.8,0.0,0.0,46.0,21.7,0.0,0.0,46.0,21.9,0.0,0.0,0.0,49.0,21.6,0.0,27.0,0.0,52.0,19.8,0.0,0.0,0.0,2.35,2.49,2.49,2.49,16.09,18.72,18.79,18.79,18.8,0.55,22.2,1.0,0.0,20.9,20.2,0.0,1.0,47.0,23.0,0.0,48.0,22.9,0.0,0.0,0.0,3.41,3.61,3.61,3.61,23.29,27.15,27.26,27.25,27.25,0.54,0.0,1.0,0.0,53.0,0.0,0.0,20.6,0.0,52.0,0.0,0.0,20.4,1.0,1.0,1.0
2022-10-18 00:07:14,17.2,1.0,1.0,20.5,1.0,0.0,0.0,20.4,54.0,21.7,0.0,0.0,0.0,65.0,12.2,0.0,0.0,44.0,23.0,0.0,0.0,42.0,22.8,0.0,0.0,46.0,21.7,0.0,0.0,46.0,21.9,0.0,0.0,0.0,49.0,21.6,0.0,27.0,0.0,52.0,19.8,0.0,0.0,0.0,2.35,2.49,2.49,2.49,16.09,18.72,18.79,18.79,18.8,0.55,22.2,1.0,0.0,20.9,20.2,0.0,1.0,47.0,23.0,0.0,48.0,22.9,0.0,0.0,0.0,3.41,3.61,3.61,3.61,23.29,27.15,27.26,27.25,27.25,0.54,0.0,1.0,0.0,53.0,0.0,0.0,20.6,0.0,52.0,0.0,0.0,20.4,1.0,1.0,1.0
2022-10-18 00:07:15,17.2,1.0,1.0,20.5,1.0,0.0,0.0,20.4,54.0,21.7,0.0,0.0,0.0,65.0,12.2,0.0,0.0,44.0,23.0,0.0,0.0,42.0,22.8,0.0,0.0,46.0,21.7,0.0,0.0,46.0,21.9,0.0,0.0,0.0,49.0,21.6,0.0,27.0,0.0,52.0,19.8,0.0,0.0,0.0,2.35,2.49,2.49,2.49,16.09,18.72,18.79,18.79,18.8,0.55,22.2,1.0,0.0,20.9,20.2,0.0,1.0,47.0,23.0,0.0,48.0,22.9,0.0,0.0,0.0,3.41,3.61,3.61,3.61,23.29,27.15,27.26,27.25,27.25,0.54,0.0,1.0,0.0,53.0,0.0,0.0,20.6,0.0,52.0,0.0,0.0,20.4,1.0,1.0,1.0
2022-10-18 00:07:16,17.2,1.0,1.0,20.5,1.0,0.0,0.0,20.4,54.0,21.7,0.0,0.0,0.0,65.0,12.2,0.0,0.0,44.0,23.0,0.0,0.0,42.0,22.8,0.0,0.0,46.0,21.7,0.0,0.0,46.0,21.9,0.0,0.0,0.0,49.0,21.6,0.0,27.0,0.0,52.0,19.8,0.0,0.0,0.0,2.35,2.49,2.49,2.49,16.09,18.72,18.79,18.79,18.8,0.55,22.2,1.0,0.0,20.9,20.2,0.0,1.0,47.0,23.0,0.0,48.0,22.9,0.0,0.0,0.0,3.41,3.61,3.61,3.61,23.29,27.15,27.26,27.25,27.25,0.54,0.0,1.0,0.0,53.0,0.0,0.0,20.6,0.0,52.0,0.0,0.0,20.4,1.0,1.0,1.0
2022-10-18 00:07:17,17.2,1.0,1.0,20.5,1.0,0.0,0.0,20.4,54.0,21.7,0.0,0.0,0.0,65.0,12.2,0.0,0.0,44.0,23.0,0.0,0.0,42.0,22.8,0.0,0.0,46.0,21.7,0.0,0.0,46.0,21.9,0.0,0.0,0.0,49.0,21.6,0.0,27.0,0.0,52.0,19.8,0.0,0.0,0.0,2.35,2.49,2.49,2.49,16.09,18.72,18.79,18.79,18.8,0.55,22.2,1.0,0.0,20.9,20.2,0.0,1.0,47.0,23.0,0.0,48.0,22.9,0.0,0.0,0.0,3.41,3.61,3.61,3.61,23.29,27.15,27.26,27.25,27.25,0.54,0.0,1.0,0.0,53.0,0.0,0.0,20.6,0.0,52.0,0.0,0.0,20.4,1.0,1.0,1.0
2022-10-18 00:07:18,17.2,1.0,1.0,20.5,1.0,0.0,0.0,20.4,54.0,21.7,0.0,0.0,0.0,65.0,12.2,0.0,0.0,44.0,23.0,0.0,0.0,42.0,22.8,0.0,0.0,46.0,21.7,0.0,0.0,46.0,21.9,0.0,0.0,0.0,49.0,21.6,0.0,27.0,0.0,52.0,19.8,0.0,0.0,0.0,2.35,2.49,2.49,2.49,16.09,18.72,18.79,18.79,18.8,0.55,22.2,1.0,0.0,20.9,20.2,0.0,1.0,47.0,23.0,0.0,48.0,22.9,0.0,0.0,0.0,3.41,3.61,3.61,3.61,23.29,27.15,27.26,27.25,27.25,0.54,0.0,1.0,0.0,53.0,0.0,0.0,20.6,0.0,52.0,0.0,0.0,20.4,1.0,1.0,1.0
2022-10-18 00:07:19,17.2,1.0,1.0,20.5,1.0,0.0,0.0,20.4,54.0,21.7,0.0,0.0,0.0,65.0,12.2,0.0,0.0,44.0,23.0,0.0,0.0,42.0,22.8,0.0,0.0,46.0,21.7,0.0,0.0,46.0,21.9,0.0,0.0,0.0,49.0,21.6,0.0,27.0,0.0,52.0,19.8,0.0,0.0,0.0,2.35,2.49,2.49,2.49,16.09,18.72,18.79,18.79,18.8,0.55,22.2,1.0,0.0,20.9,20.2,0.0,1.0,47.0,23.0,0.0,48.0,22.9,0.0,0.0,0.0,3.41,3.61,3.61,3.61,23.29,27.15,27.26,27.25,27.25,0.54,0.0,1.0,0.0,53.0,0.0,0.0,20.6,0.0,52.0,0.0,0.0,20.4,1.0,1.0,1.0
2022-10-18 00:07:20,17.2,1.0,1.0,20.5,1.0,0.0,0.0,20.4,54.0,21.7,0.0,0.0,0.0,65.0,12.2,0.0,0.0,44.0,23.0,0.0,0.0,42.0,22.8,0.0,0.0,46.0,21.7,0.0,0.0,46.0,21.9,0.0,0.0,0.0,49.0,21.6,0.0,27.0,0.0,52.0,19.8,0.0,0.0,0.0,2.35,2.49,2.49,2.49,16.09,18.72,18.79,18.79,18.8,0.55,22.2,1.0,0.0,20.9,20.2,0.0,1.0,47.0,23.0,0.0,48.0,22.9,0.0,0.0,0.0,3.41,3.61,3.61,3.61,23.29,27.15,27.26,27.25,27.25,0.54,0.0,1.0,0.0,53.0,0.0,0.0,20.6,0.0,52.0,0.0,0.0,20.4,1.0,1.0,1.0
2022-10-18 00:07:21,17.2,1.0,1.0,20.5,1.0,0.0,0.0,20.4,54.0,21.7,0.0,0.0,0.0,65.0,12.2,0.0,0.0,44.0,23.0,0.0,0.0,42.0,22.8,0.0,0.0,46.0,21.7,0.0,0.0,46.0,21.9,0.0,0.0,0.0,49.0,21.6,0.0,27.0,0.0,52.0,19.8,0.0,0.0,0.0,2.35,2.49,2.49,2.49,16.09,18.72,18.79,18.79,18.8,0.55,22.2,1.0,0.0,20.9,20.2,0.0,1.0,47.0,23.0,0.0,48.0,22.9,0.0,0.0,0.0,3.41,3.61,3.61,3.61,23.29,27.15,27.26,27.25,27.25,0.54,0.0,1.0,0.0,53.0,0.0,0.0,20.6,0.0,52.0,0.0,0.0,20.4,1.0,1.0,1.0
2022-10-18 00:07:22,17.2,1.0,1.0,20.5,1.0,0.0,0.0,20.4,54.0,21.7,0.0,0.0,0.0,65.0,12.2,0.0,0.0,44.0,23.0,0.0,0.0,42.0,22.8,0.0,0.0,46.0,21.7,0.0,0.0,46.0,21.9,0.0,0.0,0.0,49.0,21.6,0.0,27.0,0.0,52.0,19.8,0.0,0.0,0.0,2.35,2.49,2.49,2.49,16.09,18.72,18.79,18.79,18.8,0.55,22.2,1.0,0.0,20.9,20.2,0.0,1.0,47.0,23.0,0.0,48.0,22.9,0.0,0.0,0.0,3.41,3.61,3.61,3.61,23.29,27.15,27.26,27.25,27.25,0.54,0.0,1.0,0.0,53.0,0.0,0.0,20.6,0.0,52.0,0.0,0.0,20.4,1.0,1.0,1.0
2022-10-18 00:07:23,17.2,1.0,1.0,20.5,1.0,0.0,0.0,20.4,54.0,21.7,0.0,0.0,0.0,65.0,12.2,0.0,0.0,44.0,23.0,0.0,0.0,42.0,22.8,0.0,0.0,46.0,21.7,0.0,0.0,46.0,21.9,0.0,0.0,0.0,49.0,21.6,0.0,27.0,0.0,52.0,19.8,0.0,0.0,0.0,2.35,2.49,2.49,2.49,16.09,18.72,18.79,18.79,18.8,0.55,22.2,1.0,0.0,20.9,20.2,0.0,1.0,47.0,23.0,0.0,48.0,22.9,0.0,0.0,0.0,3.41,3.61,3.61,3.61,23.29,27.15,27.26,27.25,27.25,0.54,0.0,1.0,0.0,53.0,0.0,0.0,20.6,0.0,52.0,0.0,0.0,20.4,1.0,1.0,1.0
2022-10-18 00:07:24,17.2,1.0,1.0,20.5,1.0,0.0,0.0,20.4,54.0,21.7,0.0,0.0,0.0,65.0,12.2,0.0,0.0,44.0,23.0,0.0,0.0,42.0,22.8,0.0,0.0,46.0,21.7,0.0,0.0,46.0,21.9,0.0,0.0,0.0,49.0,21.6,0.0,27.0,0.0,52.0,19.8,0.0,0.0,0.0,2.35,2.49,2.49,2.49,16.09,18.72,18.79,18.79,18.8,0.55,22.2,1.0,0.0,20.9,20.2,0.0,1.0,47.0,23.0,0.0,48.0,22.9,0.0,0.0,0.0,3.41,3.61,3.61,3.61,23.29,27.15,27.26,27.25,27.25,0.54,0.0,1.0,0.0,53.0,0.0,0.0,20.6,0.0,52.0,0.0,0.0,20.4,1.0,1.0,1.0
2022-10-18 00:07:25,17.2,1.0,1.0,20.5,1.0,0.0,0.0,20.4,54.0,21.7,0.0,0.0,0.0,65.0,12.2,0.0,0.0,44.0,23.0,0.0,0.0,42.0,22.8,0.0,0.0,46.0,21.7,0.0,0.0,46.0,21.9,0.0,0.0,0.0,49.0,21.6,0.0,27.0,0.0,52.0,19.8,0.0,0.0,0.0,2.35,2.49,2.49,2.49,16.09,18.72,18.79,18.79,18.8,0.55,22.2,1.0,0.0,20.9,20.2,0.0,1.0,47.0,23.0,0.0,48.0,22.9,0.0,0.0,0.0,3.41,3.61,3.61,3.61,23.29,27.15,27.26,27.25,27.25,0.54,0.0,1.0,0.0,53.0,0.0,0.0,20.6,0.0,52.0,0.0,0.0,20.4,1.0,1.0,1.0
2022-10-18 00:07:26,17.2,1.0,1.0,20.5,1.0,0.0,0.0,20.4,54.0,21.7,0.0,0.0,0.0,65.0,12.2,0.0,0.0,44.0,23.0,0.0,0.0,42.0,22.8,0.0,0.0,46.0,21.7,0.0,0.0,46.0,21.9,0.0,0.0,0.0,49.0,21.6,0.0,27.0,0.0,52.0,19.8,0.0,0.0,0.0,2.35,2.49,2.49,2.49,16.09,18.72,18.79,18.79,18.8,0.55,22.2,1.0,0.0,20.9,20.2,0.0,1.0,47.0,23.0,0.0,48.0,22.9,0.0,0.0,0.0,3.41,3.61,3.61,3.61,23.29,27.15,27.26,27.25,27.25,0.54,0.0,1.0,0.0,53.0,0.0,0.0,20.6,0.0,52.0,0.0,0.0,20.4,1.0,1.0,1.0
2022-10-18 00:07:27,17.2,1.0,1.0,20.5,1.0,0.0,0.0,20.4,54.0,21.7,0.0,0.0,0.0,65.0,12.2,0.0,0.0,44.0,23.0,0.0,0.0,42.0,22.8,0.0,0.0,46.0,21.7,0.0,0.0,46.0,21.9,0.0,0.0,0.0,49.0,21.6,0.0,27.0,0.0,52.0,19.8,0.0,0.0,0.0,2.35,2.49,2.49,2.49,16.09,18.72,18.79,18.79,18.8,0.55,22.2,1.0,0.0,20.9,20.2,0.0,1.0,47.0,23.0,0.0,48.0,22.9,0.0,0.0,0.0,3.41,3.61,3.61,3.61,23.29,27.15,27.26,27.25,27.25,0.54,0.0,1.0,0.0,53.0,0.0,0.0,20.6,0.0,52.0,0.0,0.0,20.4,1.0,1.0,1.0
2022-10-18 00:07:28,17.2,1.0,1.0,20.5,1.0,0.0,0.0,20.4,54.0,21.7,0.0,0.0,0.0,65.0,12.2,0.0,0.0,44.0,23.0,0.0,0.0,42.0,22.8,0.0,0.0,46.0,21.7,0.0,0.0,46.0,21.9,0.0,0.0,0.0,49.0,21.6,0.0,27.0,0.0,52.0,19.8,0.0,0.0,0.0,2.35,2.49,2.49,2.49,16.09,18.72,18.79,18.79,18.8,0.55,22.2,1.0,0.0,20.9,20.2,0.0,1.0,47.0,23.0,0.0,48.0,22.9,0.0,0.0,0.0,3.41,3.61,3.61,3.61,23.29,27.15,27.26,27.25,27.25,0.54,0.0,1.0,0.0,53.0,0.0,0.0,20.6,0.0,52.0,0.0,0.0,20.4,1.0,1.0,1.0
2022-10-18 00:07:29,17.2,1.0,1.0,20.5,1.0,0.0,0.0,20.4,54.0,21.7,0.0,0.0,0.0,65.0,12.2,0.0,0.0,44.0,23.0,0.0,0.0,42.0,22.8,0.0,0.0,46.0,21.7,0.0,0.0,46.0,21.9,0.0,0.0,0.0,49.0,21.6,0.0,27.0,0.0,52.0,19.8,0.0,0.0,0.0,2.35,2.49,2.49,2.49,16.09,18.72,18.79,18.79,18.8,0.55,22.2,1.0,0.0,20.9,20.2,0.0,1.0,47.0,23.0,0.0,48.0,22.9,0.0,0.0,0.0,3.41,3.61,3.61,3.61,23.29,27.15,27.26,27.25,27.25,0.54,0.0,1.0,0.0,53.0,0.0,0.0,20.6,0.0,52.0,0.0,0.0,20.4,1.0,1.0,1.0
2022-10-18 00:07:30,17.2,1.0,1.0,20.5,1.0,0.0,0.0,20.4,54.0,21.7,0.0,0.0,0.0,65.0,12.2,0.0,0.0,44.0,23.0,0.0,0.0,42.0,22.8,0.0,0.0,46.0,21.7,0.0,0.0,46.0,21.9,0.0,0.0,0.0,49.0,21.6,0.0,27.0,0.0,52.0,19.8,0.0,0.0,0.0,2.35,2.49,2.49,2.49,16.09,18.72,18.79,18.79,18.8,0.55,22.2,1.0,0.0,20.9,20.2,0.0,1.0,47.0,23.0,0.0,48.0,22.9,0.0,0.0,0.0,3.41,3.61,3.61,3.61,23.29,27.15,27.26,27.25,27.25,0.54,0.0,1.0,0.0,53.0,0.0,0.0,20.6,0.0,52.0,0.0,0.0,20.4,1.0,1.0,1.0
2022-10-18 00:07:31,17.2,1.0,1.0,20.5,1.0,0.0,0.0,20.4,54.0,21.7,0.0,0.0,0.0,65.0,12.2,0.0,0.0,44.0,23.0,0.0,0.0,42.0,22.8,0.0,0.0,46.0,21.7,0.0,0.0,46.0,21.9,0.0,0.0,0.0,49.0,21.6,0.0,27.0,0.0,52.0,19.8,0.0,0.0,0.0,2.35,2.49,2.49,2.49,16.09,18.72,18.79,18.79,18.8,0.55,22.2,1.0,0.0,20.9,20.2,0.0,1.0,47.0,23.0,0.0,48.0,22.9,0.0,0.0,0.0,3.41,3.61,3.61,3.61,23.29,27.15,27.26,27.25,27.25,0.54,0.0,1.0,0.0,53.0,0.0,0.0,20.6,0.0,52.0,0.0,0.0,20.4,1.0,1.0,1.0
2022-10-18 00:07:32,17.2,1.0,1.0,20.5,1.0,0.0,0.0,20.4,54.0,21.7,0.0,0.0,0.0,65.0,12.2,0.0,0.0,44.0,23.0,0.0,0.0,42.0,22.8,0.0,0.0,46.0,21.7,0.0,0.0,46.0,21.9,0.0,0.0,0.0,49.0,21.6,0.0,27.0,0.0,52.0,19.8,0.0,0.0,0.0,2.35,2.49,2.49,2.49,16.09,18.72,18.79,18.79,18.8,0.55,22.2,1.0,0.0,20.9,20.2,0.0,1.0,47.0,23.0,0.0,48.0,22.9,0.0,0.0,0.0,3.41,3.61,3.61,3.61,23.29,27.15,27.26,27.25,27.25,0.54,0.0,1.0,0.0,53.0,0.0,0.0,20.6,0.0,52.0,0.0,0.0,20.4,1.0,1.0,1.0
2022-10-18 00:07:33,17.2,1.0,1.0,20.5,1.0,0.0,0.0,20.4,54.0,21.7,0.0,0.0,0.0,65.0,12.2,0.0,0.0,44.0,23.0,0.0,0.0,42.0,22.8,0.0,0.0,46.0,21.7,0.0,0.0,46.0,21.9,0.0,0.0,0.0,49.0,21.6,0.0,27.0,0.0,52.0,19.8,0.0,0.0,0.0,2.35,2.49,2.49,2.49,16.09,18.72,18.79,18.79,18.8,0.55,22.2,1.0,0.0,20.9,20.2,0.0,1.0,47.0,23.0,0.0,48.0,22.9,0.0,0.0,0.0,3.41,3.61,3.61,3.61,23.29,27.15,27.26,27.25,27.25,0.54,0.0,1.0,0.0,53.0,0.0,0.0,20.6,0.0,52.0,0.0,0.0,20.4,1.0,1.0,1.0
2022-10-18 00:07:34,17.2,1.0,1.0,20.5,1.0,0.0,0.0,20.4,54.0,21.7,0.0,0.0,0.0,65.0,12.2,0.0,0.0,44.0,23.0,0.0,0.0,42.0,22.8,0.0,0.0,46.0,21.7,0.0,0.0,46.0,21.9,0.0,0.0,0.0,49.0,21.6,0.0,27.0,0.0,52.0,19.8,0.0,0.0,0.0,2.35,2.49,2.49,2.49,16.09,18.72,18.79,18.79,18.8,0.55,22.2,1.0,0.0,20.9,20.2,0.0,1.0,47.0,23.0,0.0,48.0,22.9,0.0,0.0,0.0,3.41,3.61,3.61,3.61,23.29,27.15,27.26,27.25,27.25,0.54,0.0,1.0,0.0,53.0,0.0,0.0,20.6,0.0,52.0,0.0,0.0,20.4,1.0,1.0,1.0
2022-10-18 00:07:35,17.2,1.0,1.0,20.5,1.0,0.0,0.0,20.4,54.0,21.7,0.0,0.0,0.0,65.0,12.2,0.0,0.0,44.0,23.0,0.0,0.0,42.0,22.8,0.0,0.0,46.0,21.7,0.0,0.0,46.0,21.9,0.0,0.0,0.0,49.0,21.6,0.0,27.0,0.0,52.0,19.8,0.0,0.0,0.0,2.35,2.49,2.49,2.49,16.09,18.72,18.79,18.79,18.8,0.55,22.2,1.0,0.0,20.9,20.2,0.0,1.0,47.0,23.0,0.0,48.0,22.9,0.0,0.0,0.0,3.41,3.61,3.61,3.61,23.29,27.15,27.26,27.25,27.25,0.54,0.0,1.0,0.0,53.0,0.0,0.0,20.6,0.0,52.0,0.0,0.0,20.4,1.0,1.0,1.0
2022-10-18 00:07:36,17.2,1.0,1.0,20.5,1.0,0.0,0.0,20.4,54.0,21.7,0.0,0.0,0.0,65.0,12.2,0.0,0.0,44.0,23.0,0.0,0.0,42.0,22.8,0.0,0.0,46.0,21.7,0.0,0.0,46.0,21.9,0.0,0.0,0.0,49.0,21.6,0.0,27.0,0.0,52.0,19.8,0.0,0.0,0.0,2.35,2.49,2.49,2.49,16.09,18.72,18.79,18.79,18.8,0.55,22.2,1.0,0.0,20.9,20.2,0.0,1.0,47.0,23.0,0.0,48.0,22.9,0.0,0.0,0.0,3.41,3.61,3.61,3.61,23.29,27.15,27.26,27.25,27.25,0.54,0.0,1.0,0.0,53.0,0.0,0.0,20.6,0.0,52.0,0.0,0.0,20.4,1.0,1.0,1.0
2022-10-18 00:07:37,17.2,1.0,1.0,20.5,1.0,0.0,0.0,20.4,54.0,21.7,0.0,0.0,0.0,65.0,12.2,0.0,0.0,44.0,23.0,0.0,0.0,42.0,22.8,0.0,0.0,46.0,21.7,0.0,0.0,46.0,21.9,0.0,0.0,0.0,49.0,21.6,0.0,27.0,0.0,52.0,19.8,0.0,0.0,0.0,2.35,2.49,2.49,2.49,16.09,18.72,18.79,18.79,18.8,0.55,22.2,1.0,0.0,20.9,20.2,0.0,1.0,47.0,23.0,0.0,48.0,22.9,0.0,0.0,0.0,3.41,3.61,3.61,3.61,23.29,27.15,27.26,27.25,27.25,0.54,0.0,1.0,0.0,53.0,0.0,0.0,20.6,0.0,52.0,0.0,0.0,20.4,1.0,1.0,1.0
2022-10-18 00:07:38,17.2,1.0,1.0,20.5,1.0,0.0,0.0,20.4,54.0,21.7,0.0,0.0,0.0,65.0,12.2,0.0,0.0,44.0,23.0,0.0,0.0,42.0,22.8,0.0,0.0,46.0,21.7,0.0,0.0,46.0,21.9,0.0,0.0,0.0,49.0,21.6,0.0,27.0,0.0,52.0,19.8,0.0,0.0,0.0,2.35,2.49,2.49,2.49,16.09,18.72,18.79,18.79,18.8,0.55,22.2,1.0,0.0,20.9,20.2,0.0,1.0,47.0,23.0,0.0,48.0,22.9,0.0,0.0,0.0,3.41,3.61,3.61,3.61,23.29,27.15,27.26,27.25,27.25,0.54,0.0,1.0,0.0,53.0,0.0,0.0,20.6,0.0,52.0,0.0,0.0,20.4,1.0,1.0,1.0
2022-10-18 00:07:39,17.2,1.0,1.0,20.5,1.0,0.0,0.0,20.4,54.0,21.7,0.0,0.0,0.0,65.0,12.2,0.0,0.0,44.0,23.0,0.0,0.0,42.0,22.8,0.0,0.0,46.0,21.7,0.0,0.0,46.0,21.9,0.0,0.0,0.0,49.0,21.6,0.0,27.0,0.0,52.0,19.8,0.0,0.0,0.0,2.35,2.49,2.49,2.49,16.09,18.72,18.79,18.79,18.8,0.55,22.2,1.0,0.0,20.9,20.2,0.0,1.0,47.0,23.0,0.0,48.0,22.9,0.0,0.0,0.0,3.41,3.61,3.61,3.61,23.29,27.15,27.26,27.25,27.25,0.54,0.0,1.0,0.0,53.0,0.0,0.0,20.6,0.0,52.0,0.0,0.0,20.4,1.0,1.0,1.0
2022-10-18 00:07:40,17.2,1.0,1.0,20.5,1.0,0.0,0.0,20.4,54.0,21.7,0.0,0.0,0.0,65.0,12.2,0.0,0.0,44.0,23.0,0.0,0.0,42.0,22.8,0.0,0.0,46.0,21.7,0.0,0.0,46.0,21.9,0.0,0.0,0.0,49.0,21.6,0.0,27.0,0.0,52.0,19.8,0.0,0.0,0.0,2.35,2.49,2.49,2.49,16.09,18.72,18.79,18.79,18.8,0.55,22.2,1.0,0.0,20.9,20.2,0.0,1.0,47.0,23.0,0.0,48.0,22.9,0.0,0.0,0.0,3.41,3.61,3.61,3.61,23.29,27.15,27.26,27.25,27.25,0.54,0.0,1.0,0.0,53.0,0.0,0.0,20.6,0.0,52.0,0.0,0.0,20.4,1.0,1.0,1.0
2022-10-18 00:07:41,17.2,1.0,1.0,20.5,1.0,0.0,0.0,20.4,54.0,21.7,0.0,0.0,0.0,65.0,12.2,0.0,0.0,44.0,23.0,0.0,0.0,42.0,22.8,0.0,0.0,46.0,21.7,0.0,0.0,46.0,21.9,0.0,0.0,0.0,49.0,21.6,0.0,27.0,0.0,52.0,19.8,0.0,0.0,0.0,2.35,2.49,2.49,2.49,16.09,18.72,18.79,18.79,18.8,0.55,22.2,1.0,0.0,20.9,20.2,0.0,1.0,47.0,23.0,0.0,48.0,22.9,0.0,0.0,0.0,3.41,3.61,3.61,3.61,23.29,27.15,27.26,27.25,27.25,0.54,0.0,1.0,0.0,53.0,0.0,0.0,20.6,0.0,52.0,0.0,0.0,20.4,1.0,1.0,1.0
2022-10-18 00:07:42,17.2,1.0,1.0,20.5,1.0,0.0,0.0,20.4,54.0,21.7,0.0,0.0,0.0,65.0,12.2,0.0,0.0,44.0,23.0,0.0,0.0,42.0,22.8,0.0,0.0,46.0,21.7,0.0,0.0,46.0,21.9,0.0,0.0,0.0,49.0,21.6,0.0,27.0,0.0,52.0,19.8,0.0,0.0,0.0,2.35,2.49,2.49,2.49,16.09,18.72,18.79,18.79,18.8,0.55,22.2,1.0,0.0,20.9,20.2,0.0,1.0,47.0,23.0,0.0,48.0,22.9,0.0,0.0,0.0,3.41,3.61,3.61,3.61,23.29,27.15,27.26,27.25,27.25,0.54,0.0,1.0,0.0,53.0,0.0,0.0,20.6,0.0,52.0,0.0,0.0,20.4,1.0,1.0,1.0
2022-10-18 00:07:43,17.2,1.0,1.0,20.5,1.0,0.0,0.0,20.4,54.0,21.7,0.0,0.0,0.0,65.0,12.2,0.0,0.0,44.0,23.0,0.0,0.0,42.0,22.8,0.0,0.0,46.0,21.7,0.0,0.0,46.0,21.9,0.0,0.0,0.0,49.0,21.6,0.0,27.0,0.0,52.0,19.8,0.0,0.0,0.0,2.35,2.49,2.49,2.49,16.09,18.72,18.79,18.79,18.8,0.55,22.2,1.0,0.0,20.9,20.2,0.0,1.0,47.0,23.0,0.0,48.0,22.9,0.0,0.0,0.0,3.41,3.61,3.61,3.61,23.29,27.15,27.26,27.25,27.25,0.54,0.0,1.0,0.0,53.0,0.0,0.0,20.6,0.0,52.0,0.0,0.0,20.4,1.0,1.0,1.0
2022-10-18 00:07:44,17.2,1.0,1.0,20.5,1.0,0.0,0.0,20.4,54.0,21.7,0.0,0.0,0.0,65.0,12.2,0.0,0.0,44.0,23.0,0.0,0.0,42.0,22.8,0.0,0.0,46.0,21.7,0.0,0.0,46.0,21.9,0.0,0.0,0.0,49.0,21.6,0.0,27.0,0.0,52.0,19.8,0.0,0.0,0.0,2.35,2.49,2.49,2.49,16.09,18.72,18.79,18.79,18.8,0.55,22.2,1.0,0.0,20.9,20.2,0.0,1.0,47.0,23.0,0.0,48.0,22.9,0.0,0.0,0.0,3.41,3.61,3.61,3.61,23.29,27.15,27.26,27.25,27.25,0.54,0.0,1.0,0.0,53.0,0.0,0.0,20.6,0.0,52.0,0.0,0.0,20.4,1.0,1.0,1.0
2022-10-18 00:07:45,17.2,1.0,1.0,20.5,1.0,0.0,0.0,20.4,54.0,21.7,0.0,0.0,0.0,65.0,12.2,0.0,0.0,44.0,23.0,0.0,0.0,42.0,22.8,0.0,0.0,46.0,21.7,0.0,0.0,46.0,21.9,0.0,0.0,0.0,49.0,21.6,0.0,27.0,0.0,52.0,19.8,0.0,0.0,0.0,2.35,2.49,2.49,2.49,16.09,18.72,18.79,18.79,18.8,0.55,22.2,1.0,0.0,20.9,20.2,0.0,1.0,47.0,23.0,0.0,48.0,22.9,0.0,0.0,0.0,3.41,3.61,3.61,3.61,23.29,27.15,27.26,27.25,27.25,0.54,0.0,1.0,0.0,53.0,0.0,0.0,20.6,0.0,52.0,0.0,0.0,20.4,1.0,1.0,1.0
2022-10-18 00:07:46,17.2,1.0,1.0,20.5,1.0,0.0,0.0,20.4,54.0,21.7,0.0,0.0,0.0,65.0,12.2,0.0,0.0,44.0,23.0,0.0,0.0,42.0,22.8,0.0,0.0,46.0,21.7,0.0,0.0,46.0,21.9,0.0,0.0,0.0,49.0,21.6,0.0,27.0,0.0,52.0,19.8,0.0,0.0,0.0,2.35,2.49,2.49,2.49,16.09,18.72,18.79,18.79,18.8,0.55,22.2,1.0,0.0,20.9,20.2,0.0,1.0,47.0,23.0,0.0,48.0,22.9,0.0,0.0,0.0,3.41,3.61,3.61,3.61,23.29,27.15,27.26,27.25,27.25,0.54,0.0,1.0,0.0,53.0,0.0,0.0,20.6,0.0,52.0,0.0,0.0,20.4,1.0,1.0,1.0
2022-10-18 00:07:47,17.2,1.0,1.0,20.5,1.0,0.0,0.0,20.4,54.0,21.7,0.0,0.0,0.0,65.0,12.2,0.0,0.0,44.0,23.0,0.0,0.0,42.0,22.8,0.0,0.0,46.0,21.7,0.0,0.0,46.0,21.9,0.0,0.0,0.0,49.0,21.6,0.0,27.0,0.0,52.0,19.8,0.0,0.0,0.0,2.35,2.49,2.49,2.49,16.09,18.72,18.79,18.79,18.8,0.55,22.2,1.0,0.0,20.9,20.2,0.0,1.0,47.0,23.0,0.0,48.0,22.9,0.0,0.0,0.0,3.41,3.61,3.61,3.61,23.29,27.15,27.26,27.25,27.25,0.54,0.0,1.0,0.0,53.0,0.0,0.0,20.6,0.0,52.0,0.0,0.0,20.4,1.0,1.0,1.0
2022-10-18 00:07:48,17.2,1.0,1.0,20.5,1.0,0.0,0.0,20.4,54.0,21.7,0.0,0.0,0.0,65.0,12.2,0.0,0.0,44.0,23.0,0.0,0.0,42.0,22.8,0.0,0.0,46.0,21.7,0.0,0.0,46.0,21.9,0.0,0.0,0.0,49.0,21.6,0.0,27.0,0.0,52.0,19.8,0.0,0.0,0.0,2.35,2.49,2.49,2.49,16.09,18.72,18.79,18.79,18.8,0.55,22.2,1.0,0.0,20.9,20.2,0.0,1.0,47.0,23.0,0.0,48.0,22.9,0.0,0.0,0.0,3.41,3.61,3.61,3.61,23.29,27.15,27.26,27.25,27.25,0.54,0.0,1.0,0.0,53.0,0.0,0.0,20.6,0.0,52.0,0.0,0.0,20.4,1.0,1.0,1.0
2022-10-18 00:07:49,17.2,1.0,1.0,20.5,1.0,0.0,0.0,20.4,54.0,21.7,0.0,0.0,0.0,65.0,12.2,0.0,0.0,44.0,23.0,0.0,0.0,42.0,22.8,0.0,0.0,46.0,21.7,0.0,0.0,46.0,21.9,0.0,0.0,0.0,49.0,21.6,0.0,27.0,0.0,52.0,19.8,0.0,0.0,0.0,2.35,2.49,2.49,2.49,16.09,18.72,18.79,18.79,18.8,0.55,22.2,1.0,0.0,20.9,20.2,0.0,1.0,47.0,23.0,0.0,48.0,22.9,0.0,0.0,0.0,3.41,3.61,3.61,3.61,23.29,27.15,27.26,27.25,27.25,0.54,0.0,1.0,0.0,53.0,0.0,0.0,20.6,0.0,52.0,0.0,0.0,20.4,1.0,1.0,1.0
2022-10-18 00:07:50,17.2,1.0,1.0,20.5,1.0,0.0,0.0,20.4,54.0,21.7,0.0,0.0,0.0,65.0,12.2,0.0,0.0,44.0,23.0,0.0,0.0,42.0,22.8,0.0,0.0,46.0,21.7,0.0,0.0,46.0,21.9,0.0,0.0,0.0,49.0,21.6,0.0,27.0,0.0,52.0,19.8,0.0,0.0,0.0,2.35,2.49,2.49,2.49,16.09,18.72,18.79,18.79,18.8,0.55,22.2,1.0,0.0,20.9,20.2,0.0,1.0,47.0,23.0,0.0,48.0,22.9,0.0,0.0,0.0,3.41,3.61,3.61,3.61,23.29,27.15,27.26,27.25,27.25,0.54,0.0,1.0,0.0,53.0,0.0,0.0,20.6,0.0,52.0,0.0,0.0,20.4,1.0,1.0,1.0
2022-10-18 00:07:51,17.2,1.0,1.0,20.5,1.0,0.0,0.0,20.4,54.0,21.7,0.0,0.0,0.0,65.0,12.2,0.0,0.0,44.0,23.0,0.0,0.0,42.0,22.8,0.0,0.0,46.0,21.7,0.0,0.0,46.0,21.9,0.0,0.0,0.0,49.0,21.6,0.0,27.0,0.0,52.0,19.8,0.0,0.0,0.0,2.35,2.49,2.49,2.49,16.09,18.72,18.79,18.79,18.8,0.55,22.2,1.0,0.0,20.9,20.2,0.0,1.0,47.0,23.0,0.0,48.0,22.9,0.0,0.0,0.0,3.41,3.61,3.61,3.61,23.29,27.15,27.26,27.25,27.25,0.54,0.0,1.0,0.0,53.0,0.0,0.0,20.6,0.0,52.0,0.0,0.0,20.4,1.0,1.0,1.0
2022-10-18 00:07:52,17.2,1.0,1.0,20.5,1.0,0.0,0.0,20.4,54.0,21.7,0.0,0.0,0.0,65.0,12.2,0.0,0.0,44.0,23.0,0.0,0.0,42.0,22.8,0.0,0.0,46.0,21.7,0.0,0.0,46.0,21.9,0.0,0.0,0.0,49.0,21.6,0.0,27.0,0.0,52.0,19.8,0.0,0.0,0.0,2.35,2.49,2.49,2.49,16.09,18.72,18.79,18.79,18.8,0.55,22.2,1.0,0.0,20.9,20.2,0.0,1.0,47.0,23.0,0.0,48.0,22.9,0.0,0.0,0.0,3.41,3.61,3.61,3.61,23.29,27.15,27.26,27.25,27.25,0.54,0.0,1.0,0.0,53.0,0.0,0.0,20.6,0.0,52.0,0.0,0.0,20.4,1.0,1.0,1.0
2022-10-18 00:07:53,17.2,1.0,1.0,20.5,1.0,0.0,0.0,20.4,54.0,21.7,0.0,0.0,0.0,65.0,12.2,0.0,0.0,44.0,23.0,0.0,0.0,42.0,22.8,0.0,0.0,46.0,21.7,0.0,0.0,46.0,21.9,0.0,0.0,0.0,49.0,21.6,0.0,27.0,0.0,52.0,19.8,0.0,0.0,0.0,2.35,2.49,2.49,2.49,16.09,18.72,18.79,18.79,18.8,0.55,22.2,1.0,0.0,20.9,20.2,0.0,1.0,47.0,23.0,0.0,48.0,22.9,0.0,0.0,0.0,3.41,3.61,3.61,3.61,23.29,27.15,27.26,27.25,27.25,0.54,0.0,1.0,0.0,53.0,0.0,0.0,20.6,0.0,52.0,0.0,0.0,20.4,1.0,1.0,1.0
2022-10-18 00:07:54,17.2,1.0,1.0,20.5,1.0,0.0,0.0,20.4,54.0,21.7,0.0,0.0,0.0,65.0,12.2,0.0,0.0,44.0,23.0,0.0,0.0,42.0,22.8,0.0,0.0,46.0,21.7,0.0,0.0,46.0,21.9,0.0,0.0,0.0,49.0,21.6,0.0,27.0,0.0,52.0,19.8,0.0,0.0,0.0,2.35,2.49,2.49,2.49,16.09,18.72,18.79,18.79,18.8,0.55,22.2,1.0,0.0,20.9,20.2,0.0,1.0,47.0,23.0,0.0,48.0,22.9,0.0,0.0,0.0,3.41,3.61,3.61,3.61,23.29,27.15,27.26,27.25,27.25,0.54,0.0,1.0,0.0,53.0,0.0,0.0,20.6,0.0,52.0,0.0,0.0,20.4,1.0,1.0,1.0
2022-10-18 00:07:55,17.2,1.0,1.0,20.5,1.0,0.0,0.0,20.4,54.0,21.7,0.0,0.0,0.0,65.0,12.2,0.0,0.0,44.0,23.0,0.0,0.0,42.0,22.8,0.0,0.0,46.0,21.7,0.0,0.0,46.0,21.9,0.0,0.0,0.0,49.0,21.6,0.0,27.0,0.0,52.0,19.8,0.0,0.0,0.0,2.35,2.49,2.49,2.49,16.09,18.72,18.79,18.79,18.8,0.55,22.2,1.0,0.0,20.9,20.2,0.0,1.0,47.0,23.0,0.0,48.0,22.9,0.0,0.0,0.0,3.41,3.61,3.61,3.61,23.29,27.15,27.26,27.25,27.25,0.54,0.0,1.0,0.0,53.0,0.0,0.0,20.6,0.0,52.0,0.0,0.0,20.4,1.0,1.0,1.0
2022-10-18 00:07:56,17.2,1.0,1.0,20.5,1.0,0.0,0.0,20.4,54.0,21.7,0.0,0.0,0.0,65.0,12.2,0.0,0.0,44.0,23.0,0.0,0.0,42.0,22.8,0.0,0.0,46.0,21.7,0.0,0.0,46.0,21.9,0.0,0.0,0.0,49.0,21.6,0.0,27.0,0.0,52.0,19.8,0.0,0.0,0.0,2.35,2.49,2.49,2.49,16.09,18.72,18.79,18.79,18.8,0.55,22.2,1.0,0.0,20.9,20.2,0.0,1.0,47.0,23.0,0.0,48.0,22.9,0.0,0.0,0.0,3.41,3.61,3.61,3.61,23.29,27.15,27.26,27.25,27.25,0.54,0.0,1.0,0.0,53.0,0.0,0.0,20.6,0.0,52.0,0.0,0.0,20.4,1.0,1.0,1.0
2022-10-18 00:07:57,17.2,1.0,1.0,20.5,1.0,0.0,0.0,20.4,54.0,21.7,0.0,0.0,0.0,65.0,12.2,0.0,0.0,44.0,23.0,0.0,0.0,42.0,22.8,0.0,0.0,46.0,21.7,0.0,0.0,46.0,21.9,0.0,0.0,0.0,49.0,21.6,0.0,27.0,0.0,52.0,19.8,0.0,0.0,0.0,2.35,2.49,2.49,2.49,16.09,18.72,18.79,18.79,18.8,0.55,22.2,1.0,0.0,20.9,20.2,0.0,1.0,47.0,23.0,0.0,48.0,22.9,0.0,0.0,0.0,3.41,3.61,3.61,3.61,23.29,27.15,27.26,27.25,27.25,0.54,0.0,1.0,0.0,53.0,0.0,0.0,20.6,0.0,52.0,0.0,0.0,20.4,1.0,1.0,1.0
2022-10-18 00:07:58,17.2,1.0,1.0,20.5,1.0,0.0,0.0,20.4,54.0,21.7,0.0,0.0,0.0,65.0,12.2,0.0,0.0,44.0,23.0,0.0,0.0,42.0,22.8,0.0,0.0,46.0,21.7,0.0,0.0,46.0,21.9,0.0,0.0,0.0,49.0,21.6,0.0,27.0,0.0,52.0,19.8,0.0,0.0,0.0,2.35,2.49,2.49,2.49,16.09,18.72,18.79,18.79,18.8,0.55,22.2,1.0,0.0,20.9,20.2,0.0,1.0,47.0,23.0,0.0,48.0,22.9,0.0,0.0,0.0,3.41,3.61,3.61,3.61,23.29,27.15,27.26,27.25,27.25,0.54,0.0,1.0,0.0,53.0,0.0,0.0,20.6,0.0,52.0,0.0,0.0,20.4,1.0,1.0,1.0
2022-10-18 00:07:59,17.2,1.0,1.0,20.5,1.0,0.0,0.0,20.4,54.0,21.7,0.0,0.0,0.0,65.0,12.2,0.0,0.0,44.0,23.0,0.0,0.0,42.0,22.8,0.0,0.0,46.0,21.7,0.0,0.0,46.0,21.9,0.0,0.0,0.0,49.0,21.6,0.0,27.0,0.0,52.0,19.8,0.0,0.0,0.0,2.35,2.49,2.49,2.49,16.09,18.72,18.79,18.79,18.8,0.55,22.2,1.0,0.0,20.9,20.2,0.0,1.0,47.0,23.0,0.0,48.0,22.9,0.0,0.0,0.0,3.41,3.61,3.61,3.61,23.29,27.15,27.26,27.25,27.25,0.54,0.0,1.0,0.0,53.0,0.0,0.0,20.6,0.0,52.0,0.0,0.0,20.4,1.0,1.0,1.0
2022-10-18 00:08:00,17.2,1.0,1.0,20.5,1.0,0.0,0.0,20.4,54.0,21.7,0.0,0.0,0.0,65.0,12.2,0.0,0.0,44.0,23.0,0.0,0.0,42.0,22.8,0.0,0.0,46.0,21.7,0.0,0.0,46.0,21.9,0.0,0.0,0.0,49.0,21.6,0.0,27.0,0.0,52.0,19.8,0.0,0.0,0.0,2.35,2.49,2.49,2.49,16.09,18.72,18.79,18.79,18.8,0.55,22.2,1.0,0.0,20.9,20.2,0.0,1.0,47.0,23.0,0.0,48.0,22.9,0.0,0.0,0.0,3.41,3.61,3.61,3.61,23.29,27.15,27.26,27.25,27.25,0.54,0.0,1.0,0.0,53.0,0.0,0.0,20.6,0.0,52.0,0.0,0.0,20.4,1.0,1.0,1.0
2022-10-18 00:08:01,17.2,1.0,1.0,20.5,1.0,0.0,0.0,20.4,54.0,21.7,0.0,0.0,0.0,65.0,12.2,0.0,0.0,44.0,23.0,0.0,0.0,42.0,22.8,0.0,0.0,46.0,21.7,0.0,0.0,46.0,21.9,0.0,0.0,0.0,49.0,21.6,0.0,27.0,0.0,52.0,19.8,0.0,0.0,0.0,2.35,2.49,2.49,2.49,16.09,18.72,18.79,18.79,18.8,0.55,22.2,1.0,0.0,20.9,20.2,0.0,1.0,47.0,23.0,0.0,48.0,22.9,0.0,0.0,0.0,3.41,3.61,3.61,3.61,23.29,27.15,27.26,27.25,27.25,0.54,0.0,1.0,0.0,53.0,0.0,0.0,20.6,0.0,52.0,0.0,0.0,20.4,1.0,1.0,1.0
2022-10-18 00:08:02,17.2,1.0,1.0,20.5,1.0,0.0,0.0,20.4,54.0,21.7,0.0,0.0,0.0,65.0,12.2,0.0,0.0,44.0,23.0,0.0,0.0,42.0,22.8,0.0,0.0,46.0,21.7,0.0,0.0,46.0,21.9,0.0,0.0,0.0,49.0,21.6,0.0,27.0,0.0,52.0,19.8,0.0,0.0,0.0,2.35,2.49,2.49,2.49,16.09,18.72,18.79,18.79,18.8,0.55,22.2,1.0,0.0,20.9,20.2,0.0,1.0,47.0,23.0,0.0,48.0,22.9,0.0,0.0,0.0,3.41,3.61,3.61,3.61,23.29,27.15,27.26,27.25,27.25,0.54,0.0,1.0,0.0,53.0,0.0,0.0,20.6,0.0,52.0,0.0,0.0,20.4,1.0,1.0,1.0
2022-10-18 00:08:03,17.2,1.0,1.0,20.5,1.0,0.0,0.0,20.4,54.0,21.7,0.0,0.0,0.0,65.0,12.2,0.0,0.0,44.0,23.0,0.0,0.0,42.0,22.8,0.0,0.0,46.0,21.7,0.0,0.0,46.0,21.9,0.0,0.0,0.0,49.0,21.6,0.0,27.0,0.0,52.0,19.8,0.0,0.0,0.0,2.35,2.49,2.49,2.49,16.09,18.72,18.79,18.79,18.8,0.55,22.2,1.0,0.0,20.9,20.2,0.0,1.0,47.0,23.0,0.0,48.0,22.9,0.0,0.0,0.0,3.41,3.61,3.61,3.61,23.29,27.15,27.26,27.25,27.25,0.54,0.0,1.0,0.0,53.0,0.0,0.0,20.6,0.0,52.0,0.0,0.0,20.4,1.0,1.0,1.0
2022-10-18 00:08:04,17.2,1.0,1.0,20.5,1.0,0.0,0.0,20.4,54.0,21.7,0.0,0.0,0.0,65.0,12.2,0.0,0.0,44.0,23.0,0.0,0.0,42.0,22.8,0.0,0.0,46.0,21.7,0.0,0.0,46.0,21.9,0.0,0.0,0.0,49.0,21.6,0.0,27.0,0.0,52.0,19.8,0.0,0.0,0.0,2.35,2.49,2.49,2.49,16.09,18.72,18.79,18.79,18.8,0.55,22.2,1.0,0.0,20.9,20.2,0.0,1.0,47.0,23.0,0.0,48.0,22.9,0.0,0.0,0.0,3.41,3.61,3.61,3.61,23.29,27.15,27.26,27.25,27.25,0.54,0.0,1.0,0.0,53.0,0.0,0.0,20.6,0.0,52.0,0.0,0.0,20.4,1.0,1.0,1.0
2022-10-18 00:08:05,17.2,1.0,1.0,20.5,1.0,0.0,0.0,20.4,54.0,21.7,0.0,0.0,0.0,65.0,12.2,0.0,0.0,44.0,23.0,0.0,0.0,42.0,22.8,0.0,0.0,46.0,21.7,0.0,0.0,46.0,21.9,0.0,0.0,0.0,49.0,21.6,0.0,27.0,0.0,52.0,19.8,0.0,0.0,0.0,2.35,2.49,2.49,2.49,16.09,18.72,18.79,18.79,18.8,0.55,22.2,1.0,0.0,20.9,20.2,0.0,1.0,47.0,23.0,0.0,48.0,22.9,0.0,0.0,0.0,3.41,3.61,3.61,3.61,23.29,27.15,27.26,27.25,27.25,0.54,0.0,1.0,0.0,53.0,0.0,0.0,20.6,0.0,52.0,0.0,0.0,20.4,1.0,1.0,1.0
2022-10-18 00:08:06,17.2,1.0,1.0,20.5,1.0,0.0,0.0,20.4,54.0,21.7,0.0,0.0,0.0,65.0,12.2,0.0,0.0,44.0,23.0,0.0,0.0,42.0,22.8,0.0,0.0,46.0,21.7,0.0,0.0,46.0,21.9,0.0,0.0,0.0,49.0,21.6,0.0,27.0,0.0,52.0,19.8,0.0,0.0,0.0,2.35,2.49,2.49,2.49,16.09,18.72,18.79,18.79,18.8,0.55,22.2,1.0,0.0,20.9,20.2,0.0,1.0,47.0,23.0,0.0,48.0,22.9,0.0,0.0,0.0,3.41,3.61,3.61,3.61,23.29,27.15,27.26,27.25,27.25,0.54,0.0,1.0,0.0,53.0,0.0,0.0,20.6,0.0,52.0,0.0,0.0,20.4,1.0,1.0,1.0
2022-10-18 00:08:07,17.2,1.0,1.0,20.5,1.0,0.0,0.0,20.4,54.0,21.7,0.0,0.0,0.0,65.0,12.2,0.0,0.0,44.0,23.0,0.0,0.0,42.0,22.8,0.0,0.0,46.0,21.7,0.0,0.0,46.0,21.9,0.0,0.0,0.0,49.0,21.6,0.0,27.0,0.0,52.0,19.8,0.0,0.0,0.0,2.35,2.49,2.49,2.49,16.09,18.72,18.79,18.79,18.8,0.55,22.2,1.0,0.0,20.9,20.2,0.0,1.0,47.0,23.0,0.0,48.0,22.9,0.0,0.0,0.0,3.41,3.61,3.61,3.61,23.29,27.15,27.26,27.25,27.25,0.54,0.0,1.0,0.0,53.0,0.0,0.0,20.6,0.0,52.0,0.0,0.0,20.4,1.0,1.0,1.0
2022-10-18 00:08:08,17.2,1.0,1.0,20.5,1.0,0.0,0.0,20.4,54.0,21.7,0.0,0.0,0.0,65.0,12.2,0.0,0.0,44.0,23.0,0.0,0.0,42.0,22.8,0.0,0.0,46.0,21.7,0.0,0.0,46.0,21.9,0.0,0.0,0.0,49.0,21.6,0.0,27.0,0.0,52.0,19.8,0.0,0.0,0.0,2.35,2.49,2.49,2.49,16.09,18.72,18.79,18.79,18.8,0.55,22.2,1.0,0.0,20.9,20.2,0.0,1.0,47.0,23.0,0.0,48.0,22.9,0.0,0.0,0.0,3.41,3.61,3.61,3.61,23.29,27.15,27.26,27.25,27.25,0.54,0.0,1.0,0.0,53.0,0.0,0.0,20.6,0.0,52.0,0.0,0.0,20.4,1.0,1.0,1.0
2022-10-18 00:08:09,17.2,1.0,1.0,20.5,1.0,0.0,0.0,20.4,54.0,21.7,0.0,0.0,0.0,65.0,12.2,0.0,0.0,44.0,23.0,0.0,0.0,42.0,22.8,0.0,0.0,46.0,21.7,0.0,0.0,46.0,21.9,0.0,0.0,0.0,49.0,21.6,0.0,27.0,0.0,52.0,19.8,0.0,0.0,0.0,2.35,2.49,2.49,2.49,16.09,18.72,18.79,18.79,18.8,0.55,22.2,1.0,0.0,20.9,20.2,0.0,1.0,47.0,23.0,0.0,48.0,22.9,0.0,0.0,0.0,3.41,3.61,3.61,3.61,23.29,27.15,27.26,27.25,27.25,0.54,0.0,1.0,0.0,53.0,0.0,0.0,20.6,0.0,52.0,0.0,0.0,20.4,1.0,1.0,1.0
2022-10-18 00:08:10,17.2,1.0,1.0,20.5,1.0,0.0,0.0,20.4,54.0,21.7,0.0,0.0,0.0,65.0,12.2,0.0,0.0,44.0,23.0,0.0,0.0,42.0,22.8,0.0,0.0,46.0,21.7,0.0,0.0,46.0,21.9,0.0,0.0,0.0,49.0,21.6,0.0,27.0,0.0,52.0,19.8,0.0,0.0,0.0,2.35,2.49,2.49,2.49,16.09,18.72,18.79,18.79,18.8,0.55,22.2,1.0,0.0,20.9,20.2,0.0,1.0,47.0,23.0,0.0,48.0,22.9,0.0,0.0,0.0,3.41,3.61,3.61,3.61,23.29,27.15,27.26,27.25,27.25,0.54,0.0,1.0,0.0,53.0,0.0,0.0,20.6,0.0,52.0,0.0,0.0,20.4,1.0,1.0,1.0
2022-10-18 00:08:11,17.2,1.0,1.0,20.5,1.0,0.0,0.0,20.4,54.0,21.7,0.0,0.0,0.0,65.0,12.2,0.0,0.0,44.0,23.0,0.0,0.0,42.0,22.8,0.0,0.0,46.0,21.7,0.0,0.0,46.0,21.9,0.0,0.0,0.0,49.0,21.6,0.0,27.0,0.0,52.0,19.8,0.0,0.0,0.0,2.35,2.49,2.49,2.49,16.09,18.72,18.79,18.79,18.8,0.55,22.2,1.0,0.0,20.9,20.2,0.0,1.0,47.0,23.0,0.0,48.0,22.9,0.0,0.0,0.0,3.41,3.61,3.61,3.61,23.29,27.15,27.26,27.25,27.25,0.54,0.0,1.0,0.0,53.0,0.0,0.0,20.6,0.0,52.0,0.0,0.0,20.4,1.0,1.0,1.0
2022-10-18 00:08:12,17.2,1.0,1.0,20.5,1.0,0.0,0.0,20.4,54.0,21.7,0.0,0.0,0.0,65.0,12.2,0.0,0.0,44.0,23.0,0.0,0.0,42.0,22.8,0.0,0.0,46.0,21.7,0.0,0.0,46.0,21.9,0.0,0.0,0.0,49.0,21.6,0.0,27.0,0.0,52.0,19.8,0.0,0.0,0.0,2.35,2.49,2.49,2.49,16.09,18.72,18.79,18.79,18.8,0.55,22.2,1.0,0.0,20.9,20.2,0.0,1.0,47.0,23.0,0.0,48.0,22.9,0.0,0.0,0.0,3.41,3.61,3.61,3.61,23.29,27.15,27.26,27.25,27.25,0.54,0.0,1.0,0.0,53.0,0.0,0.0,20.6,0.0,52.0,0.0,0.0,20.4,1.0,1.0,1.0
2022-10-18 00:08:13,17.2,1.0,1.0,20.5,1.0,0.0,0.0,20.4,54.0,21.7,0.0,0.0,0.0,65.0,12.2,0.0,0.0,44.0,23.0,0.0,0.0,42.0,22.8,0.0,0.0,46.0,21.7,0.0,0.0,46.0,21.9,0.0,0.0,0.0,49.0,21.6,0.0,27.0,0.0,52.0,19.8,0.0,0.0,0.0,2.35,2.49,2.49,2.49,16.09,18.72,18.79,18.79,18.8,0.55,22.2,1.0,0.0,20.9,20.2,0.0,1.0,47.0,23.0,0.0,48.0,22.9,0.0,0.0,0.0,3.41,3.61,3.61,3.61,23.29,27.15,27.26,27.25,27.25,0.54,0.0,1.0,0.0,53.0,0.0,0.0,20.6,0.0,52.0,0.0,0.0,20.4,1.0,1.0,1.0
2022-10-18 00:08:14,17.2,1.0,1.0,20.5,1.0,0.0,0.0,20.4,54.0,21.7,0.0,0.0,0.0,65.0,12.2,0.0,0.0,44.0,23.0,0.0,0.0,42.0,22.8,0.0,0.0,46.0,21.7,0.0,0.0,46.0,21.9,0.0,0.0,0.0,49.0,21.6,0.0,27.0,0.0,52.0,19.8,0.0,0.0,0.0,2.35,2.49,2.49,2.49,16.09,18.72,18.79,18.79,18.8,0.55,22.2,1.0,0.0,20.9,20.2,0.0,1.0,47.0,23.0,0.0,48.0,22.9,0.0,0.0,0.0,3.41,3.61,3.61,3.61,23.29,27.15,27.26,27.25,27.25,0.54,0.0,1.0,0.0,53.0,0.0,0.0,20.6,0.0,52.0,0.0,0.0,20.4,1.0,1.0,1.0
2022-10-18 00:08:15,17.2,1.0,1.0,20.5,1.0,0.0,0.0,20.4,54.0,21.7,0.0,0.0,0.0,65.0,12.2,0.0,0.0,44.0,23.0,0.0,0.0,42.0,22.8,0.0,0.0,46.0,21.7,0.0,0.0,46.0,21.9,0.0,0.0,0.0,49.0,21.6,0.0,27.0,0.0,52.0,19.8,0.0,0.0,0.0,2.35,2.49,2.49,2.49,16.09,18.72,18.79,18.79,18.8,0.55,22.2,1.0,0.0,20.9,20.2,0.0,1.0,47.0,23.0,0.0,48.0,22.9,0.0,0.0,0.0,3.41,3.61,3.61,3.61,23.29,27.15,27.26,27.25,27.25,0.54,0.0,1.0,0.0,53.0,0.0,0.0,20.6,0.0,52.0,0.0,0.0,20.4,1.0,1.0,1.0
2022-10-18 00:08:16,17.2,1.0,1.0,20.5,1.0,0.0,0.0,20.4,54.0,21.7,0.0,0.0,0.0,65.0,12.2,0.0,0.0,44.0,23.0,0.0,0.0,42.0,22.8,0.0,0.0,46.0,21.7,0.0,0.0,46.0,21.9,0.0,0.0,0.0,49.0,21.6,0.0,27.0,0.0,52.0,19.8,0.0,0.0,0.0,2.35,2.49,2.49,2.49,16.09,18.72,18.79,18.79,18.8,0.55,22.2,1.0,0.0,20.9,20.2,0.0,1.0,47.0,23.0,0.0,48.0,22.9,0.0,0.0,0.0,3.41,3.61,3.61,3.61,23.29,27.15,27.26,27.25,27.25,0.54,0.0,1.0,0.0,53.0,0.0,0.0,20.6,0.0,52.0,0.0,0.0,20.4,1.0,1.0,1.0
2022-10-18 00:08:17,17.2,1.0,1.0,20.5,1.0,0.0,0.0,20.4,54.0,21.7,0.0,0.0,0.0,65.0,12.2,0.0,0.0,44.0,23.0,0.0,0.0,42.0,22.8,0.0,0.0,46.0,21.7,0.0,0.0,46.0,21.9,0.0,0.0,0.0,49.0,21.6,0.0,27.0,0.0,52.0,19.8,0.0,0.0,0.0,2.35,2.49,2.49,2.49,16.09,18.72,18.79,18.79,18.8,0.55,22.2,1.0,0.0,20.9,20.2,0.0,1.0,47.0,23.0,0.0,48.0,22.9,0.0,0.0,0.0,3.41,3.61,3.61,3.61,23.29,27.15,27.26,27.25,27.25,0.54,0.0,1.0,0.0,53.0,0.0,0.0,20.6,0.0,52.0,0.0,0.0,20.4,1.0,1.0,1.0
2022-10-18 00:08:18,17.2,1.0,1.0,20.5,1.0,0.0,0.0,20.4,54.0,21.7,0.0,0.0,0.0,65.0,12.2,0.0,0.0,44.0,23.0,0.0,0.0,42.0,22.8,0.0,0.0,46.0,21.7,0.0,0.0,46.0,21.9,0.0,0.0,0.0,49.0,21.6,0.0,27.0,0.0,52.0,19.8,0.0,0.0,0.0,2.35,2.49,2.49,2.49,16.09,18.72,18.79,18.79,18.8,0.55,22.2,1.0,0.0,20.9,20.2,0.0,1.0,47.0,23.0,0.0,48.0,22.9,0.0,0.0,0.0,3.41,3.61,3.61,3.61,23.29,27.15,27.26,27.25,27.25,0.54,0.0,1.0,0.0,53.0,0.0,0.0,20.6,0.0,52.0,0.0,0.0,20.4,1.0,1.0,1.0
2022-10-18 00:08:19,17.2,1.0,1.0,20.5,1.0,0.0,0.0,20.4,54.0,21.7,0.0,0.0,0.0,65.0,12.2,0.0,0.0,44.0,23.0,0.0,0.0,42.0,22.8,0.0,0.0,46.0,21.7,0.0,0.0,46.0,21.9,0.0,0.0,0.0,49.0,21.6,0.0,27.0,0.0,52.0,19.8,0.0,0.0,0.0,2.35,2.49,2.49,2.49,16.09,18.72,18.79,18.79,18.8,0.55,22.2,1.0,0.0,20.9,20.2,0.0,1.0,47.0,23.0,0.0,48.0,22.9,0.0,0.0,0.0,3.41,3.61,3.61,3.61,23.29,27.15,27.26,27.25,27.25,0.54,0.0,1.0,0.0,53.0,0.0,0.0,20.6,0.0,52.0,0.0,0.0,20.4,1.0,1.0,1.0
2022-10-18 00:08:20,17.2,1.0,1.0,20.5,1.0,0.0,0.0,20.4,54.0,21.7,0.0,0.0,0.0,65.0,12.2,0.0,0.0,44.0,23.0,0.0,0.0,42.0,22.8,0.0,0.0,46.0,21.7,0.0,0.0,46.0,21.9,0.0,0.0,0.0,49.0,21.6,0.0,27.0,0.0,52.0,19.8,0.0,0.0,0.0,2.35,2.49,2.49,2.49,16.09,18.72,18.79,18.79,18.8,0.55,22.2,1.0,0.0,20.9,20.2,0.0,1.0,47.0,23.0,0.0,48.0,22.9,0.0,0.0,0.0,3.41,3.61,3.61,3.61,23.29,27.15,27.26,27.25,27.25,0.54,0.0,1.0,0.0,53.0,0.0,0.0,20.6,0.0,52.0,0.0,0.0,20.4,1.0,1.0,1.0
2022-10-18 00:08:21,17.2,1.0,1.0,20.5,1.0,0.0,0.0,20.4,54.0,21.7,0.0,0.0,0.0,65.0,12.2,0.0,0.0,44.0,23.0,0.0,0.0,42.0,22.8,0.0,0.0,46.0,21.7,0.0,0.0,46.0,21.9,0.0,0.0,0.0,49.0,21.6,0.0,27.0,0.0,52.0,19.8,0.0,0.0,0.0,2.35,2.49,2.49,2.49,16.09,18.72,18.79,18.79,18.8,0.55,22.2,1.0,0.0,20.9,20.2,0.0,1.0,47.0,23.0,0.0,48.0,22.9,0.0,0.0,0.0,3.41,3.61,3.61,3.61,23.29,27.15,27.26,27.25,27.25,0.54,0.0,1.0,0.0,53.0,0.0,0.0,20.6,0.0,52.0,0.0,0.0,20.4,1.0,1.0,1.0
2022-10-18 00:08:22,17.2,1.0,1.0,20.5,1.0,0.0,0.0,20.4,54.0,21.7,0.0,0.0,0.0,65.0,12.2,0.0,0.0,44.0,23.0,0.0,0.0,42.0,22.8,0.0,0.0,46.0,21.7,0.0,0.0,46.0,21.9,0.0,0.0,0.0,49.0,21.6,0.0,27.0,0.0,52.0,19.8,0.0,0.0,0.0,2.35,2.49,2.49,2.49,16.09,18.72,18.79,18.79,18.8,0.55,22.2,1.0,0.0,20.9,20.2,0.0,1.0,47.0,23.0,0.0,48.0,22.9,0.0,0.0,0.0,3.41,3.61,3.61,3.61,23.29,27.15,27.26,27.25,27.25,0.54,0.0,1.0,0.0,53.0,0.0,0.0,20.6,0.0,52.0,0.0,0.0,20.4,1.0,1.0,1.0
2022-10-18 00:08:23,17.2,1.0,1.0,20.5,1.0,0.0,0.0,20.4,54.0,21.7,0.0,0.0,0.0,65.0,12.2,0.0,0.0,44.0,23.0,0.0,0.0,42.0,22.8,0.0,0.0,46.0,21.7,0.0,0.0,46.0,21.9,0.0,0.0,0.0,49.0,21.6,0.0,27.0,0.0,52.0,19.8,0.0,0.0,0.0,2.35,2.49,2.49,2.49,16.09,18.72,18.79,18.79,18.8,0.55,22.2,1.0,0.0,20.9,20.2,0.0,1.0,47.0,23.0,0.0,48.0,22.9,0.0,0.0,0.0,3.41,3.61,3.61,3.61,23.29,27.15,27.26,27.25,27.25,0.54,0.0,1.0,0.0,53.0,0.0,0.0,20.6,0.0,52.0,0.0,0.0,20.4,1.0,1.0,1.0
2022-10-18 00:08:24,17.2,1.0,1.0,20.5,1.0,0.0,0.0,20.4,54.0,21.7,0.0,0.0,0.0,65.0,12.2,0.0,0.0,44.0,23.0,0.0,0.0,42.0,22.8,0.0,0.0,46.0,21.7,0.0,0.0,46.0,21.9,0.0,0.0,0.0,49.0,21.6,0.0,27.0,0.0,52.0,19.8,0.0,0.0,0.0,2.35,2.49,2.49,2.49,16.09,18.72,18.79,18.79,18.8,0.55,22.2,1.0,0.0,20.9,20.2,0.0,1.0,47.0,23.0,0.0,48.0,22.9,0.0,0.0,0.0,3.41,3.61,3.61,3.61,23.29,27.15,27.26,27.25,27.25,0.54,0.0,1.0,0.0,53.0,0.0,0.0,20.6,0.0,52.0,0.0,0.0,20.4,1.0,1.0,1.0
2022-10-18 00:08:25,17.2,1.0,1.0,20.5,1.0,0.0,0.0,20.4,54.0,21.7,0.0,0.0,0.0,65.0,12.2,0.0,0.0,44.0,23.0,0.0,0.0,42.0,22.8,0.0,0.0,46.0,21.7,0.0,0.0,46.0,21.9,0.0,0.0,0.0,49.0,21.6,0.0,27.0,0.0,52.0,19.8,0.0,0.0,0.0,2.35,2.49,2.49,2.49,16.09,18.72,18.79,18.79,18.8,0.55,22.2,1.0,0.0,20.9,20.2,0.0,1.0,47.0,23.0,0.0,48.0,22.9,0.0,0.0,0.0,3.41,3.61,3.61,3.61,23.29,27.15,27.26,27.25,27.25,0.54,0.0,1.0,0.0,53.0,0.0,0.0,20.6,0.0,52.0,0.0,0.0,20.4,1.0,1.0,1.0
2022-10-18 00:08:26,17.2,1.0,1.0,20.5,1.0,0.0,0.0,20.4,54.0,21.7,0.0,0.0,0.0,65.0,12.2,0.0,0.0,44.0,23.0,0.0,0.0,42.0,22.8,0.0,0.0,46.0,21.7,0.0,0.0,46.0,21.9,0.0,0.0,0.0,49.0,21.6,0.0,27.0,0.0,52.0,19.8,0.0,0.0,0.0,2.35,2.49,2.49,2.49,16.09,18.72,18.79,18.79,18.8,0.55,22.2,1.0,0.0,20.9,20.2,0.0,1.0,47.0,23.0,0.0,48.0,22.9,0.0,0.0,0.0,3.41,3.61,3.61,3.61,23.29,27.15,27.26,27.25,27.25,0.54,0.0,1.0,0.0,53.0,0.0,0.0,20.6,0.0,52.0,0.0,0.0,20.4,1.0,1.0,1.0
2022-10-18 00:08:27,17.2,1.0,1.0,20.5,1.0,0.0,0.0,20.4,54.0,21.7,0.0,0.0,0.0,65.0,12.2,0.0,0.0,44.0,23.0,0.0,0.0,42.0,22.8,0.0,0.0,46.0,21.7,0.0,0.0,46.0,21.9,0.0,0.0,0.0,49.0,21.6,0.0,27.0,0.0,52.0,19.8,0.0,0.0,0.0,2.35,2.49,2.49,2.49,16.09,18.72,18.79,18.79,18.8,0.55,22.2,1.0,0.0,20.9,20.2,0.0,1.0,47.0,23.0,0.0,48.0,22.9,0.0,0.0,0.0,3.41,3.61,3.61,3.61,23.29,27.15,27.26,27.25,27.25,0.54,0.0,1.0,0.0,53.0,0.0,0.0,20.6,0.0,52.0,0.0,0.0,20.4,1.0,1.0,1.0
2022-10-18 00:08:28,17.2,1.0,1.0,20.5,1.0,0.0,0.0,20.4,54.0,21.7,0.0,0.0,0.0,65.0,12.2,0.0,0.0,44.0,23.0,0.0,0.0,42.0,22.8,0.0,0.0,46.0,21.7,0.0,0.0,46.0,21.9,0.0,0.0,0.0,49.0,21.6,0.0,27.0,0.0,52.0,19.8,0.0,0.0,0.0,2.35,2.49,2.49,2.49,16.09,18.72,18.79,18.79,18.8,0.55,22.2,1.0,0.0,20.9,20.2,0.0,1.0,47.0,23.0,0.0,48.0,22.9,0.0,0.0,0.0,3.41,3.61,3.61,3.61,23.29,27.15,27.26,27.25,27.25,0.54,0.0,1.0,0.0,53.0,0.0,0.0,20.6,0.0,52.0,0.0,0.0,20.4,1.0,1.0,1.0
2022-10-18 00:08:29,17.2,1.0,1.0,20.5,1.0,0.0,0.0,20.4,54.0,21.7,0.0,0.0,0.0,65.0,12.2,0.0,0.0,44.0,23.0,0.0,0.0,42.0,22.8,0.0,0.0,46.0,21.7,0.0,0.0,46.0,21.9,0.0,0.0,0.0,49.0,21.6,0.0,27.0,0.0,52.0,19.8,0.0,0.0,0.0,2.35,2.49,2.49,2.49,16.09,18.72,18.79,18.79,18.8,0.55,22.2,1.0,0.0,20.9,20.2,0.0,1.0,47.0,23.0,0.0,48.0,22.9,0.0,0.0,0.0,3.41,3.61,3.61,3.61,23.29,27.15,27.26,27.25,27.25,0.54,0.0,1.0,0.0,53.0,0.0,0.0,20.6,0.0,52.0,0.0,0.0,20.4,1.0,1.0,1.0
2022-10-18 00:08:30,17.2,1.0,1.0,20.5,1.0,0.0,0.0,20.4,54.0,21.7,0.0,0.0,0.0,65.0,12.2,0.0,0.0,44.0,23.0,0.0,0.0,42.0,22.8,0.0,0.0,46.0,21.7,0.0,0.0,46.0,21.9,0.0,0.0,0.0,49.0,21.6,0.0,27.0,0.0,52.0,19.8,0.0,0.0,0.0,2.35,2.49,2.49,2.49,16.09,18.72,18.79,18.79,18.8,0.55,22.2,1.0,0.0,20.9,20.2,0.0,1.0,47.0,23.0,0.0,48.0,22.9,0.0,0.0,0.0,3.41,3.61,3.61,3.61,23.29,27.15,27.26,27.25,27.25,0.54,0.0,1.0,0.0,53.0,0.0,0.0,20.6,0.0,52.0,0.0,0.0,20.4,1.0,1.0,1.0
2022-10-18 00:08:31,17.2,1.0,1.0,20.5,1.0,0.0,0.0,20.4,54.0,21.7,0.0,0.0,0.0,65.0,12.2,0.0,0.0,44.0,23.0,0.0,0.0,42.0,22.8,0.0,0.0,46.0,21.7,0.0,0.0,46.0,21.9,0.0,0.0,0.0,49.0,21.6,0.0,27.0,0.0,52.0,19.8,0.0,0.0,0.0,2.35,2.49,2.49,2.49,16.09,18.72,18.79,18.79,18.8,0.55,22.2,1.0,0.0,20.9,20.2,0.0,1.0,47.0,23.0,0.0,48.0,22.9,0.0,0.0,0.0,3.41,3.61,3.61,3.61,23.29,27.15,27.26,27.25,27.25,0.54,0.0,1.0,0.0,53.0,0.0,0.0,20.6,0.0,52.0,0.0,0.0,20.4,1.0,1.0,1.0
2022-10-18 00:08:32,17.2,1.0,1.0,20.5,1.0,0.0,0.0,20.4,54.0,21.7,0.0,0.0,0.0,65.0,12.2,0.0,0.0,44.0,23.0,0.0,0.0,42.0,22.8,0.0,0.0,46.0,21.7,0.0,0.0,46.0,21.9,0.0,0.0,0.0,49.0,21.6,0.0,27.0,0.0,52.0,19.8,0.0,0.0,0.0,2.35,2.49,2.49,2.49,16.09,18.72,18.79,18.79,18.8,0.55,22.2,1.0,0.0,20.9,20.2,0.0,1.0,47.0,23.0,0.0,48.0,22.9,0.0,0.0,0.0,3.41,3.61,3.61,3.61,23.29,27.15,27.26,27.25,27.25,0.54,0.0,1.0,0.0,53.0,0.0,0.0,20.6,0.0,52.0,0.0,0.0,20.4,1.0,1.0,1.0
2022-10-18 00:08:33,17.2,1.0,1.0,20.5,1.0,0.0,0.0,20.4,54.0,21.7,0.0,0.0,0.0,65.0,12.2,0.0,0.0,44.0,23.0,0.0,0.0,42.0,22.8,0.0,0.0,46.0,21.7,0.0,0.0,46.0,21.9,0.0,0.0,0.0,49.0,21.6,0.0,27.0,0.0,52.0,19.8,0.0,0.0,0.0,2.35,2.49,2.49,2.49,16.09,18.72,18.79,18.79,18.8,0.55,22.2,1.0,0.0,20.9,20.2,0.0,1.0,47.0,23.0,0.0,48.0,22.9,0.0,0.0,0.0,3.41,3.61,3.61,3.61,23.29,27.15,27.26,27.25,27.25,0.54,0.0,1.0,0.0,53.0,0.0,0.0,20.6,0.0,52.0,0.0,0.0,20.4,1.0,1.0,1.0
2022-10-18 00:08:34,17.2,1.0,1.0,20.5,1.0,0.0,0.0,20.4,54.0,21.7,0.0,0.0,0.0,65.0,12.2,0.0,0.0,44.0,23.0,0.0,0.0,42.0,22.8,0.0,0.0,46.0,21.7,0.0,0.0,46.0,21.9,0.0,0.0,0.0,49.0,21.6,0.0,27.0,0.0,52.0,19.8,0.0,0.0,0.0,2.35,2.49,2.49,2.49,16.09,18.72,18.79,18.79,18.8,0.55,22.2,1.0,0.0,20.9,20.2,0.0,1.0,47.0,23.0,0.0,48.0,22.9,0.0,0.0,0.0,3.41,3.61,3.61,3.61,23.29,27.15,27.26,27.25,27.25,0.54,0.0,1.0,0.0,53.0,0.0,0.0,20.6,0.0,52.0,0.0,0.0,20.4,1.0,1.0,1.0
2022-10-18 00:08:35,17.2,1.0,1.0,20.5,1.0,0.0,0.0,20.4,54.0,21.7,0.0,0.0,0.0,65.0,12.2,0.0,0.0,44.0,23.0,0.0,0.0,42.0,22.8,0.0,0.0,46.0,21.7,0.0,0.0,46.0,21.9,0.0,0.0,0.0,49.0,21.6,0.0,27.0,0.0,52.0,19.8,0.0,0.0,0.0,2.35,2.49,2.49,2.49,16.09,18.72,18.79,18.79,18.8,0.55,22.2,1.0,0.0,20.9,20.2,0.0,1.0,47.0,23.0,0.0,48.0,22.9,0.0,0.0,0.0,3.41,3.61,3.61,3.61,23.29,27.15,27.26,27.25,27.25,0.54,0.0,1.0,0.0,53.0,0.0,0.0,20.6,0.0,52.0,0.0,0.0,20.4,1.0,1.0,1.0
2022-10-18 00:08:36,17.2,1.0,1.0,20.5,1.0,0.0,0.0,20.4,54.0,21.7,0.0,0.0,0.0,65.0,12.2,0.0,0.0,44.0,23.0,0.0,0.0,42.0,22.8,0.0,0.0,46.0,21.7,0.0,0.0,46.0,21.9,0.0,0.0,0.0,49.0,21.6,0.0,27.0,0.0,52.0,19.8,0.0,0.0,0.0,2.35,2.49,2.49,2.49,16.09,18.72,18.79,18.79,18.8,0.55,22.2,1.0,0.0,20.9,20.2,0.0,1.0,47.0,23.0,0.0,48.0,22.9,0.0,0.0,0.0,3.41,3.61,3.61,3.61,23.29,27.15,27.26,27.25,27.25,0.54,0.0,1.0,0.0,53.0,0.0,0.0,20.6,0.0,52.0,0.0,0.0,20.4,1.0,1.0,1.0
2022-10-18 00:08:37,17.2,1.0,1.0,20.5,1.0,0.0,0.0,20.4,54.0,21.7,0.0,0.0,0.0,65.0,12.2,0.0,0.0,44.0,23.0,0.0,0.0,42.0,22.8,0.0,0.0,46.0,21.7,0.0,0.0,46.0,21.9,0.0,0.0,0.0,49.0,21.6,0.0,27.0,0.0,52.0,19.8,0.0,0.0,0.0,2.35,2.49,2.49,2.49,16.09,18.72,18.79,18.79,18.8,0.55,22.2,1.0,0.0,20.9,20.2,0.0,1.0,47.0,23.0,0.0,48.0,22.9,0.0,0.0,0.0,3.41,3.61,3.61,3.61,23.29,27.15,27.26,27.25,27.25,0.54,0.0,1.0,0.0,53.0,0.0,0.0,20.6,0.0,52.0,0.0,0.0,20.4,1.0,1.0,1.0
2022-10-18 00:08:38,17.2,1.0,1.0,20.5,1.0,0.0,0.0,20.4,54.0,21.7,0.0,0.0,0.0,65.0,12.2,0.0,0.0,44.0,23.0,0.0,0.0,42.0,22.8,0.0,0.0,46.0,21.7,0.0,0.0,46.0,21.9,0.0,0.0,0.0,49.0,21.6,0.0,27.0,0.0,52.0,19.8,0.0,0.0,0.0,2.35,2.49,2.49,2.49,16.09,18.72,18.79,18.79,18.8,0.55,22.2,1.0,0.0,20.9,20.2,0.0,1.0,47.0,23.0,0.0,48.0,22.9,0.0,0.0,0.0,3.41,3.61,3.61,3.61,23.29,27.15,27.26,27.25,27.25,0.54,0.0,1.0,0.0,53.0,0.0,0.0,20.6,0.0,52.0,0.0,0.0,20.4,1.0,1.0,1.0
2022-10-18 00:08:39,17.2,1.0,1.0,20.5,1.0,0.0,0.0,20.4,54.0,21.7,0.0,0.0,0.0,65.0,12.2,0.0,0.0,44.0,23.0,0.0,0.0,42.0,22.8,0.0,0.0,46.0,21.7,0.0,0.0,46.0,21.9,0.0,0.0,0.0,49.0,21.6,0.0,27.0,0.0,52.0,19.8,0.0,0.0,0.0,2.35,2.49,2.49,2.49,16.09,18.72,18.79,18.79,18.8,0.55,22.2,1.0,0.0,20.9,20.2,0.0,1.0,47.0,23.0,0.0,48.0,22.9,0.0,0.0,0.0,3.41,3.61,3.61,3.61,23.29,27.15,27.26,27.25,27.25,0.54,0.0,1.0,0.0,53.0,0.0,0.0,20.6,0.0,52.0,0.0,0.0,20.4,1.0,1.0,1.0
2022-10-18 00:08:40,17.2,1.0,1.0,20.5,1.0,0.0,0.0,20.4,54.0,21.7,0.0,0.0,0.0,65.0,12.2,0.0,0.0,44.0,23.0,0.0,0.0,42.0,22.8,0.0,0.0,46.0,21.7,0.0,0.0,46.0,21.9,0.0,0.0,0.0,49.0,21.6,0.0,27.0,0.0,52.0,19.8,0.0,0.0,0.0,2.35,2.49,2.49,2.49,16.09,18.72,18.79,18.79,18.8,0.55,22.2,1.0,0.0,20.9,20.2,0.0,1.0,47.0,23.0,0.0,48.0,22.9,0.0,0.0,0.0,3.41,3.61,3.61,3.61,23.29,27.15,27.26,27.25,27.25,0.54,0.0,1.0,0.0,53.0,0.0,0.0,20.6,0.0,52.0,0.0,0.0,20.4,1.0,1.0,1.0
2022-10-18 00:08:41,17.2,1.0,1.0,20.5,1.0,0.0,0.0,20.4,54.0,21.7,0.0,0.0,0.0,65.0,12.2,0.0,0.0,44.0,23.0,0.0,0.0,42.0,22.8,0.0,0.0,46.0,21.7,0.0,0.0,46.0,21.9,0.0,0.0,0.0,49.0,21.6,0.0,27.0,0.0,52.0,19.8,0.0,0.0,0.0,2.35,2.49,2.49,2.49,16.09,18.72,18.79,18.79,18.8,0.55,22.2,1.0,0.0,20.9,20.2,0.0,1.0,47.0,23.0,0.0,48.0,22.9,0.0,0.0,0.0,3.41,3.61,3.61,3.61,23.29,27.15,27.26,27.25,27.25,0.54,0.0,1.0,0.0,53.0,0.0,0.0,20.6,0.0,52.0,0.0,0.0,20.4,1.0,1.0,1.0
2022-10-18 00:08:42,17.2,1.0,1.0,20.5,1.0,0.0,0.0,20.4,54.0,21.7,0.0,0.0,0.0,65.0,12.2,0.0,0.0,44.0,23.0,0.0,0.0,42.0,22.8,0.0,0.0,46.0,21.7,0.0,0.0,46.0,21.9,0.0,0.0,0.0,49.0,21.6,0.0,27.0,0.0,52.0,19.8,0.0,0.0,0.0,2.35,2.49,2.49,2.49,16.09,18.72,18.79,18.79,18.8,0.55,22.2,1.0,0.0,20.9,20.2,0.0,1.0,47.0,23.0,0.0,48.0,22.9,0.0,0.0,0.0,3.41,3.61,3.61,3.61,23.29,27.15,27.26,27.25,27.25,0.54,0.0,1.0,0.0,53.0,0.0,0.0,20.6,0.0,52.0,0.0,0.0,20.4,1.0,1.0,1.0
2022-10-18 00:08:43,17.2,1.0,1.0,20.5,1.0,0.0,0.0,20.4,54.0,21.7,0.0,0.0,0.0,65.0,12.2,0.0,0.0,44.0,23.0,0.0,0.0,42.0,22.8,0.0,0.0,46.0,21.7,0.0,0.0,46.0,21.9,0.0,0.0,0.0,49.0,21.6,0.0,27.0,0.0,52.0,19.8,0.0,0.0,0.0,2.35,2.49,2.49,2.49,16.09,18.72,18.79,18.79,18.8,0.55,22.2,1.0,0.0,20.9,20.2,0.0,1.0,47.0,23.0,0.0,48.0,22.9,0.0,0.0,0.0,3.41,3.61,3.61,3.61,23.29,27.15,27.26,27.25,27.25,0.54,0.0,1.0,0.0,53.0,0.0,0.0,20.6,0.0,52.0,0.0,0.0,20.4,1.0,1.0,1.0
2022-10-18 00:08:44,17.2,1.0,1.0,20.5,1.0,0.0,0.0,20.4,54.0,21.7,0.0,0.0,0.0,65.0,12.2,0.0,0.0,44.0,23.0,0.0,0.0,42.0,22.8,0.0,0.0,46.0,21.7,0.0,0.0,46.0,21.9,0.0,0.0,0.0,49.0,21.6,0.0,27.0,0.0,52.0,19.8,0.0,0.0,0.0,2.35,2.49,2.49,2.49,16.09,18.72,18.79,18.79,18.8,0.55,22.2,1.0,0.0,20.9,20.2,0.0,1.0,47.0,23.0,0.0,48.0,22.9,0.0,0.0,0.0,3.41,3.61,3.61,3.61,23.29,27.15,27.26,27.25,27.25,0.54,0.0,1.0,0.0,53.0,0.0,0.0,20.6,0.0,52.0,0.0,0.0,20.4,1.0,1.0,1.0
2022-10-18 00:08:45,17.2,1.0,1.0,20.5,1.0,0.0,0.0,20.4,54.0,21.7,0.0,0.0,0.0,65.0,12.2,0.0,0.0,44.0,23.0,0.0,0.0,42.0,22.8,0.0,0.0,46.0,21.7,0.0,0.0,46.0,21.9,0.0,0.0,0.0,49.0,21.6,0.0,27.0,0.0,52.0,19.8,0.0,0.0,0.0,2.35,2.49,2.49,2.49,16.09,18.72,18.79,18.79,18.8,0.55,22.2,1.0,0.0,20.9,20.2,0.0,1.0,47.0,23.0,0.0,48.0,22.9,0.0,0.0,0.0,3.41,3.61,3.61,3.61,23.29,27.15,27.26,27.25,27.25,0.54,0.0,1.0,0.0,53.0,0.0,0.0,20.6,0.0,52.0,0.0,0.0,20.4,1.0,1.0,1.0
2022-10-18 00:08:46,17.2,1.0,1.0,20.5,1.0,0.0,0.0,20.4,54.0,21.7,0.0,0.0,0.0,65.0,12.2,0.0,0.0,44.0,23.0,0.0,0.0,42.0,22.8,0.0,0.0,46.0,21.7,0.0,0.0,46.0,21.9,0.0,0.0,0.0,49.0,21.6,0.0,27.0,0.0,52.0,19.8,0.0,0.0,0.0,2.35,2.49,2.49,2.49,16.09,18.72,18.79,18.79,18.8,0.55,22.2,1.0,0.0,20.9,20.2,0.0,1.0,47.0,23.0,0.0,48.0,22.9,0.0,0.0,0.0,3.41,3.61,3.61,3.61,23.29,27.15,27.26,27.25,27.25,0.54,0.0,1.0,0.0,53.0,0.0,0.0,20.6,0.0,52.0,0.0,0.0,20.4,1.0,1.0,1.0
2022-10-18 00:08:47,17.2,1.0,1.0,20.5,1.0,0.0,0.0,20.4,54.0,21.7,0.0,0.0,0.0,65.0,12.2,0.0,0.0,44.0,23.0,0.0,0.0,42.0,22.8,0.0,0.0,46.0,21.7,0.0,0.0,46.0,21.9,0.0,0.0,0.0,49.0,21.6,0.0,27.0,0.0,52.0,19.8,0.0,0.0,0.0,2.35,2.49,2.49,2.49,16.09,18.72,18.79,18.79,18.8,0.55,22.2,1.0,0.0,20.9,20.2,0.0,1.0,47.0,23.0,0.0,48.0,22.9,0.0,0.0,0.0,3.41,3.61,3.61,3.61,23.29,27.15,27.26,27.25,27.25,0.54,0.0,1.0,0.0,53.0,0.0,0.0,20.6,0.0,52.0,0.0,0.0,20.4,1.0,1.0,1.0
2022-10-18 00:08:48,17.2,1.0,1.0,20.5,1.0,0.0,0.0,20.4,54.0,21.7,0.0,0.0,0.0,65.0,12.2,0.0,0.0,44.0,23.0,0.0,0.0,42.0,22.8,0.0,0.0,46.0,21.7,0.0,0.0,46.0,21.9,0.0,0.0,0.0,49.0,21.6,0.0,27.0,0.0,52.0,19.8,0.0,0.0,0.0,2.35,2.49,2.49,2.49,16.09,18.72,18.79,18.79,18.8,0.55,22.2,1.0,0.0,20.9,20.2,0.0,1.0,47.0,23.0,0.0,48.0,22.9,0.0,0.0,0.0,3.41,3.61,3.61,3.61,23.29,27.15,27.26,27.25,27.25,0.54,0.0,1.0,0.0,53.0,0.0,0.0,20.6,0.0,52.0,0.0,0.0,20.4,1.0,1.0,1.0
2022-10-18 00:08:49,17.2,1.0,1.0,20.5,1.0,0.0,0.0,20.4,54.0,21.7,0.0,0.0,0.0,65.0,12.2,0.0,0.0,44.0,23.0,0.0,0.0,42.0,22.8,0.0,0.0,46.0,21.7,0.0,0.0,46.0,21.9,0.0,0.0,0.0,49.0,21.6,0.0,27.0,0.0,52.0,19.8,0.0,0.0,0.0,2.35,2.49,2.49,2.49,16.09,18.72,18.79,18.79,18.8,0.55,22.2,1.0,0.0,20.9,20.2,0.0,1.0,47.0,23.0,0.0,48.0,22.9,0.0,0.0,0.0,3.41,3.61,3.61,3.61,23.29,27.15,27.26,27.25,27.25,0.54,0.0,1.0,0.0,53.0,0.0,0.0,20.6,0.0,52.0,0.0,0.0,20.4,1.0,1.0,1.0
2022-10-18 00:08:50,17.2,1.0,1.0,20.5,1.0,0.0,0.0,20.4,54.0,21.7,0.0,0.0,0.0,65.0,12.2,0.0,0.0,44.0,23.0,0.0,0.0,42.0,22.8,0.0,0.0,46.0,21.7,0.0,0.0,46.0,21.9,0.0,0.0,0.0,49.0,21.6,0.0,27.0,0.0,52.0,19.8,0.0,0.0,0.0,2.35,2.49,2.49,2.49,16.09,18.72,18.79,18.79,18.8,0.55,22.2,1.0,0.0,20.9,20.2,0.0,1.0,47.0,23.0,0.0,48.0,22.9,0.0,0.0,0.0,3.41,3.61,3.61,3.61,23.29,27.15,27.26,27.25,27.25,0.54,0.0,1.0,0.0,53.0,0.0,0.0,20.6,0.0,52.0,0.0,0.0,20.4,1.0,1.0,1.0
2022-10-18 00:08:51,17.2,1.0,1.0,20.5,1.0,0.0,0.0,20.4,54.0,21.7,0.0,0.0,0.0,65.0,12.2,0.0,0.0,44.0,23.0,0.0,0.0,42.0,22.8,0.0,0.0,46.0,21.7,0.0,0.0,46.0,21.9,0.0,0.0,0.0,49.0,21.6,0.0,27.0,0.0,52.0,19.8,0.0,0.0,0.0,2.35,2.49,2.49,2.49,16.09,18.72,18.79,18.79,18.8,0.55,22.2,1.0,0.0,20.9,20.2,0.0,1.0,47.0,23.0,0.0,48.0,22.9,0.0,0.0,0.0,3.41,3.61,3.61,3.61,23.29,27.15,27.26,27.25,27.25,0.54,0.0,1.0,0.0,53.0,0.0,0.0,20.6,0.0,52.0,0.0,0.0,20.4,1.0,1.0,1.0
2022-10-18 00:08:52,17.2,1.0,1.0,20.5,1.0,0.0,0.0,20.4,54.0,21.7,0.0,0.0,0.0,65.0,12.2,0.0,0.0,44.0,23.0,0.0,0.0,42.0,22.8,0.0,0.0,46.0,21.7,0.0,0.0,46.0,21.9,0.0,0.0,0.0,49.0,21.6,0.0,27.0,0.0,52.0,19.8,0.0,0.0,0.0,2.35,2.49,2.49,2.49,16.09,18.72,18.79,18.79,18.8,0.55,22.2,1.0,0.0,20.9,20.2,0.0,1.0,47.0,23.0,0.0,48.0,22.9,0.0,0.0,0.0,3.41,3.61,3.61,3.61,23.29,27.15,27.26,27.25,27.25,0.54,0.0,1.0,0.0,53.0,0.0,0.0,20.6,0.0,52.0,0.0,0.0,20.4,1.0,1.0,1.0
2022-10-18 00:08:53,17.2,1.0,1.0,20.5,1.0,0.0,0.0,20.4,54.0,21.7,0.0,0.0,0.0,65.0,12.2,0.0,0.0,44.0,23.0,0.0,0.0,42.0,22.8,0.0,0.0,46.0,21.7,0.0,0.0,46.0,21.9,0.0,0.0,0.0,49.0,21.6,0.0,27.0,0.0,52.0,19.8,0.0,0.0,0.0,2.35,2.49,2.49,2.49,16.09,18.72,18.79,18.79,18.8,0.55,22.2,1.0,0.0,20.9,20.2,0.0,1.0,47.0,23.0,0.0,48.0,22.9,0.0,0.0,0.0,3.41,3.61,3.61,3.61,23.29,27.15,27.26,27.25,27.25,0.54,0.0,1.0,0.0,53.0,0.0,0.0,20.6,0.0,52.0,0.0,0.0,20.4,1.0,1.0,1.0
2022-10-18 00:08:54,17.2,1.0,1.0,20.5,1.0,0.0,0.0,20.4,54.0,21.7,0.0,0.0,0.0,65.0,12.2,0.0,0.0,44.0,23.0,0.0,0.0,42.0,22.8,0.0,0.0,46.0,21.7,0.0,0.0,46.0,21.9,0.0,0.0,0.0,49.0,21.6,0.0,27.0,0.0,52.0,19.8,0.0,0.0,0.0,2.35,2.49,2.49,2.49,16.09,18.72,18.79,18.79,18.8,0.55,22.2,1.0,0.0,20.9,20.2,0.0,1.0,47.0,23.0,0.0,48.0,22.9,0.0,0.0,0.0,3.41,3.61,3.61,3.61,23.29,27.15,27.26,27.25,27.25,0.54,0.0,1.0,0.0,53.0,0.0,0.0,20.6,0.0,52.0,0.0,0.0,20.4,1.0,1.0,1.0
2022-10-18 00:08:55,17.2,1.0,1.0,20.5,1.0,0.0,0.0,20.4,54.0,21.7,0.0,0.0,0.0,65.0,12.2,0.0,0.0,44.0,23.0,0.0,0.0,42.0,22.8,0.0,0.0,46.0,21.7,0.0,0.0,46.0,21.9,0.0,0.0,0.0,49.0,21.6,0.0,27.0,0.0,52.0,19.8,0.0,0.0,0.0,2.35,2.49,2.49,2.49,16.09,18.72,18.79,18.79,18.8,0.55,22.2,1.0,0.0,20.9,20.2,0.0,1.0,47.0,23.0,0.0,48.0,22.9,0.0,0.0,0.0,3.41,3.61,3.61,3.61,23.29,27.15,27.26,27.25,27.25,0.54,0.0,1.0,0.0,53.0,0.0,0.0,20.6,0.0,52.0,0.0,0.0,20.4,1.0,1.0,1.0
2022-10-18 00:08:56,17.2,1.0,1.0,20.5,1.0,0.0,0.0,20.4,54.0,21.7,0.0,0.0,0.0,65.0,12.2,0.0,0.0,44.0,23.0,0.0,0.0,42.0,22.8,0.0,0.0,46.0,21.7,0.0,0.0,46.0,21.9,0.0,0.0,0.0,49.0,21.6,0.0,27.0,0.0,52.0,19.8,0.0,0.0,0.0,2.35,2.49,2.49,2.49,16.09,18.72,18.79,18.79,18.8,0.55,22.2,1.0,0.0,20.9,20.2,0.0,1.0,47.0,23.0,0.0,48.0,22.9,0.0,0.0,0.0,3.41,3.61,3.61,3.61,23.29,27.15,27.26,27.25,27.25,0.54,0.0,1.0,0.0,53.0,0.0,0.0,20.6,0.0,52.0,0.0,0.0,20.4,1.0,1.0,1.0
2022-10-18 00:08:57,17.2,1.0,1.0,20.5,1.0,0.0,0.0,20.4,54.0,21.7,0.0,0.0,0.0,65.0,12.2,0.0,0.0,44.0,23.0,0.0,0.0,42.0,22.8,0.0,0.0,46.0,21.7,0.0,0.0,46.0,21.9,0.0,0.0,0.0,49.0,21.6,0.0,27.0,0.0,52.0,19.8,0.0,0.0,0.0,2.35,2.49,2.49,2.49,16.09,18.72,18.79,18.79,18.8,0.55,22.2,1.0,0.0,20.9,20.2,0.0,1.0,47.0,23.0,0.0,48.0,22.9,0.0,0.0,0.0,3.41,3.61,3.61,3.61,23.29,27.15,27.26,27.25,27.25,0.54,0.0,1.0,0.0,53.0,0.0,0.0,20.6,0.0,52.0,0.0,0.0,20.4,1.0,1.0,1.0
2022-10-18 00:08:58,17.2,1.0,1.0,20.5,1.0,0.0,0.0,20.4,54.0,21.7,0.0,0.0,0.0,65.0,12.2,0.0,0.0,44.0,23.0,0.0,0.0,42.0,22.8,0.0,0.0,46.0,21.7,0.0,0.0,46.0,21.9,0.0,0.0,0.0,49.0,21.6,0.0,27.0,0.0,52.0,19.8,0.0,0.0,0.0,2.35,2.49,2.49,2.49,16.09,18.72,18.79,18.79,18.8,0.55,22.2,1.0,0.0,20.9,20.2,0.0,1.0,47.0,23.0,0.0,48.0,22.9,0.0,0.0,0.0,3.41,3.61,3.61,3.61,23.29,27.15,27.26,27.25,27.25,0.54,0.0,1.0,0.0,53.0,0.0,0.0,20.6,0.0,52.0,0.0,0.0,20.4,1.0,1.0,1.0
2022-10-18 00:08:59,17.2,1.0,1.0,20.5,1.0,0.0,0.0,20.4,54.0,21.7,0.0,0.0,0.0,65.0,12.2,0.0,0.0,44.0,23.0,0.0,0.0,42.0,22.8,0.0,0.0,46.0,21.7,0.0,0.0,46.0,21.9,0.0,0.0,0.0,49.0,21.6,0.0,27.0,0.0,52.0,19.8,0.0,0.0,0.0,2.35,2.49,2.49,2.49,16.09,18.72,18.79,18.79,18.8,0.55,22.2,1.0,0.0,20.9,20.2,0.0,1.0,47.0,23.0,0.0,48.0,22.9,0.0,0.0,0.0,3.41,3.61,3.61,3.61,23.29,27.15,27.26,27.25,27.25,0.54,0.0,1.0,0.0,53.0,0.0,0.0,20.6,0.0,52.0,0.0,0.0,20.4,1.0,1.0,1.0
2022-10-18 00:09:00,17.2,1.0,1.0,20.5,1.0,0.0,0.0,20.4,54.0,21.7,0.0,0.0,0.0,65.0,12.2,0.0,0.0,44.0,23.0,0.0,0.0,42.0,22.8,0.0,0.0,46.0,21.7,0.0,0.0,46.0,21.9,0.0,0.0,0.0,49.0,21.6,0.0,27.0,0.0,52.0,19.8,0.0,0.0,0.0,2.35,2.49,2.49,2.49,16.09,18.72,18.79,18.79,18.8,0.55,22.2,1.0,0.0,20.9,20.2,0.0,1.0,47.0,23.0,0.0,48.0,22.9,0.0,0.0,0.0,3.41,3.61,3.61,3.61,23.29,27.15,27.26,27.25,27.25,0.54,0.0,1.0,0.0,53.0,0.0,0.0,20.6,0.0,52.0,0.0,0.0,20.4,1.0,1.0,1.0
2022-10-18 00:09:01,17.2,1.0,1.0,20.5,1.0,0.0,0.0,20.4,54.0,21.7,0.0,0.0,0.0,65.0,12.2,0.0,0.0,44.0,23.0,0.0,0.0,42.0,22.8,0.0,0.0,46.0,21.7,0.0,0.0,46.0,21.9,0.0,0.0,0.0,49.0,21.6,0.0,27.0,0.0,52.0,19.8,0.0,0.0,0.0,2.35,2.49,2.49,2.49,16.09,18.72,18.79,18.79,18.8,0.55,22.2,1.0,0.0,20.9,20.2,0.0,1.0,47.0,23.0,0.0,48.0,22.9,0.0,0.0,0.0,3.41,3.61,3.61,3.61,23.29,27.15,27.26,27.25,27.25,0.54,0.0,1.0,0.0,53.0,0.0,0.0,20.6,0.0,52.0,0.0,0.0,20.4,1.0,1.0,1.0
2022-10-18 00:09:02,17.2,1.0,1.0,20.5,1.0,0.0,0.0,20.4,54.0,21.7,0.0,0.0,0.0,65.0,12.2,0.0,0.0,44.0,23.0,0.0,0.0,42.0,22.8,0.0,0.0,46.0,21.7,0.0,0.0,46.0,21.9,0.0,0.0,0.0,49.0,21.6,0.0,27.0,0.0,52.0,19.8,0.0,0.0,0.0,2.35,2.49,2.49,2.49,16.09,18.72,18.79,18.79,18.8,0.55,22.2,1.0,0.0,20.9,20.2,0.0,1.0,47.0,23.0,0.0,48.0,22.9,0.0,0.0,0.0,3.41,3.61,3.61,3.61,23.29,27.15,27.26,27.25,27.25,0.54,0.0,1.0,0.0,53.0,0.0,0.0,20.6,0.0,52.0,0.0,0.0,20.4,1.0,1.0,1.0
2022-10-18 00:09:03,17.2,1.0,1.0,20.5,1.0,0.0,0.0,20.4,54.0,21.7,0.0,0.0,0.0,65.0,12.2,0.0,0.0,44.0,23.0,0.0,0.0,42.0,22.8,0.0,0.0,46.0,21.7,0.0,0.0,46.0,21.9,0.0,0.0,0.0,49.0,21.6,0.0,27.0,0.0,52.0,19.8,0.0,0.0,0.0,2.35,2.49,2.49,2.49,16.09,18.72,18.79,18.79,18.8,0.55,22.2,1.0,0.0,20.9,20.2,0.0,1.0,47.0,23.0,0.0,48.0,22.9,0.0,0.0,0.0,3.41,3.61,3.61,3.61,23.29,27.15,27.26,27.25,27.25,0.54,0.0,1.0,0.0,53.0,0.0,0.0,20.6,0.0,52.0,0.0,0.0,20.4,1.0,1.0,1.0
2022-10-18 00:09:04,17.2,1.0,1.0,20.5,1.0,0.0,0.0,20.4,54.0,21.7,0.0,0.0,0.0,65.0,12.2,0.0,0.0,44.0,23.0,0.0,0.0,42.0,22.8,0.0,0.0,46.0,21.7,0.0,0.0,46.0,21.9,0.0,0.0,0.0,49.0,21.6,0.0,27.0,0.0,52.0,19.8,0.0,0.0,0.0,2.35,2.49,2.49,2.49,16.09,18.72,18.79,18.79,18.8,0.55,22.2,1.0,0.0,20.9,20.2,0.0,1.0,47.0,23.0,0.0,48.0,22.9,0.0,0.0,0.0,3.41,3.61,3.61,3.61,23.29,27.15,27.26,27.25,27.25,0.54,0.0,1.0,0.0,53.0,0.0,0.0,20.6,0.0,52.0,0.0,0.0,20.4,1.0,1.0,1.0
2022-10-18 00:09:05,17.2,1.0,1.0,20.5,1.0,0.0,0.0,20.4,54.0,21.7,0.0,0.0,0.0,65.0,12.2,0.0,0.0,44.0,23.0,0.0,0.0,42.0,22.8,0.0,0.0,46.0,21.7,0.0,0.0,46.0,21.9,0.0,0.0,0.0,49.0,21.6,0.0,27.0,0.0,52.0,19.8,0.0,0.0,0.0,2.35,2.49,2.49,2.49,16.09,18.72,18.79,18.79,18.8,0.55,22.2,1.0,0.0,20.9,20.2,0.0,1.0,47.0,23.0,0.0,48.0,22.9,0.0,0.0,0.0,3.41,3.61,3.61,3.61,23.29,27.15,27.26,27.25,27.25,0.54,0.0,1.0,0.0,53.0,0.0,0.0,20.6,0.0,52.0,0.0,0.0,20.4,1.0,1.0,1.0
2022-10-18 00:09:06,17.2,1.0,1.0,20.5,1.0,0.0,0.0,20.4,54.0,21.7,0.0,0.0,0.0,65.0,12.2,0.0,0.0,44.0,23.0,0.0,0.0,42.0,22.8,0.0,0.0,46.0,21.7,0.0,0.0,46.0,21.9,0.0,0.0,0.0,49.0,21.6,0.0,27.0,0.0,52.0,19.8,0.0,0.0,0.0,2.35,2.49,2.49,2.49,16.09,18.72,18.79,18.79,18.8,0.55,22.2,1.0,0.0,20.9,20.2,0.0,1.0,47.0,23.0,0.0,48.0,22.9,0.0,0.0,0.0,3.41,3.61,3.61,3.61,23.29,27.15,27.26,27.25,27.25,0.54,0.0,1.0,0.0,53.0,0.0,0.0,20.6,0.0,52.0,0.0,0.0,20.4,1.0,1.0,1.0
2022-10-18 00:09:07,17.2,1.0,1.0,20.5,1.0,0.0,0.0,20.4,54.0,21.7,0.0,0.0,0.0,65.0,12.2,0.0,0.0,44.0,23.0,0.0,0.0,42.0,22.8,0.0,0.0,46.0,21.7,0.0,0.0,46.0,21.9,0.0,0.0,0.0,49.0,21.6,0.0,27.0,0.0,52.0,19.8,0.0,0.0,0.0,2.35,2.49,2.49,2.49,16.09,18.72,18.79,18.79,18.8,0.55,22.2,1.0,0.0,20.9,20.2,0.0,1.0,47.0,23.0,0.0,48.0,22.9,0.0,0.0,0.0,3.41,3.61,3.61,3.61,23.29,27.15,27.26,27.25,27.25,0.54,0.0,1.0,0.0,53.0,0.0,0.0,20.6,0.0,52.0,0.0,0.0,20.4,1.0,1.0,1.0
2022-10-18 00:09:08,17.2,1.0,1.0,20.5,1.0,0.0,0.0,20.4,54.0,21.7,0.0,0.0,0.0,65.0,12.2,0.0,0.0,44.0,23.0,0.0,0.0,42.0,22.8,0.0,0.0,46.0,21.7,0.0,0.0,46.0,21.9,0.0,0.0,0.0,49.0,21.6,0.0,27.0,0.0,52.0,19.8,0.0,0.0,0.0,2.35,2.49,2.49,2.49,16.09,18.72,18.79,18.79,18.8,0.55,22.2,1.0,0.0,20.9,20.2,0.0,1.0,47.0,23.0,0.0,48.0,22.9,0.0,0.0,0.0,3.41,3.61,3.61,3.61,23.29,27.15,27.26,27.25,27.25,0.54,0.0,1.0,0.0,53.0,0.0,0.0,20.6,0.0,52.0,0.0,0.0,20.4,1.0,1.0,1.0
2022-10-18 00:09:09,17.2,1.0,1.0,20.5,1.0,0.0,0.0,20.4,54.0,21.7,0.0,0.0,0.0,65.0,12.2,0.0,0.0,44.0,23.0,0.0,0.0,42.0,22.8,0.0,0.0,46.0,21.7,0.0,0.0,46.0,21.9,0.0,0.0,0.0,49.0,21.6,0.0,27.0,0.0,52.0,19.8,0.0,0.0,0.0,2.35,2.49,2.49,2.49,16.09,18.72,18.79,18.79,18.8,0.55,22.2,1.0,0.0,20.9,20.2,0.0,1.0,47.0,23.0,0.0,48.0,22.9,0.0,0.0,0.0,3.41,3.61,3.61,3.61,23.29,27.15,27.26,27.25,27.25,0.54,0.0,1.0,0.0,53.0,0.0,0.0,20.6,0.0,52.0,0.0,0.0,20.4,1.0,1.0,1.0
2022-10-18 00:09:10,17.2,1.0,1.0,20.5,1.0,0.0,0.0,20.4,54.0,21.7,0.0,0.0,0.0,65.0,12.2,0.0,0.0,44.0,23.0,0.0,0.0,42.0,22.8,0.0,0.0,46.0,21.7,0.0,0.0,46.0,21.9,0.0,0.0,0.0,49.0,21.6,0.0,27.0,0.0,52.0,19.8,0.0,0.0,0.0,2.35,2.49,2.49,2.49,16.09,18.72,18.79,18.79,18.8,0.55,22.2,1.0,0.0,20.9,20.2,0.0,1.0,47.0,23.0,0.0,48.0,22.9,0.0,0.0,0.0,3.41,3.61,3.61,3.61,23.29,27.15,27.26,27.25,27.25,0.54,0.0,1.0,0.0,53.0,0.0,0.0,20.6,0.0,52.0,0.0,0.0,20.4,1.0,1.0,1.0
2022-10-18 00:09:11,17.2,1.0,1.0,20.5,1.0,0.0,0.0,20.4,54.0,21.7,0.0,0.0,0.0,65.0,12.2,0.0,0.0,44.0,23.0,0.0,0.0,42.0,22.8,0.0,0.0,46.0,21.7,0.0,0.0,46.0,21.9,0.0,0.0,0.0,49.0,21.6,0.0,27.0,0.0,52.0,19.8,0.0,0.0,0.0,2.35,2.49,2.49,2.49,16.09,18.72,18.79,18.79,18.8,0.55,22.2,1.0,0.0,20.9,20.2,0.0,1.0,47.0,23.0,0.0,48.0,22.9,0.0,0.0,0.0,3.41,3.61,3.61,3.61,23.29,27.15,27.26,27.25,27.25,0.54,0.0,1.0,0.0,53.0,0.0,0.0,20.6,0.0,52.0,0.0,0.0,20.4,1.0,1.0,1.0
2022-10-18 00:09:12,17.2,1.0,1.0,20.5,1.0,0.0,0.0,20.4,54.0,21.7,0.0,0.0,0.0,65.0,12.0,0.0,0.0,44.0,23.0,0.0,0.0,42.0,22.8,0.0,0.0,46.0,21.7,0.0,0.0,46.0,21.9,0.0,0.0,0.0,49.0,21.6,0.0,27.0,0.0,52.0,19.8,0.0,0.0,0.0,2.35,2.49,2.49,2.49,16.09,18.72,18.79,18.79,18.8,0.55,22.2,1.0,0.0,20.9,20.2,0.0,1.0,47.0,23.0,0.0,48.0,22.9,0.0,0.0,0.0,3.41,3.61,3.61,3.61,23.29,27.15,27.26,27.25,27.25,0.54,0.0,1.0,0.0,53.0,0.0,0.0,20.6,0.0,52.0,0.0,0.0,20.4,1.0,1.0,1.0
2022-10-18 00:09:13,17.2,1.0,1.0,20.5,1.0,0.0,0.0,20.4,54.0,21.7,0.0,0.0,0.0,65.0,12.0,0.0,0.0,44.0,23.0,0.0,0.0,42.0,22.8,0.0,0.0,46.0,21.7,0.0,0.0,46.0,21.9,0.0,0.0,0.0,49.0,21.6,0.0,27.0,0.0,52.0,19.8,0.0,0.0,0.0,2.35,2.49,2.49,2.49,16.09,18.72,18.79,18.79,18.8,0.55,22.2,1.0,0.0,20.9,20.2,0.0,1.0,47.0,23.0,0.0,48.0,22.9,0.0,0.0,0.0,3.41,3.61,3.61,3.61,23.29,27.15,27.26,27.25,27.25,0.54,0.0,1.0,0.0,53.0,0.0,0.0,20.6,0.0,52.0,0.0,0.0,20.4,1.0,1.0,1.0
2022-10-18 00:09:14,17.2,1.0,1.0,20.5,1.0,0.0,0.0,20.4,54.0,21.7,0.0,0.0,0.0,65.0,12.0,0.0,0.0,44.0,23.0,0.0,0.0,42.0,22.8,0.0,0.0,46.0,21.7,0.0,0.0,46.0,21.9,0.0,0.0,0.0,49.0,21.6,0.0,27.0,0.0,52.0,19.8,0.0,0.0,0.0,2.35,2.49,2.49,2.49,16.09,18.72,18.79,18.79,18.8,0.55,22.2,1.0,0.0,20.9,20.2,0.0,1.0,47.0,23.0,0.0,48.0,22.9,0.0,0.0,0.0,3.41,3.61,3.61,3.61,23.29,27.15,27.26,27.25,27.25,0.54,0.0,1.0,0.0,53.0,0.0,0.0,20.6,0.0,52.0,0.0,0.0,20.4,1.0,1.0,1.0
2022-10-18 00:09:15,17.2,1.0,1.0,20.5,1.0,0.0,0.0,20.4,54.0,21.7,0.0,0.0,0.0,65.0,12.0,0.0,0.0,44.0,23.0,0.0,0.0,42.0,22.8,0.0,0.0,46.0,21.7,0.0,0.0,46.0,21.9,0.0,0.0,0.0,49.0,21.6,0.0,27.0,0.0,52.0,19.8,0.0,0.0,0.0,2.35,2.49,2.49,2.49,16.09,18.72,18.79,18.79,18.8,0.55,22.2,1.0,0.0,20.9,20.2,0.0,1.0,47.0,23.0,0.0,48.0,22.9,0.0,0.0,0.0,3.41,3.61,3.61,3.61,23.29,27.15,27.26,27.25,27.25,0.54,0.0,1.0,0.0,53.0,0.0,0.0,20.6,0.0,52.0,0.0,0.0,20.4,1.0,1.0,1.0
2022-10-18 00:09:16,17.2,1.0,1.0,20.5,1.0,0.0,0.0,20.4,54.0,21.7,0.0,0.0,0.0,65.0,12.0,0.0,0.0,44.0,23.0,0.0,0.0,42.0,22.8,0.0,0.0,46.0,21.7,0.0,0.0,46.0,21.9,0.0,0.0,0.0,49.0,21.6,0.0,27.0,0.0,52.0,19.8,0.0,0.0,0.0,2.35,2.49,2.49,2.49,16.09,18.72,18.79,18.79,18.8,0.55,22.2,1.0,0.0,20.9,20.2,0.0,1.0,47.0,23.0,0.0,48.0,22.9,0.0,0.0,0.0,3.41,3.61,3.61,3.61,23.29,27.15,27.26,27.25,27.25,0.54,0.0,1.0,0.0,53.0,0.0,0.0,20.6,0.0,52.0,0.0,0.0,20.4,1.0,1.0,1.0
2022-10-18 00:09:17,17.2,1.0,1.0,20.5,1.0,0.0,0.0,20.4,54.0,21.7,0.0,0.0,0.0,65.0,12.0,0.0,0.0,44.0,23.0,0.0,0.0,42.0,22.8,0.0,0.0,46.0,21.7,0.0,0.0,46.0,21.9,0.0,0.0,0.0,49.0,21.6,0.0,27.0,0.0,52.0,19.8,0.0,0.0,0.0,2.35,2.49,2.49,2.49,16.09,18.72,18.79,18.79,18.8,0.55,22.2,1.0,0.0,20.9,20.2,0.0,1.0,47.0,23.0,0.0,48.0,22.9,0.0,0.0,0.0,3.41,3.61,3.61,3.61,23.29,27.15,27.26,27.25,27.25,0.54,0.0,1.0,0.0,53.0,0.0,0.0,20.6,0.0,52.0,0.0,0.0,20.4,1.0,1.0,1.0
2022-10-18 00:09:18,17.2,1.0,1.0,20.5,1.0,0.0,0.0,20.4,54.0,21.7,0.0,0.0,0.0,65.0,12.0,0.0,0.0,44.0,23.0,0.0,0.0,42.0,22.8,0.0,0.0,46.0,21.7,0.0,0.0,46.0,21.9,0.0,0.0,0.0,49.0,21.6,0.0,27.0,0.0,52.0,19.8,0.0,0.0,0.0,2.35,2.49,2.49,2.49,16.09,18.72,18.79,18.79,18.8,0.55,22.2,1.0,0.0,20.9,20.2,0.0,1.0,47.0,23.0,0.0,48.0,22.9,0.0,0.0,0.0,3.41,3.61,3.61,3.61,23.29,27.15,27.26,27.25,27.25,0.54,0.0,1.0,0.0,53.0,0.0,0.0,20.6,0.0,52.0,0.0,0.0,20.4,1.0,1.0,1.0
2022-10-18 00:09:19,17.2,1.0,1.0,20.5,1.0,0.0,0.0,20.4,54.0,21.7,0.0,0.0,0.0,65.0,12.0,0.0,0.0,44.0,23.0,0.0,0.0,42.0,22.8,0.0,0.0,46.0,21.7,0.0,0.0,46.0,21.9,0.0,0.0,0.0,49.0,21.6,0.0,27.0,0.0,52.0,19.8,0.0,0.0,0.0,2.35,2.49,2.49,2.49,16.09,18.72,18.79,18.79,18.8,0.55,22.2,1.0,0.0,20.9,20.2,0.0,1.0,47.0,23.0,0.0,48.0,22.9,0.0,0.0,0.0,3.41,3.61,3.61,3.61,23.29,27.15,27.26,27.25,27.25,0.54,0.0,1.0,0.0,53.0,0.0,0.0,20.6,0.0,52.0,0.0,0.0,20.4,1.0,1.0,1.0
2022-10-18 00:09:20,17.2,1.0,1.0,20.5,1.0,0.0,0.0,20.4,54.0,21.7,0.0,0.0,0.0,65.0,12.0,0.0,0.0,44.0,23.0,0.0,0.0,42.0,22.8,0.0,0.0,46.0,21.7,0.0,0.0,46.0,21.9,0.0,0.0,0.0,49.0,21.6,0.0,27.0,0.0,52.0,19.8,0.0,0.0,0.0,2.35,2.49,2.49,2.49,16.09,18.72,18.79,18.79,18.8,0.55,22.2,1.0,0.0,20.9,20.2,0.0,1.0,47.0,23.0,0.0,48.0,22.9,0.0,0.0,0.0,3.41,3.61,3.61,3.61,23.29,27.15,27.26,27.25,27.25,0.54,0.0,1.0,0.0,53.0,0.0,0.0,20.6,0.0,52.0,0.0,0.0,20.4,1.0,1.0,1.0
2022-10-18 00:09:21,17.2,1.0,1.0,20.5,1.0,0.0,0.0,20.4,54.0,21.7,0.0,0.0,0.0,65.0,12.0,0.0,0.0,44.0,23.0,0.0,0.0,42.0,22.8,0.0,0.0,46.0,21.7,0.0,0.0,46.0,21.9,0.0,0.0,0.0,49.0,21.6,0.0,27.0,0.0,52.0,19.8,0.0,0.0,0.0,2.35,2.49,2.49,2.49,16.09,18.72,18.79,18.79,18.8,0.55,22.2,1.0,0.0,20.9,20.2,0.0,1.0,47.0,23.0,0.0,48.0,22.9,0.0,0.0,0.0,3.41,3.61,3.61,3.61,23.29,27.15,27.26,27.25,27.25,0.54,0.0,1.0,0.0,53.0,0.0,0.0,20.6,0.0,52.0,0.0,0.0,20.4,1.0,1.0,1.0
2022-10-18 00:09:22,17.2,1.0,1.0,20.5,1.0,0.0,0.0,20.4,54.0,21.7,0.0,0.0,0.0,65.0,12.0,0.0,0.0,44.0,23.0,0.0,0.0,42.0,22.8,0.0,0.0,46.0,21.7,0.0,0.0,46.0,21.9,0.0,0.0,0.0,49.0,21.6,0.0,27.0,0.0,52.0,19.8,0.0,0.0,0.0,2.35,2.49,2.49,2.49,16.09,18.72,18.79,18.79,18.8,0.55,22.2,1.0,0.0,20.9,20.2,0.0,1.0,47.0,23.0,0.0,48.0,22.9,0.0,0.0,0.0,3.41,3.61,3.61,3.61,23.29,27.15,27.26,27.25,27.25,0.54,0.0,1.0,0.0,53.0,0.0,0.0,20.6,0.0,52.0,0.0,0.0,20.4,1.0,1.0,1.0
2022-10-18 00:09:23,17.2,1.0,1.0,20.5,1.0,0.0,0.0,20.4,54.0,21.7,0.0,0.0,0.0,65.0,12.0,0.0,0.0,44.0,23.0,0.0,0.0,42.0,22.8,0.0,0.0,46.0,21.7,0.0,0.0,46.0,21.9,0.0,0.0,0.0,49.0,21.6,0.0,27.0,0.0,52.0,19.8,0.0,0.0,0.0,2.35,2.49,2.49,2.49,16.09,18.72,18.79,18.79,18.8,0.55,22.2,1.0,0.0,20.9,20.2,0.0,1.0,47.0,23.0,0.0,48.0,22.9,0.0,0.0,0.0,3.41,3.61,3.61,3.61,23.29,27.15,27.26,27.25,27.25,0.54,0.0,1.0,0.0,53.0,0.0,0.0,20.6,0.0,52.0,0.0,0.0,20.4,1.0,1.0,1.0
2022-10-18 00:09:24,17.2,1.0,1.0,20.5,1.0,0.0,0.0,20.4,54.0,21.7,0.0,0.0,0.0,65.0,12.0,0.0,0.0,44.0,23.0,0.0,0.0,42.0,22.8,0.0,0.0,46.0,21.7,0.0,0.0,46.0,21.9,0.0,0.0,0.0,49.0,21.6,0.0,27.0,0.0,52.0,19.8,0.0,0.0,0.0,2.35,2.49,2.49,2.49,16.09,18.72,18.79,18.79,18.8,0.55,22.2,1.0,0.0,20.9,20.2,0.0,1.0,47.0,23.0,0.0,48.0,22.9,0.0,0.0,0.0,3.41,3.61,3.61,3.61,23.29,27.15,27.26,27.25,27.25,0.54,0.0,1.0,0.0,53.0,0.0,0.0,20.6,0.0,52.0,0.0,0.0,20.4,1.0,1.0,1.0
2022-10-18 00:09:25,17.2,1.0,1.0,20.5,1.0,0.0,0.0,20.4,54.0,21.7,0.0,0.0,0.0,65.0,12.0,0.0,0.0,44.0,23.0,0.0,0.0,42.0,22.8,0.0,0.0,46.0,21.7,0.0,0.0,46.0,21.9,0.0,0.0,0.0,49.0,21.6,0.0,27.0,0.0,52.0,19.8,0.0,0.0,0.0,2.35,2.49,2.49,2.49,16.09,18.72,18.79,18.79,18.8,0.55,22.2,1.0,0.0,20.9,20.2,0.0,1.0,47.0,23.0,0.0,48.0,22.9,0.0,0.0,0.0,3.41,3.61,3.61,3.61,23.29,27.15,27.26,27.25,27.25,0.54,0.0,1.0,0.0,53.0,0.0,0.0,20.6,0.0,52.0,0.0,0.0,20.4,1.0,1.0,1.0
2022-10-18 00:09:26,17.2,1.0,1.0,20.5,1.0,0.0,0.0,20.4,54.0,21.7,0.0,0.0,0.0,65.0,12.0,0.0,0.0,44.0,23.0,0.0,0.0,42.0,22.8,0.0,0.0,46.0,21.7,0.0,0.0,46.0,21.9,0.0,0.0,0.0,49.0,21.6,0.0,27.0,0.0,52.0,19.8,0.0,0.0,0.0,2.35,2.49,2.49,2.49,16.09,18.72,18.79,18.79,18.8,0.55,22.2,1.0,0.0,20.9,20.2,0.0,1.0,47.0,23.0,0.0,48.0,22.9,0.0,0.0,0.0,3.41,3.61,3.61,3.61,23.29,27.15,27.26,27.25,27.25,0.54,0.0,1.0,0.0,53.0,0.0,0.0,20.6,0.0,52.0,0.0,0.0,20.4,1.0,1.0,1.0
2022-10-18 00:09:27,17.2,1.0,1.0,20.5,1.0,0.0,0.0,20.4,54.0,21.7,0.0,0.0,0.0,65.0,12.0,0.0,0.0,44.0,23.0,0.0,0.0,42.0,22.8,0.0,0.0,46.0,21.7,0.0,0.0,46.0,21.9,0.0,0.0,0.0,49.0,21.6,0.0,27.0,0.0,52.0,19.8,0.0,0.0,0.0,2.35,2.49,2.49,2.49,16.09,18.72,18.79,18.79,18.8,0.55,22.2,1.0,0.0,20.9,20.2,0.0,1.0,47.0,23.0,0.0,48.0,22.9,0.0,0.0,0.0,3.41,3.61,3.61,3.61,23.29,27.15,27.26,27.25,27.25,0.54,0.0,1.0,0.0,53.0,0.0,0.0,20.6,0.0,52.0,0.0,0.0,20.4,1.0,1.0,1.0
2022-10-18 00:09:28,17.2,1.0,1.0,20.5,1.0,0.0,0.0,20.4,54.0,21.7,0.0,0.0,0.0,65.0,12.0,0.0,0.0,44.0,23.0,0.0,0.0,42.0,22.8,0.0,0.0,46.0,21.7,0.0,0.0,46.0,21.9,0.0,0.0,0.0,49.0,21.6,0.0,27.0,0.0,52.0,19.8,0.0,0.0,0.0,2.35,2.49,2.49,2.49,16.09,18.72,18.79,18.79,18.8,0.55,22.2,1.0,0.0,20.9,20.2,0.0,1.0,47.0,23.0,0.0,48.0,22.9,0.0,0.0,0.0,3.41,3.61,3.61,3.61,23.29,27.15,27.26,27.25,27.25,0.54,0.0,1.0,0.0,53.0,0.0,0.0,20.6,0.0,52.0,0.0,0.0,20.4,1.0,1.0,1.0
2022-10-18 00:09:29,17.2,1.0,1.0,20.5,1.0,0.0,0.0,20.4,54.0,21.7,0.0,0.0,0.0,65.0,12.0,0.0,0.0,44.0,23.0,0.0,0.0,42.0,22.8,0.0,0.0,46.0,21.7,0.0,0.0,46.0,21.9,0.0,0.0,0.0,49.0,21.6,0.0,27.0,0.0,52.0,19.8,0.0,0.0,0.0,2.35,2.49,2.49,2.49,16.09,18.72,18.79,18.79,18.8,0.55,22.2,1.0,0.0,20.9,20.2,0.0,1.0,47.0,23.0,0.0,48.0,22.9,0.0,0.0,0.0,3.41,3.61,3.61,3.61,23.29,27.15,27.26,27.25,27.25,0.54,0.0,1.0,0.0,53.0,0.0,0.0,20.6,0.0,52.0,0.0,0.0,20.4,1.0,1.0,1.0
2022-10-18 00:09:30,17.2,1.0,1.0,20.5,1.0,0.0,0.0,20.4,54.0,21.7,0.0,0.0,0.0,65.0,12.0,0.0,0.0,44.0,23.0,0.0,0.0,42.0,22.8,0.0,0.0,46.0,21.7,0.0,0.0,46.0,21.9,0.0,0.0,0.0,49.0,21.6,0.0,27.0,0.0,52.0,19.8,0.0,0.0,0.0,2.35,2.49,2.49,2.49,16.09,18.72,18.79,18.79,18.8,0.55,22.2,1.0,0.0,20.9,20.2,0.0,1.0,47.0,23.0,0.0,48.0,22.9,0.0,0.0,0.0,3.41,3.61,3.61,3.61,23.29,27.15,27.26,27.25,27.25,0.54,0.0,1.0,0.0,53.0,0.0,0.0,20.6,0.0,52.0,0.0,0.0,20.4,1.0,1.0,1.0
2022-10-18 00:09:31,17.2,1.0,1.0,20.5,1.0,0.0,0.0,20.4,54.0,21.7,0.0,0.0,0.0,65.0,12.0,0.0,0.0,44.0,23.0,0.0,0.0,42.0,22.8,0.0,0.0,46.0,21.7,0.0,0.0,46.0,21.9,0.0,0.0,0.0,49.0,21.6,0.0,27.0,0.0,52.0,19.8,0.0,0.0,0.0,2.35,2.49,2.49,2.49,16.09,18.72,18.79,18.79,18.8,0.55,22.2,1.0,0.0,20.9,20.2,0.0,1.0,47.0,23.0,0.0,48.0,22.9,0.0,0.0,0.0,3.41,3.61,3.61,3.61,23.29,27.15,27.26,27.25,27.25,0.54,0.0,1.0,0.0,53.0,0.0,0.0,20.6,0.0,52.0,0.0,0.0,20.4,1.0,1.0,1.0
2022-10-18 00:09:32,17.2,1.0,1.0,20.5,1.0,0.0,0.0,20.4,54.0,21.7,0.0,0.0,0.0,65.0,12.0,0.0,0.0,44.0,23.0,0.0,0.0,42.0,22.8,0.0,0.0,46.0,21.7,0.0,0.0,46.0,21.9,0.0,0.0,0.0,49.0,21.6,0.0,27.0,0.0,52.0,19.8,0.0,0.0,0.0,2.35,2.49,2.49,2.49,16.09,18.72,18.79,18.79,18.8,0.55,22.2,1.0,0.0,20.9,20.2,0.0,1.0,47.0,23.0,0.0,48.0,22.9,0.0,0.0,0.0,3.41,3.61,3.61,3.61,23.29,27.15,27.26,27.25,27.25,0.54,0.0,1.0,0.0,53.0,0.0,0.0,20.6,0.0,52.0,0.0,0.0,20.4,1.0,1.0,1.0
2022-10-18 00:09:33,17.2,1.0,1.0,20.5,1.0,0.0,0.0,20.4,54.0,21.7,0.0,0.0,0.0,65.0,12.0,0.0,0.0,44.0,23.0,0.0,0.0,42.0,22.8,0.0,0.0,46.0,21.7,0.0,0.0,46.0,21.9,0.0,0.0,0.0,49.0,21.6,0.0,27.0,0.0,52.0,19.8,0.0,0.0,0.0,2.35,2.49,2.49,2.49,16.09,18.72,18.79,18.79,18.8,0.55,22.2,1.0,0.0,20.9,20.2,0.0,1.0,47.0,23.0,0.0,48.0,22.9,0.0,0.0,0.0,3.41,3.61,3.61,3.61,23.29,27.15,27.26,27.25,27.25,0.54,0.0,1.0,0.0,53.0,0.0,0.0,20.6,0.0,52.0,0.0,0.0,20.4,1.0,1.0,1.0
2022-10-18 00:09:34,17.2,1.0,1.0,20.5,1.0,0.0,0.0,20.4,54.0,21.7,0.0,0.0,0.0,65.0,12.0,0.0,0.0,44.0,23.0,0.0,0.0,42.0,22.8,0.0,0.0,46.0,21.7,0.0,0.0,46.0,21.9,0.0,0.0,0.0,49.0,21.6,0.0,27.0,0.0,52.0,19.8,0.0,0.0,0.0,2.35,2.49,2.49,2.49,16.09,18.72,18.79,18.79,18.8,0.55,22.2,1.0,0.0,20.9,20.2,0.0,1.0,47.0,23.0,0.0,48.0,22.9,0.0,0.0,0.0,3.41,3.61,3.61,3.61,23.29,27.15,27.26,27.25,27.25,0.54,0.0,1.0,0.0,53.0,0.0,0.0,20.6,0.0,52.0,0.0,0.0,20.4,1.0,1.0,1.0
2022-10-18 00:09:35,17.2,1.0,1.0,20.5,1.0,0.0,0.0,20.4,54.0,21.7,0.0,0.0,0.0,65.0,12.0,0.0,0.0,44.0,23.0,0.0,0.0,42.0,22.8,0.0,0.0,46.0,21.7,0.0,0.0,46.0,21.9,0.0,0.0,0.0,49.0,21.6,0.0,27.0,0.0,52.0,19.8,0.0,0.0,0.0,2.35,2.49,2.49,2.49,16.09,18.72,18.79,18.79,18.8,0.55,22.2,1.0,0.0,20.9,20.2,0.0,1.0,47.0,23.0,0.0,48.0,22.9,0.0,0.0,0.0,3.41,3.61,3.61,3.61,23.29,27.15,27.26,27.25,27.25,0.54,0.0,1.0,0.0,53.0,0.0,0.0,20.6,0.0,52.0,0.0,0.0,20.4,1.0,1.0,1.0
2022-10-18 00:09:36,17.2,1.0,1.0,20.5,1.0,0.0,0.0,20.4,54.0,21.7,0.0,0.0,0.0,65.0,12.0,0.0,0.0,44.0,23.0,0.0,0.0,42.0,22.8,0.0,0.0,46.0,21.7,0.0,0.0,46.0,21.9,0.0,0.0,0.0,49.0,21.6,0.0,27.0,0.0,52.0,19.8,0.0,0.0,0.0,2.35,2.49,2.49,2.49,16.09,18.72,18.79,18.79,18.8,0.55,22.2,1.0,0.0,20.9,20.2,0.0,1.0,47.0,23.0,0.0,48.0,22.9,0.0,0.0,0.0,3.41,3.61,3.61,3.61,23.29,27.15,27.26,27.25,27.25,0.54,0.0,1.0,0.0,53.0,0.0,0.0,20.6,0.0,52.0,0.0,0.0,20.4,1.0,1.0,1.0
2022-10-18 00:09:37,17.2,1.0,1.0,20.5,1.0,0.0,0.0,20.4,54.0,21.7,0.0,0.0,0.0,65.0,12.0,0.0,0.0,44.0,23.0,0.0,0.0,42.0,22.8,0.0,0.0,46.0,21.7,0.0,0.0,46.0,21.9,0.0,0.0,0.0,49.0,21.6,0.0,27.0,0.0,52.0,19.8,0.0,0.0,0.0,2.35,2.49,2.49,2.49,16.09,18.72,18.79,18.79,18.8,0.55,22.2,1.0,0.0,20.9,20.2,0.0,1.0,47.0,23.0,0.0,48.0,22.9,0.0,0.0,0.0,3.41,3.61,3.61,3.61,23.29,27.15,27.26,27.25,27.25,0.54,0.0,1.0,0.0,53.0,0.0,0.0,20.6,0.0,52.0,0.0,0.0,20.4,1.0,1.0,1.0
2022-10-18 00:09:38,17.2,1.0,1.0,20.5,1.0,0.0,0.0,20.4,54.0,21.7,0.0,0.0,0.0,65.0,12.0,0.0,0.0,44.0,23.0,0.0,0.0,42.0,22.8,0.0,0.0,46.0,21.7,0.0,0.0,46.0,21.9,0.0,0.0,0.0,49.0,21.6,0.0,27.0,0.0,52.0,19.8,0.0,0.0,0.0,2.35,2.49,2.49,2.49,16.09,18.72,18.79,18.79,18.8,0.55,22.2,1.0,0.0,20.9,20.2,0.0,1.0,47.0,23.0,0.0,48.0,22.9,0.0,0.0,0.0,3.41,3.61,3.61,3.61,23.29,27.15,27.26,27.25,27.25,0.54,0.0,1.0,0.0,53.0,0.0,0.0,20.6,0.0,52.0,0.0,0.0,20.4,1.0,1.0,1.0
2022-10-18 00:09:39,17.2,1.0,1.0,20.5,1.0,0.0,0.0,20.4,54.0,21.7,0.0,0.0,0.0,65.0,12.0,0.0,0.0,44.0,23.0,0.0,0.0,42.0,22.8,0.0,0.0,46.0,21.7,0.0,0.0,46.0,21.9,0.0,0.0,0.0,49.0,21.6,0.0,27.0,0.0,52.0,19.8,0.0,0.0,0.0,2.35,2.49,2.49,2.49,16.09,18.72,18.79,18.79,18.8,0.55,22.2,1.0,0.0,20.9,20.2,0.0,1.0,47.0,23.0,0.0,48.0,22.9,0.0,0.0,0.0,3.41,3.61,3.61,3.61,23.29,27.15,27.26,27.25,27.25,0.54,0.0,1.0,0.0,53.0,0.0,0.0,20.6,0.0,52.0,0.0,0.0,20.4,1.0,1.0,1.0
2022-10-18 00:09:40,17.2,1.0,1.0,20.5,1.0,0.0,0.0,20.4,54.0,21.7,0.0,0.0,0.0,65.0,12.0,0.0,0.0,44.0,23.0,0.0,0.0,42.0,22.8,0.0,0.0,46.0,21.7,0.0,0.0,46.0,21.9,0.0,0.0,0.0,49.0,21.6,0.0,27.0,0.0,52.0,19.8,0.0,0.0,0.0,2.35,2.49,2.49,2.49,16.09,18.72,18.79,18.79,18.8,0.55,22.2,1.0,0.0,20.9,20.2,0.0,1.0,47.0,23.0,0.0,48.0,22.9,0.0,0.0,0.0,3.41,3.61,3.61,3.61,23.29,27.15,27.26,27.25,27.25,0.54,0.0,1.0,0.0,53.0,0.0,0.0,20.6,0.0,52.0,0.0,0.0,20.4,1.0,1.0,1.0
2022-10-18 00:09:41,17.2,1.0,1.0,20.5,1.0,0.0,0.0,20.4,54.0,21.7,0.0,0.0,0.0,65.0,12.0,0.0,0.0,44.0,23.0,0.0,0.0,42.0,22.8,0.0,0.0,46.0,21.7,0.0,0.0,46.0,21.9,0.0,0.0,0.0,49.0,21.6,0.0,27.0,0.0,52.0,19.8,0.0,0.0,0.0,2.35,2.49,2.49,2.49,16.09,18.72,18.79,18.79,18.8,0.55,22.2,1.0,0.0,20.9,20.2,0.0,1.0,47.0,23.0,0.0,48.0,22.9,0.0,0.0,0.0,3.41,3.61,3.61,3.61,23.29,27.15,27.26,27.25,27.25,0.54,0.0,1.0,0.0,53.0,0.0,0.0,20.6,0.0,52.0,0.0,0.0,20.4,1.0,1.0,1.0
2022-10-18 00:09:42,17.2,1.0,1.0,20.5,1.0,0.0,0.0,20.4,54.0,21.7,0.0,0.0,0.0,65.0,12.0,0.0,0.0,44.0,23.0,0.0,0.0,42.0,22.8,0.0,0.0,46.0,21.7,0.0,0.0,46.0,21.9,0.0,0.0,0.0,49.0,21.6,0.0,27.0,0.0,52.0,19.8,0.0,0.0,0.0,2.35,2.49,2.49,2.49,16.09,18.72,18.79,18.79,18.8,0.55,22.2,1.0,0.0,20.9,20.2,0.0,1.0,47.0,23.0,0.0,48.0,22.9,0.0,0.0,0.0,3.41,3.61,3.61,3.61,23.29,27.15,27.26,27.25,27.25,0.54,0.0,1.0,0.0,53.0,0.0,0.0,20.6,0.0,52.0,0.0,0.0,20.4,1.0,1.0,1.0
2022-10-18 00:09:43,17.2,1.0,1.0,20.5,1.0,0.0,0.0,20.4,54.0,21.7,0.0,0.0,0.0,65.0,12.0,0.0,0.0,44.0,23.0,0.0,0.0,42.0,22.8,0.0,0.0,46.0,21.7,0.0,0.0,46.0,21.9,0.0,0.0,0.0,49.0,21.6,0.0,27.0,0.0,52.0,19.8,0.0,0.0,0.0,2.35,2.49,2.49,2.49,16.09,18.72,18.79,18.79,18.8,0.55,22.2,1.0,0.0,20.9,20.2,0.0,1.0,47.0,23.0,0.0,48.0,22.9,0.0,0.0,0.0,3.41,3.61,3.61,3.61,23.29,27.15,27.26,27.25,27.25,0.54,0.0,1.0,0.0,53.0,0.0,0.0,20.6,0.0,52.0,0.0,0.0,20.4,1.0,1.0,1.0
2022-10-18 00:09:44,17.2,1.0,1.0,20.5,1.0,0.0,0.0,20.4,54.0,21.7,0.0,0.0,0.0,65.0,12.0,0.0,0.0,44.0,23.0,0.0,0.0,42.0,22.8,0.0,0.0,46.0,21.7,0.0,0.0,46.0,21.9,0.0,0.0,0.0,49.0,21.6,0.0,27.0,0.0,52.0,19.8,0.0,0.0,0.0,2.35,2.49,2.49,2.49,16.09,18.72,18.79,18.79,18.8,0.55,22.2,1.0,0.0,20.9,20.2,0.0,1.0,47.0,23.0,0.0,48.0,22.9,0.0,0.0,0.0,3.41,3.61,3.61,3.61,23.29,27.15,27.26,27.25,27.25,0.54,0.0,1.0,0.0,53.0,0.0,0.0,20.6,0.0,52.0,0.0,0.0,20.4,1.0,1.0,1.0
2022-10-18 00:09:45,17.2,1.0,1.0,20.5,1.0,0.0,0.0,20.4,54.0,21.7,0.0,0.0,0.0,65.0,12.0,0.0,0.0,44.0,23.0,0.0,0.0,42.0,22.8,0.0,0.0,46.0,21.7,0.0,0.0,46.0,21.9,0.0,0.0,0.0,49.0,21.6,0.0,27.0,0.0,52.0,19.8,0.0,0.0,0.0,2.35,2.49,2.49,2.49,16.09,18.72,18.79,18.79,18.8,0.55,22.2,1.0,0.0,20.9,20.2,0.0,1.0,47.0,23.0,0.0,48.0,22.9,0.0,0.0,0.0,3.41,3.61,3.61,3.61,23.29,27.15,27.26,27.25,27.25,0.54,0.0,1.0,0.0,53.0,0.0,0.0,20.6,0.0,52.0,0.0,0.0,20.4,1.0,1.0,1.0
2022-10-18 00:09:46,17.2,1.0,1.0,20.5,1.0,0.0,0.0,20.4,54.0,21.7,0.0,0.0,0.0,65.0,12.0,0.0,0.0,44.0,23.0,0.0,0.0,42.0,22.8,0.0,0.0,46.0,21.7,0.0,0.0,46.0,21.9,0.0,0.0,0.0,49.0,21.6,0.0,27.0,0.0,52.0,19.8,0.0,0.0,0.0,2.35,2.49,2.49,2.49,16.09,18.72,18.79,18.79,18.8,0.55,22.2,1.0,0.0,20.9,20.2,0.0,1.0,47.0,23.0,0.0,48.0,22.9,0.0,0.0,0.0,3.41,3.61,3.61,3.61,23.29,27.15,27.26,27.25,27.25,0.54,0.0,1.0,0.0,53.0,0.0,0.0,20.6,0.0,52.0,0.0,0.0,20.4,1.0,1.0,1.0
2022-10-18 00:09:47,17.2,1.0,1.0,20.5,1.0,0.0,0.0,20.4,54.0,21.7,0.0,0.0,0.0,65.0,12.0,0.0,0.0,44.0,23.0,0.0,0.0,42.0,22.8,0.0,0.0,46.0,21.7,0.0,0.0,46.0,21.9,0.0,0.0,0.0,49.0,21.6,0.0,27.0,0.0,52.0,19.8,0.0,0.0,0.0,2.35,2.49,2.49,2.49,16.09,18.72,18.79,18.79,18.8,0.55,22.2,1.0,0.0,20.9,20.2,0.0,1.0,47.0,23.0,0.0,48.0,22.9,0.0,0.0,0.0,3.41,3.61,3.61,3.61,23.29,27.15,27.26,27.25,27.25,0.54,0.0,1.0,0.0,53.0,0.0,0.0,20.6,0.0,52.0,0.0,0.0,20.4,1.0,1.0,1.0
2022-10-18 00:09:48,17.2,1.0,1.0,20.5,1.0,0.0,0.0,20.4,54.0,21.7,0.0,0.0,0.0,65.0,12.0,0.0,0.0,44.0,23.0,0.0,0.0,42.0,22.8,0.0,0.0,46.0,21.7,0.0,0.0,46.0,21.9,0.0,0.0,0.0,49.0,21.6,0.0,27.0,0.0,52.0,19.8,0.0,0.0,0.0,2.35,2.49,2.49,2.49,16.09,18.72,18.79,18.79,18.8,0.55,22.2,1.0,0.0,20.9,20.2,0.0,1.0,47.0,23.0,0.0,48.0,22.9,0.0,0.0,0.0,3.41,3.61,3.61,3.61,23.29,27.15,27.26,27.25,27.25,0.54,0.0,1.0,0.0,53.0,0.0,0.0,20.6,0.0,52.0,0.0,0.0,20.4,1.0,1.0,1.0
2022-10-18 00:09:49,17.2,1.0,1.0,20.5,1.0,0.0,0.0,20.4,54.0,21.7,0.0,0.0,0.0,65.0,12.0,0.0,0.0,44.0,23.0,0.0,0.0,42.0,22.8,0.0,0.0,46.0,21.7,0.0,0.0,46.0,21.9,0.0,0.0,0.0,49.0,21.6,0.0,27.0,0.0,52.0,19.8,0.0,0.0,0.0,2.35,2.49,2.49,2.49,16.09,18.72,18.79,18.79,18.8,0.55,22.2,1.0,0.0,20.9,20.2,0.0,1.0,47.0,23.0,0.0,48.0,22.9,0.0,0.0,0.0,3.41,3.61,3.61,3.61,23.29,27.15,27.26,27.25,27.25,0.54,0.0,1.0,0.0,53.0,0.0,0.0,20.6,0.0,52.0,0.0,0.0,20.4,1.0,1.0,1.0
2022-10-18 00:09:50,17.2,1.0,1.0,20.5,1.0,0.0,0.0,20.4,54.0,21.7,0.0,0.0,0.0,65.0,12.0,0.0,0.0,44.0,23.0,0.0,0.0,42.0,22.8,0.0,0.0,46.0,21.7,0.0,0.0,46.0,21.9,0.0,0.0,0.0,49.0,21.6,0.0,27.0,0.0,52.0,19.8,0.0,0.0,0.0,2.35,2.49,2.49,2.49,16.09,18.72,18.79,18.79,18.8,0.55,22.2,1.0,0.0,20.9,20.2,0.0,1.0,47.0,23.0,0.0,48.0,22.9,0.0,0.0,0.0,3.41,3.61,3.61,3.61,23.29,27.15,27.26,27.25,27.25,0.54,0.0,1.0,0.0,53.0,0.0,0.0,20.6,0.0,52.0,0.0,0.0,20.4,1.0,1.0,1.0
2022-10-18 00:09:51,17.2,1.0,1.0,20.5,1.0,0.0,0.0,20.4,54.0,21.7,0.0,0.0,0.0,65.0,12.0,0.0,0.0,44.0,23.0,0.0,0.0,42.0,22.8,0.0,0.0,46.0,21.7,0.0,0.0,46.0,21.9,0.0,0.0,0.0,49.0,21.6,0.0,27.0,0.0,52.0,19.8,0.0,0.0,0.0,2.35,2.49,2.49,2.49,16.09,18.72,18.79,18.79,18.8,0.55,22.2,1.0,0.0,20.9,20.2,0.0,1.0,47.0,23.0,0.0,48.0,22.9,0.0,0.0,0.0,3.41,3.61,3.61,3.61,23.29,27.15,27.26,27.25,27.25,0.54,0.0,1.0,0.0,53.0,0.0,0.0,20.6,0.0,52.0,0.0,0.0,20.4,1.0,1.0,1.0
2022-10-18 00:09:52,17.2,1.0,1.0,20.5,1.0,0.0,0.0,20.4,54.0,21.7,0.0,0.0,0.0,65.0,12.0,0.0,0.0,44.0,23.0,0.0,0.0,42.0,22.8,0.0,0.0,46.0,21.7,0.0,0.0,46.0,21.9,0.0,0.0,0.0,49.0,21.6,0.0,27.0,0.0,52.0,19.8,0.0,0.0,0.0,2.35,2.49,2.49,2.49,16.09,18.72,18.79,18.79,18.8,0.55,22.2,1.0,0.0,20.9,20.2,0.0,1.0,47.0,23.0,0.0,48.0,22.9,0.0,0.0,0.0,3.41,3.61,3.61,3.61,23.29,27.15,27.26,27.25,27.25,0.54,0.0,1.0,0.0,53.0,0.0,0.0,20.6,0.0,52.0,0.0,0.0,20.4,1.0,1.0,1.0
2022-10-18 00:09:53,17.2,1.0,1.0,20.5,1.0,0.0,0.0,20.4,54.0,21.7,0.0,0.0,0.0,65.0,12.0,0.0,0.0,44.0,23.0,0.0,0.0,42.0,22.8,0.0,0.0,46.0,21.7,0.0,0.0,46.0,21.9,0.0,0.0,0.0,49.0,21.6,0.0,27.0,0.0,52.0,19.8,0.0,0.0,0.0,2.35,2.49,2.49,2.49,16.09,18.72,18.79,18.79,18.8,0.55,22.2,1.0,0.0,20.9,20.2,0.0,1.0,47.0,23.0,0.0,48.0,22.9,0.0,0.0,0.0,3.41,3.61,3.61,3.61,23.29,27.15,27.26,27.25,27.25,0.54,0.0,1.0,0.0,53.0,0.0,0.0,20.6,0.0,52.0,0.0,0.0,20.4,1.0,1.0,1.0
2022-10-18 00:09:54,17.2,1.0,1.0,20.5,1.0,0.0,0.0,20.4,54.0,21.7,0.0,0.0,0.0,65.0,12.0,0.0,0.0,44.0,23.0,0.0,0.0,42.0,22.8,0.0,0.0,46.0,21.7,0.0,0.0,46.0,21.9,0.0,0.0,0.0,49.0,21.6,0.0,27.0,0.0,52.0,19.8,0.0,0.0,0.0,2.35,2.49,2.49,2.49,16.09,18.72,18.79,18.79,18.8,0.55,22.2,1.0,0.0,20.9,20.2,0.0,1.0,47.0,23.0,0.0,48.0,22.9,0.0,0.0,0.0,3.41,3.61,3.61,3.61,23.29,27.15,27.26,27.25,27.25,0.54,0.0,1.0,0.0,53.0,0.0,0.0,20.6,0.0,52.0,0.0,0.0,20.4,1.0,1.0,1.0
2022-10-18 00:09:55,17.2,1.0,1.0,20.5,1.0,0.0,0.0,20.4,54.0,21.7,0.0,0.0,0.0,65.0,12.0,0.0,0.0,44.0,23.0,0.0,0.0,42.0,22.8,0.0,0.0,46.0,21.7,0.0,0.0,46.0,21.9,0.0,0.0,0.0,49.0,21.6,0.0,27.0,0.0,52.0,19.8,0.0,0.0,0.0,2.35,2.49,2.49,2.49,16.09,18.72,18.79,18.79,18.8,0.55,22.2,1.0,0.0,20.9,20.2,0.0,1.0,47.0,23.0,0.0,48.0,22.9,0.0,0.0,0.0,3.41,3.61,3.61,3.61,23.29,27.15,27.26,27.25,27.25,0.54,0.0,1.0,0.0,53.0,0.0,0.0,20.6,0.0,52.0,0.0,0.0,20.4,1.0,1.0,1.0
2022-10-18 00:09:56,17.2,1.0,1.0,20.5,1.0,0.0,0.0,20.4,54.0,21.7,0.0,0.0,0.0,65.0,12.0,0.0,0.0,44.0,23.0,0.0,0.0,42.0,22.8,0.0,0.0,46.0,21.7,0.0,0.0,46.0,21.9,0.0,0.0,0.0,49.0,21.6,0.0,27.0,0.0,52.0,19.8,0.0,0.0,0.0,2.35,2.49,2.49,2.49,16.09,18.72,18.79,18.79,18.8,0.55,22.2,1.0,0.0,20.9,20.2,0.0,1.0,47.0,23.0,0.0,48.0,22.9,0.0,0.0,0.0,3.41,3.61,3.61,3.61,23.29,27.15,27.26,27.25,27.25,0.54,0.0,1.0,0.0,53.0,0.0,0.0,20.6,0.0,52.0,0.0,0.0,20.4,1.0,1.0,1.0
2022-10-18 00:09:57,17.2,1.0,1.0,20.5,1.0,0.0,0.0,20.4,54.0,21.7,0.0,0.0,0.0,65.0,12.0,0.0,0.0,44.0,23.0,0.0,0.0,42.0,22.8,0.0,0.0,46.0,21.7,0.0,0.0,46.0,21.9,0.0,0.0,0.0,49.0,21.6,0.0,27.0,0.0,52.0,19.8,0.0,0.0,0.0,2.35,2.49,2.49,2.49,16.09,18.72,18.79,18.79,18.8,0.55,22.2,1.0,0.0,20.9,20.2,0.0,1.0,47.0,23.0,0.0,48.0,22.9,0.0,0.0,0.0,3.41,3.61,3.61,3.61,23.29,27.15,27.26,27.25,27.25,0.54,0.0,1.0,0.0,53.0,0.0,0.0,20.6,0.0,52.0,0.0,0.0,20.4,1.0,1.0,1.0
2022-10-18 00:09:58,17.2,1.0,1.0,20.5,1.0,0.0,0.0,20.4,54.0,21.7,0.0,0.0,0.0,65.0,12.0,0.0,0.0,44.0,23.0,0.0,0.0,42.0,22.8,0.0,0.0,46.0,21.7,0.0,0.0,46.0,21.9,0.0,0.0,0.0,49.0,21.6,0.0,27.0,0.0,52.0,19.8,0.0,0.0,0.0,2.35,2.49,2.49,2.49,16.09,18.72,18.79,18.79,18.8,0.55,22.2,1.0,0.0,20.9,20.2,0.0,1.0,47.0,23.0,0.0,48.0,22.9,0.0,0.0,0.0,3.41,3.61,3.61,3.61,23.29,27.15,27.26,27.25,27.25,0.54,0.0,1.0,0.0,53.0,0.0,0.0,20.6,0.0,52.0,0.0,0.0,20.4,1.0,1.0,1.0
2022-10-18 00:09:59,17.2,1.0,1.0,20.5,1.0,0.0,0.0,20.4,54.0,21.7,0.0,0.0,0.0,65.0,12.0,0.0,0.0,44.0,23.0,0.0,0.0,42.0,22.8,0.0,0.0,46.0,21.7,0.0,0.0,46.0,21.9,0.0,0.0,0.0,49.0,21.6,0.0,27.0,0.0,52.0,19.8,0.0,0.0,0.0,2.35,2.49,2.49,2.49,16.09,18.72,18.79,18.79,18.8,0.55,22.2,1.0,0.0,20.9,20.2,0.0,1.0,47.0,23.0,0.0,48.0,22.9,0.0,0.0,0.0,3.41,3.61,3.61,3.61,23.29,27.15,27.26,27.25,27.25,0.54,0.0,1.0,0.0,53.0,0.0,0.0,20.6,0.0,52.0,0.0,0.0,20.4,1.0,1.0,1.0
2022-10-18 00:10:00,17.2,1.0,1.0,20.5,1.0,0.0,0.0,20.4,54.0,21.7,0.0,0.0,0.0,65.0,12.0,0.0,0.0,44.0,23.0,0.0,0.0,42.0,22.8,0.0,0.0,46.0,21.7,0.0,0.0,46.0,21.9,0.0,0.0,0.0,49.0,21.6,0.0,27.0,0.0,52.0,19.8,0.0,0.0,0.0,2.35,2.49,2.49,2.49,16.09,18.72,18.79,18.79,18.8,0.55,22.2,1.0,0.0,20.9,20.2,0.0,1.0,47.0,23.0,0.0,48.0,22.9,0.0,0.0,0.0,3.41,3.61,3.61,3.61,23.29,27.15,27.26,27.25,27.25,0.54,0.0,1.0,0.0,53.0,0.0,0.0,20.6,0.0,52.0,0.0,0.0,20.4,1.0,1.0,1.0
2022-10-18 00:10:01,17.2,1.0,1.0,20.5,1.0,0.0,0.0,20.4,54.0,21.7,0.0,0.0,0.0,65.0,12.0,0.0,0.0,44.0,23.0,0.0,0.0,42.0,22.8,0.0,0.0,46.0,21.7,0.0,0.0,46.0,21.9,0.0,0.0,0.0,49.0,21.6,0.0,27.0,0.0,52.0,19.8,0.0,0.0,0.0,2.35,2.49,2.49,2.49,16.09,18.72,18.79,18.79,18.8,0.55,22.2,1.0,0.0,20.9,20.2,0.0,1.0,47.0,23.0,0.0,48.0,22.9,0.0,0.0,0.0,3.41,3.61,3.61,3.61,23.29,27.15,27.26,27.25,27.25,0.54,0.0,1.0,0.0,53.0,0.0,0.0,20.6,0.0,52.0,0.0,0.0,20.4,1.0,1.0,1.0
2022-10-18 00:10:02,17.2,1.0,1.0,20.5,1.0,0.0,0.0,20.4,54.0,21.7,0.0,0.0,0.0,65.0,12.0,0.0,0.0,44.0,23.0,0.0,0.0,42.0,22.8,0.0,0.0,46.0,21.7,0.0,0.0,46.0,21.9,0.0,0.0,0.0,49.0,21.6,0.0,27.0,0.0,52.0,19.8,0.0,0.0,0.0,2.35,2.49,2.49,2.49,16.09,18.72,18.79,18.79,18.8,0.55,22.2,1.0,0.0,20.9,20.2,0.0,1.0,47.0,23.0,0.0,48.0,22.9,0.0,0.0,0.0,3.41,3.61,3.61,3.61,23.29,27.15,27.26,27.25,27.25,0.54,0.0,1.0,0.0,53.0,0.0,0.0,20.6,0.0,52.0,0.0,0.0,20.4,1.0,1.0,1.0
2022-10-18 00:10:03,17.2,1.0,1.0,20.5,1.0,0.0,0.0,20.4,54.0,21.7,0.0,0.0,0.0,65.0,12.0,0.0,0.0,44.0,23.0,0.0,0.0,42.0,22.8,0.0,0.0,46.0,21.7,0.0,0.0,46.0,21.9,0.0,0.0,0.0,49.0,21.6,0.0,27.0,0.0,52.0,19.8,0.0,0.0,0.0,2.35,2.49,2.49,2.49,16.09,18.72,18.79,18.79,18.8,0.55,22.2,1.0,0.0,20.9,20.2,0.0,1.0,47.0,23.0,0.0,48.0,22.9,0.0,0.0,0.0,3.41,3.61,3.61,3.61,23.29,27.15,27.26,27.25,27.25,0.54,0.0,1.0,0.0,53.0,0.0,0.0,20.6,0.0,52.0,0.0,0.0,20.4,1.0,1.0,1.0
2022-10-18 00:10:04,17.2,1.0,1.0,20.5,1.0,0.0,0.0,20.4,54.0,21.7,0.0,0.0,0.0,65.0,12.0,0.0,0.0,44.0,23.0,0.0,0.0,42.0,22.8,0.0,0.0,46.0,21.7,0.0,0.0,46.0,21.9,0.0,0.0,0.0,49.0,21.6,0.0,27.0,0.0,52.0,19.8,0.0,0.0,0.0,2.35,2.49,2.49,2.49,16.09,18.72,18.79,18.79,18.8,0.55,22.2,1.0,0.0,20.9,20.2,0.0,1.0,47.0,23.0,0.0,48.0,22.9,0.0,0.0,0.0,3.41,3.61,3.61,3.61,23.29,27.15,27.26,27.25,27.25,0.54,0.0,1.0,0.0,53.0,0.0,0.0,20.6,0.0,52.0,0.0,0.0,20.4,1.0,1.0,1.0
2022-10-18 00:10:05,17.2,1.0,1.0,20.5,1.0,0.0,0.0,20.4,54.0,21.7,0.0,0.0,0.0,65.0,12.0,0.0,0.0,44.0,23.0,0.0,0.0,42.0,22.8,0.0,0.0,46.0,21.7,0.0,0.0,46.0,21.9,0.0,0.0,0.0,49.0,21.6,0.0,27.0,0.0,52.0,19.8,0.0,0.0,0.0,2.35,2.49,2.49,2.49,16.09,18.72,18.79,18.79,18.8,0.55,22.2,1.0,0.0,20.9,20.2,0.0,1.0,47.0,23.0,0.0,48.0,22.9,0.0,0.0,0.0,3.41,3.61,3.61,3.61,23.29,27.15,27.26,27.25,27.25,0.54,0.0,1.0,0.0,53.0,0.0,0.0,20.6,0.0,52.0,0.0,0.0,20.4,1.0,1.0,1.0
2022-10-18 00:10:06,17.2,1.0,1.0,20.5,1.0,0.0,0.0,20.4,54.0,21.7,0.0,0.0,0.0,65.0,12.0,0.0,0.0,44.0,23.0,0.0,0.0,42.0,22.8,0.0,0.0,46.0,21.7,0.0,0.0,46.0,21.9,0.0,0.0,0.0,49.0,21.6,0.0,27.0,0.0,52.0,19.8,0.0,0.0,0.0,2.35,2.49,2.49,2.49,16.09,18.72,18.79,18.79,18.8,0.55,22.2,1.0,0.0,20.9,20.2,0.0,1.0,47.0,23.0,0.0,48.0,22.9,0.0,0.0,0.0,3.41,3.61,3.61,3.61,23.29,27.15,27.26,27.25,27.25,0.54,0.0,1.0,0.0,53.0,0.0,0.0,20.6,0.0,52.0,0.0,0.0,20.4,1.0,1.0,1.0
2022-10-18 00:10:07,17.2,1.0,1.0,20.5,1.0,0.0,0.0,20.4,54.0,21.7,0.0,0.0,0.0,65.0,12.0,0.0,0.0,44.0,23.0,0.0,0.0,42.0,22.8,0.0,0.0,46.0,21.7,0.0,0.0,46.0,21.9,0.0,0.0,0.0,49.0,21.6,0.0,27.0,0.0,52.0,19.8,0.0,0.0,0.0,2.35,2.49,2.49,2.49,16.09,18.72,18.79,18.79,18.8,0.55,22.2,1.0,0.0,20.9,20.2,0.0,1.0,47.0,23.0,0.0,48.0,22.9,0.0,0.0,0.0,3.41,3.61,3.61,3.61,23.29,27.15,27.26,27.25,27.25,0.54,0.0,1.0,0.0,53.0,0.0,0.0,20.6,0.0,52.0,0.0,0.0,20.4,1.0,1.0,1.0
2022-10-18 00:10:08,17.2,1.0,1.0,20.5,1.0,0.0,0.0,20.4,54.0,21.7,0.0,0.0,0.0,65.0,12.0,0.0,0.0,44.0,23.0,0.0,0.0,42.0,22.8,0.0,0.0,46.0,21.7,0.0,0.0,46.0,21.9,0.0,0.0,0.0,49.0,21.6,0.0,27.0,0.0,52.0,19.8,0.0,0.0,0.0,2.35,2.49,2.49,2.49,16.09,18.72,18.79,18.79,18.8,0.55,22.2,1.0,0.0,20.9,20.2,0.0,1.0,47.0,23.0,0.0,48.0,22.9,0.0,0.0,0.0,3.41,3.61,3.61,3.61,23.29,27.15,27.26,27.25,27.25,0.54,0.0,1.0,0.0,53.0,0.0,0.0,20.6,0.0,52.0,0.0,0.0,20.4,1.0,1.0,1.0
2022-10-18 00:10:09,17.2,1.0,1.0,20.5,1.0,0.0,0.0,20.4,54.0,21.7,0.0,0.0,0.0,65.0,12.0,0.0,0.0,44.0,23.0,0.0,0.0,42.0,22.8,0.0,0.0,46.0,21.7,0.0,0.0,46.0,21.9,0.0,0.0,0.0,49.0,21.6,0.0,27.0,0.0,52.0,19.8,0.0,0.0,0.0,2.35,2.49,2.49,2.49,16.09,18.72,18.79,18.79,18.8,0.55,22.2,1.0,0.0,20.9,20.2,0.0,1.0,47.0,23.0,0.0,48.0,22.9,0.0,0.0,0.0,3.41,3.61,3.61,3.61,23.29,27.15,27.26,27.25,27.25,0.54,0.0,1.0,0.0,53.0,0.0,0.0,20.6,0.0,52.0,0.0,0.0,20.4,1.0,1.0,1.0
2022-10-18 00:10:10,17.2,1.0,1.0,20.5,1.0,0.0,0.0,20.4,54.0,21.7,0.0,0.0,0.0,65.0,12.0,0.0,0.0,44.0,23.0,0.0,0.0,42.0,22.8,0.0,0.0,46.0,21.7,0.0,0.0,46.0,21.9,0.0,0.0,0.0,49.0,21.6,0.0,27.0,0.0,52.0,19.8,0.0,0.0,0.0,2.35,2.49,2.49,2.49,16.09,18.72,18.79,18.79,18.8,0.55,22.2,1.0,0.0,20.9,20.2,0.0,1.0,47.0,23.0,0.0,48.0,22.9,0.0,0.0,0.0,3.41,3.61,3.61,3.61,23.29,27.15,27.26,27.25,27.25,0.54,0.0,1.0,0.0,53.0,0.0,0.0,20.6,0.0,52.0,0.0,0.0,20.4,1.0,1.0,1.0
2022-10-18 00:10:11,17.2,1.0,1.0,20.5,1.0,0.0,0.0,20.4,54.0,21.7,0.0,0.0,0.0,65.0,12.0,0.0,0.0,44.0,23.0,0.0,0.0,42.0,22.8,0.0,0.0,46.0,21.7,0.0,0.0,46.0,21.9,0.0,0.0,0.0,49.0,21.6,0.0,27.0,0.0,52.0,19.8,0.0,0.0,0.0,2.35,2.49,2.49,2.49,16.09,18.72,18.79,18.79,18.8,0.55,22.2,1.0,0.0,20.9,20.2,0.0,1.0,47.0,23.0,0.0,48.0,22.9,0.0,0.0,0.0,3.41,3.61,3.61,3.61,23.29,27.15,27.26,27.25,27.25,0.54,0.0,1.0,0.0,53.0,0.0,0.0,20.6,0.0,52.0,0.0,0.0,20.4,1.0,1.0,1.0
2022-10-18 00:10:12,17.2,1.0,1.0,20.5,1.0,0.0,0.0,20.4,54.0,21.7,0.0,0.0,0.0,65.0,12.0,0.0,0.0,44.0,23.0,0.0,0.0,42.0,22.8,0.0,0.0,46.0,21.7,0.0,0.0,46.0,21.9,0.0,0.0,0.0,49.0,21.6,0.0,27.0,0.0,52.0,19.8,0.0,0.0,0.0,2.35,2.49,2.49,2.49,16.09,18.72,18.79,18.79,18.8,0.55,22.2,1.0,0.0,20.9,20.2,0.0,1.0,47.0,23.0,0.0,48.0,22.9,0.0,0.0,0.0,3.41,3.61,3.61,3.61,23.29,27.15,27.26,27.25,27.25,0.54,0.0,1.0,0.0,53.0,0.0,0.0,20.6,0.0,52.0,0.0,0.0,20.4,1.0,1.0,1.0
2022-10-18 00:10:13,17.2,1.0,1.0,20.5,1.0,0.0,0.0,20.4,54.0,21.7,0.0,0.0,0.0,65.0,12.0,0.0,0.0,44.0,23.0,0.0,0.0,42.0,22.8,0.0,0.0,46.0,21.7,0.0,0.0,46.0,21.9,0.0,0.0,0.0,49.0,21.6,0.0,27.0,0.0,52.0,19.8,0.0,0.0,0.0,2.35,2.49,2.49,2.49,16.09,18.72,18.79,18.79,18.8,0.55,22.2,1.0,0.0,20.9,20.2,0.0,1.0,47.0,23.0,0.0,48.0,22.9,0.0,0.0,0.0,3.41,3.61,3.61,3.61,23.29,27.15,27.26,27.25,27.25,0.54,0.0,1.0,0.0,53.0,0.0,0.0,20.6,0.0,52.0,0.0,0.0,20.4,1.0,1.0,1.0
2022-10-18 00:10:14,17.2,1.0,1.0,20.5,1.0,0.0,0.0,20.4,54.0,21.7,0.0,0.0,0.0,65.0,12.0,0.0,0.0,44.0,23.0,0.0,0.0,42.0,22.8,0.0,0.0,46.0,21.7,0.0,0.0,46.0,21.9,0.0,0.0,0.0,49.0,21.6,0.0,27.0,0.0,52.0,19.8,0.0,0.0,0.0,2.35,2.49,2.49,2.49,16.09,18.72,18.79,18.79,18.8,0.55,22.2,1.0,0.0,20.9,20.2,0.0,1.0,47.0,23.0,0.0,48.0,22.9,0.0,0.0,0.0,3.41,3.61,3.61,3.61,23.29,27.15,27.26,27.25,27.25,0.54,0.0,1.0,0.0,53.0,0.0,0.0,20.6,0.0,52.0,0.0,0.0,20.4,1.0,1.0,1.0
2022-10-18 00:10:15,17.2,1.0,1.0,20.5,1.0,0.0,0.0,20.4,54.0,21.7,0.0,0.0,0.0,65.0,12.0,0.0,0.0,44.0,23.0,0.0,0.0,42.0,22.8,0.0,0.0,46.0,21.7,0.0,0.0,46.0,21.9,0.0,0.0,0.0,49.0,21.6,0.0,27.0,0.0,52.0,19.8,0.0,0.0,0.0,2.35,2.49,2.49,2.49,16.09,18.72,18.79,18.79,18.8,0.55,22.2,1.0,0.0,20.9,20.2,0.0,1.0,47.0,23.0,0.0,48.0,22.9,0.0,0.0,0.0,3.41,3.61,3.61,3.61,23.29,27.15,27.26,27.25,27.25,0.54,0.0,1.0,0.0,53.0,0.0,0.0,20.6,0.0,52.0,0.0,0.0,20.4,1.0,1.0,1.0
2022-10-18 00:10:16,17.2,1.0,1.0,20.5,1.0,0.0,0.0,20.4,54.0,21.7,0.0,0.0,0.0,65.0,12.0,0.0,0.0,44.0,23.0,0.0,0.0,42.0,22.8,0.0,0.0,46.0,21.7,0.0,0.0,46.0,21.9,0.0,0.0,0.0,49.0,21.6,0.0,27.0,0.0,52.0,19.8,0.0,0.0,0.0,2.35,2.49,2.49,2.49,16.09,18.72,18.79,18.79,18.8,0.55,22.2,1.0,0.0,20.9,20.2,0.0,1.0,47.0,23.0,0.0,48.0,22.9,0.0,0.0,0.0,3.41,3.61,3.61,3.61,23.29,27.15,27.26,27.25,27.25,0.54,0.0,1.0,0.0,53.0,0.0,0.0,20.6,0.0,52.0,0.0,0.0,20.4,1.0,1.0,1.0
2022-10-18 00:10:17,17.2,1.0,1.0,20.5,1.0,0.0,0.0,20.4,54.0,21.7,0.0,0.0,0.0,65.0,12.0,0.0,0.0,44.0,23.0,0.0,0.0,42.0,22.8,0.0,0.0,46.0,21.7,0.0,0.0,46.0,21.9,0.0,0.0,0.0,49.0,21.6,0.0,27.0,0.0,52.0,19.8,0.0,0.0,0.0,2.35,2.49,2.49,2.49,16.09,18.72,18.79,18.79,18.8,0.55,22.2,1.0,0.0,20.9,20.2,0.0,1.0,47.0,23.0,0.0,48.0,22.9,0.0,0.0,0.0,3.41,3.61,3.61,3.61,23.29,27.15,27.26,27.25,27.25,0.54,0.0,1.0,0.0,53.0,0.0,0.0,20.6,0.0,52.0,0.0,0.0,20.4,1.0,1.0,1.0
2022-10-18 00:10:18,17.2,1.0,1.0,20.5,1.0,0.0,0.0,20.4,54.0,21.7,0.0,0.0,0.0,65.0,12.0,0.0,0.0,44.0,23.0,0.0,0.0,42.0,22.8,0.0,0.0,46.0,21.7,0.0,0.0,46.0,21.9,0.0,0.0,0.0,49.0,21.6,0.0,27.0,0.0,52.0,19.8,0.0,0.0,0.0,2.35,2.49,2.49,2.49,16.09,18.72,18.79,18.79,18.8,0.55,22.2,1.0,0.0,20.9,20.2,0.0,1.0,47.0,23.0,0.0,48.0,22.9,0.0,0.0,0.0,3.41,3.61,3.61,3.61,23.29,27.15,27.26,27.25,27.25,0.54,0.0,1.0,0.0,53.0,0.0,0.0,20.6,0.0,52.0,0.0,0.0,20.4,1.0,1.0,1.0
2022-10-18 00:10:19,17.2,1.0,1.0,20.5,1.0,0.0,0.0,20.4,54.0,21.7,0.0,0.0,0.0,65.0,12.0,0.0,0.0,44.0,23.0,0.0,0.0,42.0,22.8,0.0,0.0,46.0,21.7,0.0,0.0,46.0,21.9,0.0,0.0,0.0,49.0,21.6,0.0,27.0,0.0,52.0,19.8,0.0,0.0,0.0,2.35,2.49,2.49,2.49,16.09,18.72,18.79,18.79,18.8,0.55,22.2,1.0,0.0,20.9,20.2,0.0,1.0,47.0,23.0,0.0,48.0,22.9,0.0,0.0,0.0,3.41,3.61,3.61,3.61,23.29,27.15,27.26,27.25,27.25,0.54,0.0,1.0,0.0,53.0,0.0,0.0,20.6,0.0,52.0,0.0,0.0,20.4,1.0,1.0,1.0
2022-10-18 00:10:20,17.2,1.0,1.0,20.5,1.0,0.0,0.0,20.4,54.0,21.7,0.0,0.0,0.0,65.0,12.0,0.0,0.0,44.0,23.0,0.0,0.0,42.0,22.8,0.0,0.0,46.0,21.7,0.0,0.0,46.0,21.9,0.0,0.0,0.0,49.0,21.6,0.0,27.0,0.0,52.0,19.8,0.0,0.0,0.0,2.35,2.49,2.49,2.49,16.09,18.72,18.79,18.79,18.8,0.55,22.2,1.0,0.0,20.9,20.2,0.0,1.0,47.0,23.0,0.0,48.0,22.9,0.0,0.0,0.0,3.41,3.61,3.61,3.61,23.29,27.15,27.26,27.25,27.25,0.54,0.0,1.0,0.0,53.0,0.0,0.0,20.6,0.0,52.0,0.0,0.0,20.4,1.0,1.0,1.0
2022-10-18 00:10:21,17.2,1.0,1.0,20.5,1.0,0.0,0.0,20.4,54.0,21.7,0.0,0.0,0.0,65.0,12.0,0.0,0.0,44.0,23.0,0.0,0.0,42.0,22.8,0.0,0.0,46.0,21.7,0.0,0.0,46.0,21.9,0.0,0.0,0.0,49.0,21.6,0.0,27.0,0.0,52.0,19.8,0.0,0.0,0.0,2.35,2.49,2.49,2.49,16.09,18.72,18.79,18.79,18.8,0.55,22.2,1.0,0.0,20.9,20.2,0.0,1.0,47.0,23.0,0.0,48.0,22.9,0.0,0.0,0.0,3.41,3.61,3.61,3.61,23.29,27.15,27.26,27.25,27.25,0.54,0.0,1.0,0.0,53.0,0.0,0.0,20.6,0.0,52.0,0.0,0.0,20.4,1.0,1.0,1.0
2022-10-18 00:10:22,17.2,1.0,1.0,20.5,1.0,0.0,0.0,20.4,54.0,21.7,0.0,0.0,0.0,65.0,12.0,0.0,0.0,44.0,23.0,0.0,0.0,42.0,22.8,0.0,0.0,46.0,21.7,0.0,0.0,46.0,21.9,0.0,0.0,0.0,49.0,21.6,0.0,27.0,0.0,52.0,19.8,0.0,0.0,0.0,2.35,2.49,2.49,2.49,16.09,18.72,18.79,18.79,18.8,0.55,22.2,1.0,0.0,20.9,20.2,0.0,1.0,47.0,23.0,0.0,48.0,22.9,0.0,0.0,0.0,3.41,3.61,3.61,3.61,23.29,27.15,27.26,27.25,27.25,0.54,0.0,1.0,0.0,53.0,0.0,0.0,20.6,0.0,52.0,0.0,0.0,20.4,1.0,1.0,1.0
2022-10-18 00:10:23,17.2,1.0,1.0,20.5,1.0,0.0,0.0,20.4,54.0,21.7,0.0,0.0,0.0,65.0,12.0,0.0,0.0,44.0,23.0,0.0,0.0,42.0,22.8,0.0,0.0,46.0,21.7,0.0,0.0,46.0,21.9,0.0,0.0,0.0,49.0,21.6,0.0,27.0,0.0,52.0,19.8,0.0,0.0,0.0,2.35,2.49,2.49,2.49,16.09,18.72,18.79,18.79,18.8,0.55,22.2,1.0,0.0,20.9,20.2,0.0,1.0,47.0,23.0,0.0,48.0,22.9,0.0,0.0,0.0,3.41,3.61,3.61,3.61,23.29,27.15,27.26,27.25,27.25,0.54,0.0,1.0,0.0,53.0,0.0,0.0,20.6,0.0,52.0,0.0,0.0,20.4,1.0,1.0,1.0
2022-10-18 00:10:24,17.2,1.0,1.0,20.5,1.0,0.0,0.0,20.4,54.0,21.7,0.0,0.0,0.0,65.0,12.0,0.0,0.0,44.0,23.0,0.0,0.0,42.0,22.8,0.0,0.0,46.0,21.7,0.0,0.0,46.0,21.9,0.0,0.0,0.0,49.0,21.6,0.0,27.0,0.0,52.0,19.8,0.0,0.0,0.0,2.35,2.49,2.49,2.49,16.09,18.72,18.79,18.79,18.8,0.55,22.2,1.0,0.0,20.9,20.2,0.0,1.0,47.0,23.0,0.0,48.0,22.9,0.0,0.0,0.0,3.41,3.61,3.61,3.61,23.29,27.15,27.26,27.25,27.25,0.54,0.0,1.0,0.0,53.0,0.0,0.0,20.6,0.0,52.0,0.0,0.0,20.4,1.0,1.0,1.0
2022-10-18 00:10:25,17.2,1.0,1.0,20.5,1.0,0.0,0.0,20.4,54.0,21.7,0.0,0.0,0.0,65.0,12.0,0.0,0.0,44.0,23.0,0.0,0.0,42.0,22.8,0.0,0.0,46.0,21.7,0.0,0.0,46.0,21.9,0.0,0.0,0.0,49.0,21.6,0.0,27.0,0.0,52.0,19.8,0.0,0.0,0.0,2.35,2.49,2.49,2.49,16.09,18.72,18.79,18.79,18.8,0.55,22.2,1.0,0.0,20.9,20.2,0.0,1.0,47.0,23.0,0.0,48.0,22.9,0.0,0.0,0.0,3.41,3.61,3.61,3.61,23.29,27.15,27.26,27.25,27.25,0.54,0.0,1.0,0.0,53.0,0.0,0.0,20.6,0.0,52.0,0.0,0.0,20.4,1.0,1.0,1.0
2022-10-18 00:10:26,17.2,1.0,1.0,20.5,1.0,0.0,0.0,20.4,54.0,21.7,0.0,0.0,0.0,65.0,12.0,0.0,0.0,44.0,23.0,0.0,0.0,42.0,22.8,0.0,0.0,46.0,21.7,0.0,0.0,46.0,21.9,0.0,0.0,0.0,49.0,21.6,0.0,27.0,0.0,52.0,19.8,0.0,0.0,0.0,2.35,2.49,2.49,2.49,16.09,18.72,18.79,18.79,18.8,0.55,22.2,1.0,0.0,20.9,20.2,0.0,1.0,47.0,23.0,0.0,48.0,22.9,0.0,0.0,0.0,3.41,3.61,3.61,3.61,23.29,27.15,27.26,27.25,27.25,0.54,0.0,1.0,0.0,53.0,0.0,0.0,20.6,0.0,52.0,0.0,0.0,20.4,1.0,1.0,1.0
2022-10-18 00:10:27,17.2,1.0,1.0,20.5,1.0,0.0,0.0,20.4,54.0,21.7,0.0,0.0,0.0,65.0,12.0,0.0,0.0,44.0,23.0,0.0,0.0,42.0,22.8,0.0,0.0,46.0,21.7,0.0,0.0,46.0,21.9,0.0,0.0,0.0,49.0,21.6,0.0,27.0,0.0,52.0,19.8,0.0,0.0,0.0,2.35,2.49,2.49,2.49,16.09,18.72,18.79,18.79,18.8,0.55,22.2,1.0,0.0,20.9,20.2,0.0,1.0,47.0,23.0,0.0,48.0,22.9,0.0,0.0,0.0,3.41,3.61,3.61,3.61,23.29,27.15,27.26,27.25,27.25,0.54,0.0,1.0,0.0,53.0,0.0,0.0,20.6,0.0,52.0,0.0,0.0,20.4,1.0,1.0,1.0
2022-10-18 00:10:28,17.2,1.0,1.0,20.5,1.0,0.0,0.0,20.4,54.0,21.7,0.0,0.0,0.0,65.0,12.0,0.0,0.0,44.0,23.0,0.0,0.0,42.0,22.8,0.0,0.0,46.0,21.7,0.0,0.0,46.0,21.9,0.0,0.0,0.0,49.0,21.6,0.0,27.0,0.0,52.0,19.8,0.0,0.0,0.0,2.35,2.49,2.49,2.49,16.09,18.72,18.79,18.79,18.8,0.55,22.2,1.0,0.0,20.9,20.2,0.0,1.0,47.0,23.0,0.0,48.0,22.9,0.0,0.0,0.0,3.41,3.61,3.61,3.61,23.29,27.15,27.26,27.25,27.25,0.54,0.0,1.0,0.0,53.0,0.0,0.0,20.6,0.0,52.0,0.0,0.0,20.4,1.0,1.0,1.0
2022-10-18 00:10:29,17.2,1.0,1.0,20.5,1.0,0.0,0.0,20.4,54.0,21.7,0.0,0.0,0.0,65.0,12.0,0.0,0.0,44.0,23.0,0.0,0.0,42.0,22.8,0.0,0.0,46.0,21.7,0.0,0.0,46.0,21.9,0.0,0.0,0.0,49.0,21.6,0.0,27.0,0.0,52.0,19.8,0.0,0.0,0.0,2.35,2.49,2.49,2.49,16.09,18.72,18.79,18.79,18.8,0.55,22.2,1.0,0.0,20.9,20.2,0.0,1.0,47.0,23.0,0.0,48.0,22.9,0.0,0.0,0.0,3.41,3.61,3.61,3.61,23.29,27.15,27.26,27.25,27.25,0.54,0.0,1.0,0.0,53.0,0.0,0.0,20.6,0.0,52.0,0.0,0.0,20.4,1.0,1.0,1.0
2022-10-18 00:10:30,17.2,1.0,1.0,20.5,1.0,0.0,0.0,20.4,54.0,21.7,0.0,0.0,0.0,65.0,12.0,0.0,0.0,44.0,23.0,0.0,0.0,42.0,22.8,0.0,0.0,46.0,21.7,0.0,0.0,46.0,21.9,0.0,0.0,0.0,49.0,21.6,0.0,27.0,0.0,52.0,19.8,0.0,0.0,0.0,2.35,2.49,2.49,2.49,16.09,18.72,18.79,18.79,18.8,0.55,22.2,1.0,0.0,20.9,20.2,0.0,1.0,47.0,23.0,0.0,48.0,22.9,0.0,0.0,0.0,3.41,3.61,3.61,3.61,23.29,27.15,27.26,27.25,27.25,0.54,0.0,1.0,0.0,53.0,0.0,0.0,20.6,0.0,52.0,0.0,0.0,20.4,1.0,1.0,1.0
2022-10-18 00:10:31,17.2,1.0,1.0,20.5,1.0,0.0,0.0,20.4,54.0,21.7,0.0,0.0,0.0,65.0,12.0,0.0,0.0,44.0,23.0,0.0,0.0,42.0,22.8,0.0,0.0,46.0,21.7,0.0,0.0,46.0,21.9,0.0,0.0,0.0,49.0,21.6,0.0,27.0,0.0,52.0,19.8,0.0,0.0,0.0,2.35,2.49,2.49,2.49,16.09,18.72,18.79,18.79,18.8,0.55,22.2,1.0,0.0,20.9,20.2,0.0,1.0,47.0,23.0,0.0,48.0,22.9,0.0,0.0,0.0,3.41,3.61,3.61,3.61,23.29,27.15,27.26,27.25,27.25,0.54,0.0,1.0,0.0,53.0,0.0,0.0,20.6,0.0,52.0,0.0,0.0,20.4,1.0,1.0,1.0
2022-10-18 00:10:32,17.2,1.0,1.0,20.5,1.0,0.0,0.0,20.4,54.0,21.7,0.0,0.0,0.0,65.0,12.0,0.0,0.0,44.0,23.0,0.0,0.0,42.0,22.8,0.0,0.0,46.0,21.7,0.0,0.0,46.0,21.9,0.0,0.0,0.0,49.0,21.6,0.0,27.0,0.0,52.0,19.8,0.0,0.0,0.0,2.35,2.49,2.49,2.49,16.09,18.72,18.79,18.79,18.8,0.55,22.2,1.0,0.0,20.9,20.2,0.0,1.0,47.0,23.0,0.0,48.0,22.9,0.0,0.0,0.0,3.41,3.61,3.61,3.61,23.29,27.15,27.26,27.25,27.25,0.54,0.0,1.0,0.0,53.0,0.0,0.0,20.6,0.0,52.0,0.0,0.0,20.4,1.0,1.0,1.0
2022-10-18 00:10:33,17.2,1.0,1.0,20.5,1.0,0.0,0.0,20.4,54.0,21.7,0.0,0.0,0.0,65.0,12.0,0.0,0.0,44.0,23.0,0.0,0.0,42.0,22.8,0.0,0.0,46.0,21.7,0.0,0.0,46.0,21.9,0.0,0.0,0.0,49.0,21.6,0.0,27.0,0.0,52.0,19.8,0.0,0.0,0.0,2.35,2.49,2.49,2.49,16.09,18.72,18.79,18.79,18.8,0.55,22.2,1.0,0.0,20.9,20.2,0.0,1.0,47.0,23.0,0.0,48.0,22.9,0.0,0.0,0.0,3.41,3.61,3.61,3.61,23.29,27.15,27.26,27.25,27.25,0.54,0.0,1.0,0.0,53.0,0.0,0.0,20.6,0.0,52.0,0.0,0.0,20.4,1.0,1.0,1.0
2022-10-18 00:10:34,17.2,1.0,1.0,20.5,1.0,0.0,0.0,20.4,54.0,21.7,0.0,0.0,0.0,65.0,12.0,0.0,0.0,44.0,23.0,0.0,0.0,42.0,22.8,0.0,0.0,46.0,21.7,0.0,0.0,46.0,21.9,0.0,0.0,0.0,49.0,21.6,0.0,27.0,0.0,52.0,19.8,0.0,0.0,0.0,2.35,2.49,2.49,2.49,16.09,18.72,18.79,18.79,18.8,0.55,22.2,1.0,0.0,20.9,20.2,0.0,1.0,47.0,23.0,0.0,48.0,22.9,0.0,0.0,0.0,3.41,3.61,3.61,3.61,23.29,27.15,27.26,27.25,27.25,0.54,0.0,1.0,0.0,53.0,0.0,0.0,20.6,0.0,52.0,0.0,0.0,20.4,1.0,1.0,1.0
2022-10-18 00:10:35,17.2,1.0,1.0,20.5,1.0,0.0,0.0,20.4,54.0,21.7,0.0,0.0,0.0,65.0,12.0,0.0,0.0,44.0,23.0,0.0,0.0,42.0,22.8,0.0,0.0,46.0,21.7,0.0,0.0,46.0,21.9,0.0,0.0,0.0,49.0,21.6,0.0,27.0,0.0,52.0,19.8,0.0,0.0,0.0,2.35,2.49,2.49,2.49,16.09,18.72,18.79,18.79,18.8,0.55,22.2,1.0,0.0,20.9,20.2,0.0,1.0,47.0,23.0,0.0,48.0,22.9,0.0,0.0,0.0,3.41,3.61,3.61,3.61,23.29,27.15,27.26,27.25,27.25,0.54,0.0,1.0,0.0,53.0,0.0,0.0,20.6,0.0,52.0,0.0,0.0,20.4,1.0,1.0,1.0
2022-10-18 00:10:36,17.2,1.0,1.0,20.5,1.0,0.0,0.0,20.4,54.0,21.7,0.0,0.0,0.0,65.0,12.0,0.0,0.0,44.0,23.0,0.0,0.0,42.0,22.8,0.0,0.0,46.0,21.7,0.0,0.0,46.0,21.9,0.0,0.0,0.0,49.0,21.6,0.0,27.0,0.0,52.0,19.8,0.0,0.0,0.0,2.35,2.49,2.49,2.49,16.09,18.72,18.79,18.79,18.8,0.55,22.2,1.0,0.0,20.9,20.2,0.0,1.0,47.0,23.0,0.0,48.0,22.9,0.0,0.0,0.0,3.41,3.61,3.61,3.61,23.29,27.15,27.26,27.25,27.25,0.54,0.0,1.0,0.0,53.0,0.0,0.0,20.6,0.0,52.0,0.0,0.0,20.4,1.0,1.0,1.0
2022-10-18 00:10:37,17.2,1.0,1.0,20.5,1.0,0.0,0.0,20.4,54.0,21.7,0.0,0.0,0.0,65.0,12.0,0.0,0.0,44.0,23.0,0.0,0.0,42.0,22.8,0.0,0.0,46.0,21.7,0.0,0.0,46.0,21.9,0.0,0.0,0.0,49.0,21.6,0.0,27.0,0.0,52.0,19.8,0.0,0.0,0.0,2.35,2.49,2.49,2.49,16.09,18.72,18.79,18.79,18.8,0.55,22.2,1.0,0.0,20.9,20.2,0.0,1.0,47.0,23.0,0.0,48.0,22.9,0.0,0.0,0.0,3.41,3.61,3.61,3.61,23.29,27.15,27.26,27.25,27.25,0.54,0.0,1.0,0.0,53.0,0.0,0.0,20.6,0.0,52.0,0.0,0.0,20.4,1.0,1.0,1.0
2022-10-18 00:10:38,17.2,1.0,1.0,20.5,1.0,0.0,0.0,20.4,54.0,21.7,0.0,0.0,0.0,65.0,12.0,0.0,0.0,44.0,23.0,0.0,0.0,42.0,22.8,0.0,0.0,46.0,21.7,0.0,0.0,46.0,21.9,0.0,0.0,0.0,49.0,21.6,0.0,27.0,0.0,52.0,19.8,0.0,0.0,0.0,2.35,2.49,2.49,2.49,16.09,18.72,18.79,18.79,18.8,0.55,22.2,1.0,0.0,20.9,20.2,0.0,1.0,47.0,23.0,0.0,48.0,22.9,0.0,0.0,0.0,3.41,3.61,3.61,3.61,23.29,27.15,27.26,27.25,27.25,0.54,0.0,1.0,0.0,53.0,0.0,0.0,20.6,0.0,52.0,0.0,0.0,20.4,1.0,1.0,1.0
2022-10-18 00:10:39,17.2,1.0,1.0,20.5,1.0,0.0,0.0,20.4,54.0,21.7,0.0,0.0,0.0,65.0,12.0,0.0,0.0,44.0,23.0,0.0,0.0,42.0,22.8,0.0,0.0,46.0,21.7,0.0,0.0,46.0,21.9,0.0,0.0,0.0,49.0,21.6,0.0,27.0,0.0,52.0,19.8,0.0,0.0,0.0,2.35,2.49,2.49,2.49,16.09,18.72,18.79,18.79,18.8,0.55,22.2,1.0,0.0,20.9,20.2,0.0,1.0,47.0,23.0,0.0,48.0,22.9,0.0,0.0,0.0,3.41,3.61,3.61,3.61,23.29,27.15,27.26,27.25,27.25,0.54,0.0,1.0,0.0,53.0,0.0,0.0,20.6,0.0,52.0,0.0,0.0,20.4,1.0,1.0,1.0
2022-10-18 00:10:40,17.1,1.0,1.0,20.5,1.0,0.0,0.0,20.4,54.0,21.7,0.0,0.0,0.0,65.0,12.0,0.0,0.0,44.0,23.0,0.0,0.0,42.0,22.8,0.0,0.0,46.0,21.7,0.0,0.0,46.0,21.9,0.0,0.0,0.0,49.0,21.6,0.0,27.0,0.0,52.0,19.8,0.0,0.0,0.0,2.35,2.49,2.49,2.49,16.09,18.72,18.79,18.79,18.8,0.55,22.2,1.0,0.0,20.9,20.2,0.0,1.0,47.0,23.0,0.0,48.0,22.9,0.0,0.0,0.0,3.41,3.61,3.61,3.61,23.29,27.15,27.26,27.25,27.25,0.54,0.0,1.0,0.0,53.0,0.0,0.0,20.6,0.0,52.0,0.0,0.0,20.4,1.0,1.0,1.0
2022-10-18 00:10:41,17.1,1.0,1.0,20.5,1.0,0.0,0.0,20.4,54.0,21.7,0.0,0.0,0.0,65.0,12.0,0.0,0.0,44.0,23.0,0.0,0.0,42.0,22.8,0.0,0.0,46.0,21.7,0.0,0.0,46.0,21.9,0.0,0.0,0.0,49.0,21.6,0.0,27.0,0.0,52.0,19.8,0.0,0.0,0.0,2.35,2.49,2.49,2.49,16.09,18.72,18.79,18.79,18.8,0.55,22.2,1.0,0.0,20.9,20.2,0.0,1.0,47.0,23.0,0.0,48.0,22.9,0.0,0.0,0.0,3.41,3.61,3.61,3.61,23.29,27.15,27.26,27.25,27.25,0.54,0.0,1.0,0.0,53.0,0.0,0.0,20.6,0.0,52.0,0.0,0.0,20.4,1.0,1.0,1.0
2022-10-18 00:10:42,17.1,1.0,1.0,20.5,1.0,0.0,0.0,20.4,54.0,21.7,0.0,0.0,0.0,65.0,12.0,0.0,0.0,44.0,23.0,0.0,0.0,42.0,22.8,0.0,0.0,46.0,21.7,0.0,0.0,46.0,21.9,0.0,0.0,0.0,49.0,21.6,0.0,27.0,0.0,52.0,19.8,0.0,0.0,0.0,2.35,2.49,2.49,2.49,16.09,18.72,18.79,18.79,18.8,0.55,22.2,1.0,0.0,20.9,20.2,0.0,1.0,47.0,23.0,0.0,48.0,22.9,0.0,0.0,0.0,3.41,3.61,3.61,3.61,23.29,27.15,27.26,27.25,27.25,0.54,0.0,1.0,0.0,53.0,0.0,0.0,20.6,0.0,52.0,0.0,0.0,20.4,1.0,1.0,1.0
2022-10-18 00:10:43,17.1,1.0,1.0,20.5,1.0,0.0,0.0,20.4,54.0,21.7,0.0,0.0,0.0,65.0,12.0,0.0,0.0,44.0,23.0,0.0,0.0,42.0,22.8,0.0,0.0,46.0,21.7,0.0,0.0,46.0,21.9,0.0,0.0,0.0,49.0,21.6,0.0,27.0,0.0,52.0,19.8,0.0,0.0,0.0,2.35,2.49,2.49,2.49,16.09,18.72,18.79,18.79,18.8,0.55,22.2,1.0,0.0,20.9,20.2,0.0,1.0,47.0,23.0,0.0,48.0,22.9,0.0,0.0,0.0,3.41,3.61,3.61,3.61,23.29,27.15,27.26,27.25,27.25,0.54,0.0,1.0,0.0,53.0,0.0,0.0,20.6,0.0,52.0,0.0,0.0,20.4,1.0,1.0,1.0
2022-10-18 00:10:44,17.1,1.0,1.0,20.5,1.0,0.0,0.0,20.4,54.0,21.7,0.0,0.0,0.0,65.0,12.0,0.0,0.0,44.0,23.0,0.0,0.0,42.0,22.8,0.0,0.0,46.0,21.7,0.0,0.0,46.0,21.9,0.0,0.0,0.0,49.0,21.6,0.0,27.0,0.0,52.0,19.8,0.0,0.0,0.0,2.35,2.49,2.49,2.49,16.09,18.72,18.79,18.79,18.8,0.55,22.2,1.0,0.0,20.9,20.2,0.0,1.0,47.0,23.0,0.0,48.0,22.9,0.0,0.0,0.0,3.41,3.61,3.61,3.61,23.29,27.15,27.26,27.25,27.25,0.54,0.0,1.0,0.0,53.0,0.0,0.0,20.6,0.0,52.0,0.0,0.0,20.4,1.0,1.0,1.0
2022-10-18 00:10:45,17.1,1.0,1.0,20.5,1.0,0.0,0.0,20.4,54.0,21.7,0.0,0.0,0.0,65.0,12.0,0.0,0.0,44.0,23.0,0.0,0.0,42.0,22.8,0.0,0.0,46.0,21.7,0.0,0.0,46.0,21.9,0.0,0.0,0.0,49.0,21.6,0.0,27.0,0.0,52.0,19.8,0.0,0.0,0.0,2.35,2.49,2.49,2.49,16.09,18.72,18.79,18.79,18.8,0.55,22.2,1.0,0.0,20.9,20.2,0.0,1.0,47.0,23.0,0.0,48.0,22.9,0.0,0.0,0.0,3.41,3.61,3.61,3.61,23.29,27.15,27.26,27.25,27.25,0.54,0.0,1.0,0.0,53.0,0.0,0.0,20.6,0.0,52.0,0.0,0.0,20.4,1.0,1.0,1.0
2022-10-18 00:10:46,17.1,1.0,1.0,20.5,1.0,0.0,0.0,20.4,54.0,21.7,0.0,0.0,0.0,65.0,12.0,0.0,0.0,44.0,23.0,0.0,0.0,42.0,22.8,0.0,0.0,46.0,21.7,0.0,0.0,46.0,21.9,0.0,0.0,0.0,49.0,21.6,0.0,27.0,0.0,52.0,19.8,0.0,0.0,0.0,2.35,2.49,2.49,2.49,16.09,18.72,18.79,18.79,18.8,0.55,22.2,1.0,0.0,20.9,20.2,0.0,1.0,47.0,23.0,0.0,48.0,22.9,0.0,0.0,0.0,3.41,3.61,3.61,3.61,23.29,27.15,27.26,27.25,27.25,0.54,0.0,1.0,0.0,53.0,0.0,0.0,20.6,0.0,52.0,0.0,0.0,20.4,1.0,1.0,1.0
2022-10-18 00:10:47,17.1,1.0,1.0,20.5,1.0,0.0,0.0,20.4,54.0,21.7,0.0,0.0,0.0,65.0,12.0,0.0,0.0,44.0,23.0,0.0,0.0,42.0,22.8,0.0,0.0,46.0,21.7,0.0,0.0,46.0,21.9,0.0,0.0,0.0,49.0,21.6,0.0,27.0,0.0,52.0,19.8,0.0,0.0,0.0,2.35,2.49,2.49,2.49,16.09,18.72,18.79,18.79,18.8,0.55,22.2,1.0,0.0,20.9,20.2,0.0,1.0,47.0,23.0,0.0,48.0,22.9,0.0,0.0,0.0,3.41,3.61,3.61,3.61,23.29,27.15,27.26,27.25,27.25,0.54,0.0,1.0,0.0,53.0,0.0,0.0,20.6,0.0,52.0,0.0,0.0,20.4,1.0,1.0,1.0
2022-10-18 00:10:48,17.1,1.0,1.0,20.5,1.0,0.0,0.0,20.4,54.0,21.7,0.0,0.0,0.0,65.0,12.0,0.0,0.0,44.0,23.0,0.0,0.0,42.0,22.8,0.0,0.0,46.0,21.7,0.0,0.0,46.0,21.9,0.0,0.0,0.0,49.0,21.6,0.0,27.0,0.0,52.0,19.8,0.0,0.0,0.0,2.35,2.49,2.49,2.49,16.09,18.72,18.79,18.79,18.8,0.55,22.2,1.0,0.0,20.9,20.2,0.0,1.0,47.0,23.0,0.0,48.0,22.9,0.0,0.0,0.0,3.41,3.61,3.61,3.61,23.29,27.15,27.26,27.25,27.25,0.54,0.0,1.0,0.0,53.0,0.0,0.0,20.6,0.0,52.0,0.0,0.0,20.4,1.0,1.0,1.0
2022-10-18 00:10:49,17.1,1.0,1.0,20.5,1.0,0.0,0.0,20.4,54.0,21.7,0.0,0.0,0.0,65.0,12.0,0.0,0.0,44.0,23.0,0.0,0.0,42.0,22.8,0.0,0.0,46.0,21.7,0.0,0.0,46.0,21.9,0.0,0.0,0.0,49.0,21.6,0.0,27.0,0.0,52.0,19.8,0.0,0.0,0.0,2.35,2.49,2.49,2.49,16.09,18.72,18.79,18.79,18.8,0.55,22.2,1.0,0.0,20.9,20.2,0.0,1.0,47.0,23.0,0.0,48.0,22.9,0.0,0.0,0.0,3.41,3.61,3.61,3.61,23.29,27.15,27.26,27.25,27.25,0.54,0.0,1.0,0.0,53.0,0.0,0.0,20.6,0.0,52.0,0.0,0.0,20.4,1.0,1.0,1.0
2022-10-18 00:10:50,17.1,1.0,1.0,20.5,1.0,0.0,0.0,20.4,54.0,21.7,0.0,0.0,0.0,65.0,12.0,0.0,0.0,44.0,23.0,0.0,0.0,42.0,22.8,0.0,0.0,46.0,21.7,0.0,0.0,46.0,21.9,0.0,0.0,0.0,49.0,21.6,0.0,27.0,0.0,52.0,19.8,0.0,0.0,0.0,2.35,2.49,2.49,2.49,16.09,18.72,18.79,18.79,18.8,0.55,22.2,1.0,0.0,20.9,20.2,0.0,1.0,47.0,23.0,0.0,48.0,22.9,0.0,0.0,0.0,3.41,3.61,3.61,3.61,23.29,27.15,27.26,27.25,27.25,0.54,0.0,1.0,0.0,53.0,0.0,0.0,20.6,0.0,52.0,0.0,0.0,20.4,1.0,1.0,1.0
2022-10-18 00:10:51,17.1,1.0,1.0,20.5,1.0,0.0,0.0,20.4,54.0,21.7,0.0,0.0,0.0,65.0,12.0,0.0,0.0,44.0,23.0,0.0,0.0,42.0,22.8,0.0,0.0,46.0,21.7,0.0,0.0,46.0,21.9,0.0,0.0,0.0,49.0,21.6,0.0,27.0,0.0,52.0,19.8,0.0,0.0,0.0,2.35,2.49,2.49,2.49,16.09,18.72,18.79,18.79,18.8,0.55,22.2,1.0,0.0,20.9,20.2,0.0,1.0,47.0,23.0,0.0,48.0,22.9,0.0,0.0,0.0,3.41,3.61,3.61,3.61,23.29,27.15,27.26,27.25,27.25,0.54,0.0,1.0,0.0,53.0,0.0,0.0,20.6,0.0,52.0,0.0,0.0,20.4,1.0,1.0,1.0
2022-10-18 00:10:52,17.1,1.0,1.0,20.5,1.0,0.0,0.0,20.4,54.0,21.7,0.0,0.0,0.0,65.0,12.0,0.0,0.0,44.0,23.0,0.0,0.0,42.0,22.8,0.0,0.0,46.0,21.7,0.0,0.0,46.0,21.9,0.0,0.0,0.0,49.0,21.6,0.0,27.0,0.0,52.0,19.8,0.0,0.0,0.0,2.35,2.49,2.49,2.49,16.09,18.72,18.79,18.79,18.8,0.55,22.2,1.0,0.0,20.9,20.2,0.0,1.0,47.0,23.0,0.0,48.0,22.9,0.0,0.0,0.0,3.41,3.61,3.61,3.61,23.29,27.15,27.26,27.25,27.25,0.54,0.0,1.0,0.0,53.0,0.0,0.0,20.6,0.0,52.0,0.0,0.0,20.4,1.0,1.0,1.0
2022-10-18 00:10:53,17.1,1.0,1.0,20.5,1.0,0.0,0.0,20.4,54.0,21.7,0.0,0.0,0.0,65.0,12.0,0.0,0.0,44.0,23.0,0.0,0.0,42.0,22.8,0.0,0.0,46.0,21.7,0.0,0.0,46.0,21.9,0.0,0.0,0.0,49.0,21.6,0.0,27.0,0.0,52.0,19.8,0.0,0.0,0.0,2.35,2.49,2.49,2.49,16.09,18.72,18.79,18.79,18.8,0.55,22.2,1.0,0.0,20.9,20.2,0.0,1.0,47.0,23.0,0.0,48.0,22.9,0.0,0.0,0.0,3.41,3.61,3.61,3.61,23.29,27.15,27.26,27.25,27.25,0.54,0.0,1.0,0.0,53.0,0.0,0.0,20.6,0.0,52.0,0.0,0.0,20.4,1.0,1.0,1.0
2022-10-18 00:10:54,17.1,1.0,1.0,20.5,1.0,0.0,0.0,20.4,54.0,21.7,0.0,0.0,0.0,65.0,12.0,0.0,0.0,44.0,23.0,0.0,0.0,42.0,22.8,0.0,0.0,46.0,21.7,0.0,0.0,46.0,21.9,0.0,0.0,0.0,49.0,21.6,0.0,27.0,0.0,52.0,19.8,0.0,0.0,0.0,2.35,2.49,2.49,2.49,16.09,18.72,18.79,18.79,18.8,0.55,22.2,1.0,0.0,20.9,20.2,0.0,1.0,47.0,23.0,0.0,48.0,22.9,0.0,0.0,0.0,3.41,3.61,3.61,3.61,23.29,27.15,27.26,27.25,27.25,0.54,0.0,1.0,0.0,53.0,0.0,0.0,20.6,0.0,52.0,0.0,0.0,20.4,1.0,1.0,1.0
2022-10-18 00:10:55,17.1,1.0,1.0,20.5,1.0,0.0,0.0,20.4,54.0,21.7,0.0,0.0,0.0,65.0,12.0,0.0,0.0,44.0,23.0,0.0,0.0,42.0,22.8,0.0,0.0,46.0,21.7,0.0,0.0,46.0,21.9,0.0,0.0,0.0,49.0,21.6,0.0,27.0,0.0,52.0,19.8,0.0,0.0,0.0,2.35,2.49,2.49,2.49,16.09,18.72,18.79,18.79,18.8,0.55,22.2,1.0,0.0,20.9,20.2,0.0,1.0,47.0,23.0,0.0,48.0,22.9,0.0,0.0,0.0,3.41,3.61,3.61,3.61,23.29,27.15,27.26,27.25,27.25,0.54,0.0,1.0,0.0,53.0,0.0,0.0,20.6,0.0,52.0,0.0,0.0,20.4,1.0,1.0,1.0
2022-10-18 00:10:56,17.1,1.0,1.0,20.5,1.0,0.0,0.0,20.4,54.0,21.7,0.0,0.0,0.0,65.0,12.0,0.0,0.0,44.0,23.0,0.0,0.0,42.0,22.8,0.0,0.0,46.0,21.7,0.0,0.0,46.0,21.9,0.0,0.0,0.0,49.0,21.6,0.0,27.0,0.0,52.0,19.8,0.0,0.0,0.0,2.35,2.49,2.49,2.49,16.09,18.72,18.79,18.79,18.8,0.55,22.2,1.0,0.0,20.9,20.2,0.0,1.0,47.0,23.0,0.0,48.0,22.9,0.0,0.0,0.0,3.41,3.61,3.61,3.61,23.29,27.15,27.26,27.25,27.25,0.54,0.0,1.0,0.0,53.0,0.0,0.0,20.6,0.0,52.0,0.0,0.0,20.4,1.0,1.0,1.0
2022-10-18 00:10:57,17.1,1.0,1.0,20.5,1.0,0.0,0.0,20.4,54.0,21.7,0.0,0.0,0.0,65.0,12.0,0.0,0.0,44.0,23.0,0.0,0.0,42.0,22.8,0.0,0.0,46.0,21.7,0.0,0.0,46.0,21.9,0.0,0.0,0.0,49.0,21.6,0.0,27.0,0.0,52.0,19.8,0.0,0.0,0.0,2.35,2.49,2.49,2.49,16.09,18.72,18.79,18.79,18.8,0.55,22.2,1.0,0.0,20.9,20.2,0.0,1.0,47.0,23.0,0.0,48.0,22.9,0.0,0.0,0.0,3.41,3.61,3.61,3.61,23.29,27.15,27.26,27.25,27.25,0.54,0.0,1.0,0.0,53.0,0.0,0.0,20.6,0.0,52.0,0.0,0.0,20.4,1.0,1.0,1.0
2022-10-18 00:10:58,17.1,1.0,1.0,20.5,1.0,0.0,0.0,20.4,54.0,21.7,0.0,0.0,0.0,65.0,12.0,0.0,0.0,44.0,23.0,0.0,0.0,42.0,22.8,0.0,0.0,46.0,21.7,0.0,0.0,46.0,21.9,0.0,0.0,0.0,49.0,21.6,0.0,27.0,0.0,52.0,19.8,0.0,0.0,0.0,2.35,2.49,2.49,2.49,16.09,18.72,18.79,18.79,18.8,0.55,22.2,1.0,0.0,20.9,20.2,0.0,1.0,47.0,23.0,0.0,48.0,22.9,0.0,0.0,0.0,3.41,3.61,3.61,3.61,23.29,27.15,27.26,27.25,27.25,0.54,0.0,1.0,0.0,53.0,0.0,0.0,20.6,0.0,52.0,0.0,0.0,20.4,1.0,1.0,1.0
2022-10-18 00:10:59,17.1,1.0,1.0,20.5,1.0,0.0,0.0,20.4,54.0,21.7,0.0,0.0,0.0,65.0,12.0,0.0,0.0,44.0,23.0,0.0,0.0,42.0,22.8,0.0,0.0,46.0,21.7,0.0,0.0,46.0,21.9,0.0,0.0,0.0,49.0,21.6,0.0,27.0,0.0,52.0,19.8,0.0,0.0,0.0,2.35,2.49,2.49,2.49,16.09,18.72,18.79,18.79,18.8,0.55,22.2,1.0,0.0,20.9,20.2,0.0,1.0,47.0,23.0,0.0,48.0,22.9,0.0,0.0,0.0,3.41,3.61,3.61,3.61,23.29,27.15,27.26,27.25,27.25,0.54,0.0,1.0,0.0,53.0,0.0,0.0,20.6,0.0,52.0,0.0,0.0,20.4,1.0,1.0,1.0
2022-10-18 00:11:00,17.1,1.0,1.0,20.5,1.0,0.0,0.0,20.4,54.0,21.7,0.0,0.0,0.0,65.0,12.0,0.0,0.0,44.0,23.0,0.0,0.0,42.0,22.8,0.0,0.0,46.0,21.7,0.0,0.0,46.0,21.9,0.0,0.0,0.0,49.0,21.6,0.0,27.0,0.0,52.0,19.8,0.0,0.0,0.0,2.35,2.49,2.49,2.49,16.09,18.72,18.79,18.79,18.8,0.55,22.2,1.0,0.0,20.9,20.2,0.0,1.0,47.0,23.0,0.0,48.0,22.9,0.0,0.0,0.0,3.41,3.61,3.61,3.61,23.29,27.15,27.26,27.25,27.25,0.54,0.0,1.0,0.0,53.0,0.0,0.0,20.6,0.0,52.0,0.0,0.0,20.4,1.0,1.0,1.0
2022-10-18 00:11:01,17.1,1.0,1.0,20.5,1.0,0.0,0.0,20.4,54.0,21.7,0.0,0.0,0.0,65.0,12.0,0.0,0.0,44.0,23.0,0.0,0.0,42.0,22.8,0.0,0.0,46.0,21.7,0.0,0.0,46.0,21.9,0.0,0.0,0.0,49.0,21.6,0.0,27.0,0.0,52.0,19.8,0.0,0.0,0.0,2.35,2.49,2.49,2.49,16.09,18.72,18.79,18.79,18.8,0.55,22.2,1.0,0.0,20.9,20.2,0.0,1.0,47.0,23.0,0.0,48.0,22.9,0.0,0.0,0.0,3.41,3.61,3.61,3.61,23.29,27.15,27.26,27.25,27.25,0.54,0.0,1.0,0.0,53.0,0.0,0.0,20.6,0.0,52.0,0.0,0.0,20.4,1.0,1.0,1.0
2022-10-18 00:11:02,17.1,1.0,1.0,20.5,1.0,0.0,0.0,20.4,54.0,21.7,0.0,0.0,0.0,65.0,12.0,0.0,0.0,44.0,23.0,0.0,0.0,42.0,22.8,0.0,0.0,46.0,21.7,0.0,0.0,46.0,21.9,0.0,0.0,0.0,49.0,21.6,0.0,27.0,0.0,52.0,19.8,0.0,0.0,0.0,2.35,2.49,2.49,2.49,16.09,18.72,18.79,18.79,18.8,0.55,22.2,1.0,0.0,20.9,20.2,0.0,1.0,47.0,23.0,0.0,48.0,22.9,0.0,0.0,0.0,3.41,3.61,3.61,3.61,23.29,27.15,27.26,27.25,27.25,0.54,0.0,1.0,0.0,53.0,0.0,0.0,20.6,0.0,52.0,0.0,0.0,20.4,1.0,1.0,1.0
2022-10-18 00:11:03,17.1,1.0,1.0,20.5,1.0,0.0,0.0,20.4,54.0,21.7,0.0,0.0,0.0,65.0,12.0,0.0,0.0,44.0,23.0,0.0,0.0,42.0,22.8,0.0,0.0,46.0,21.7,0.0,0.0,46.0,21.9,0.0,0.0,0.0,49.0,21.6,0.0,27.0,0.0,52.0,19.8,0.0,0.0,0.0,2.35,2.49,2.49,2.49,16.09,18.72,18.79,18.79,18.8,0.55,22.2,1.0,0.0,20.9,20.2,0.0,1.0,47.0,23.0,0.0,48.0,22.9,0.0,0.0,0.0,3.41,3.61,3.61,3.61,23.29,27.15,27.26,27.25,27.25,0.54,0.0,1.0,0.0,53.0,0.0,0.0,20.6,0.0,52.0,0.0,0.0,20.4,1.0,1.0,1.0
2022-10-18 00:11:04,17.1,1.0,1.0,20.5,1.0,0.0,0.0,20.4,54.0,21.7,0.0,0.0,0.0,65.0,12.0,0.0,0.0,44.0,23.0,0.0,0.0,42.0,22.8,0.0,0.0,46.0,21.7,0.0,0.0,46.0,21.9,0.0,0.0,0.0,49.0,21.6,0.0,27.0,0.0,52.0,19.8,0.0,0.0,0.0,2.35,2.49,2.49,2.49,16.09,18.72,18.79,18.79,18.8,0.55,22.2,1.0,0.0,20.9,20.2,0.0,1.0,47.0,23.0,0.0,48.0,22.9,0.0,0.0,0.0,3.41,3.61,3.61,3.61,23.29,27.15,27.26,27.25,27.25,0.54,0.0,1.0,0.0,53.0,0.0,0.0,20.6,0.0,52.0,0.0,0.0,20.4,1.0,1.0,1.0
2022-10-18 00:11:05,17.1,1.0,1.0,20.5,1.0,0.0,0.0,20.4,54.0,21.7,0.0,0.0,0.0,65.0,12.0,0.0,0.0,44.0,23.0,0.0,0.0,42.0,22.8,0.0,0.0,46.0,21.7,0.0,0.0,46.0,21.9,0.0,0.0,0.0,49.0,21.6,0.0,27.0,0.0,52.0,19.8,0.0,0.0,0.0,2.35,2.49,2.49,2.49,16.09,18.72,18.79,18.79,18.8,0.55,22.2,1.0,0.0,20.9,20.2,0.0,1.0,47.0,23.0,0.0,48.0,22.9,0.0,0.0,0.0,3.41,3.61,3.61,3.61,23.29,27.15,27.26,27.25,27.25,0.54,0.0,1.0,0.0,53.0,0.0,0.0,20.6,0.0,52.0,0.0,0.0,20.4,1.0,1.0,1.0
2022-10-18 00:11:06,17.1,1.0,1.0,20.5,1.0,0.0,0.0,20.4,54.0,21.7,0.0,0.0,0.0,65.0,12.0,0.0,0.0,44.0,23.0,0.0,0.0,42.0,22.8,0.0,0.0,46.0,21.7,0.0,0.0,46.0,21.9,0.0,0.0,0.0,49.0,21.6,0.0,27.0,0.0,52.0,19.8,0.0,0.0,0.0,2.35,2.49,2.49,2.49,16.09,18.72,18.79,18.79,18.8,0.55,22.2,1.0,0.0,20.9,20.2,0.0,1.0,47.0,23.0,0.0,48.0,22.9,0.0,0.0,0.0,3.41,3.61,3.61,3.61,23.29,27.15,27.26,27.25,27.25,0.54,0.0,1.0,0.0,53.0,0.0,0.0,20.6,0.0,52.0,0.0,0.0,20.4,1.0,1.0,1.0
2022-10-18 00:11:07,17.1,1.0,1.0,20.5,1.0,0.0,0.0,20.4,54.0,21.7,0.0,0.0,0.0,65.0,12.0,0.0,0.0,44.0,23.0,0.0,0.0,42.0,22.8,0.0,0.0,46.0,21.7,0.0,0.0,46.0,21.9,0.0,0.0,0.0,49.0,21.6,0.0,27.0,0.0,52.0,19.8,0.0,0.0,0.0,2.35,2.49,2.49,2.49,16.09,18.72,18.79,18.79,18.8,0.55,22.2,1.0,0.0,20.9,20.2,0.0,1.0,47.0,23.0,0.0,48.0,22.9,0.0,0.0,0.0,3.41,3.61,3.61,3.61,23.29,27.15,27.26,27.25,27.25,0.54,0.0,1.0,0.0,53.0,0.0,0.0,20.6,0.0,52.0,0.0,0.0,20.4,1.0,1.0,1.0
2022-10-18 00:11:08,17.1,1.0,1.0,20.5,1.0,0.0,0.0,20.4,54.0,21.7,0.0,0.0,0.0,65.0,12.0,0.0,0.0,44.0,23.0,0.0,0.0,42.0,22.8,0.0,0.0,46.0,21.7,0.0,0.0,46.0,21.9,0.0,0.0,0.0,49.0,21.6,0.0,27.0,0.0,52.0,19.8,0.0,0.0,0.0,2.35,2.49,2.49,2.49,16.09,18.72,18.79,18.79,18.8,0.55,22.2,1.0,0.0,20.9,20.2,0.0,1.0,47.0,23.0,0.0,48.0,22.9,0.0,0.0,0.0,3.41,3.61,3.61,3.61,23.29,27.15,27.26,27.25,27.25,0.54,0.0,1.0,0.0,53.0,0.0,0.0,20.6,0.0,52.0,0.0,0.0,20.4,1.0,1.0,1.0
2022-10-18 00:11:09,17.1,1.0,1.0,20.5,1.0,0.0,0.0,20.4,54.0,21.7,0.0,0.0,0.0,65.0,12.0,0.0,0.0,44.0,23.0,0.0,0.0,42.0,22.8,0.0,0.0,46.0,21.7,0.0,0.0,46.0,21.9,0.0,0.0,0.0,49.0,21.6,0.0,27.0,0.0,52.0,19.8,0.0,0.0,0.0,2.35,2.49,2.49,2.49,16.09,18.72,18.79,18.79,18.8,0.55,22.2,1.0,0.0,20.9,20.2,0.0,1.0,47.0,23.0,0.0,48.0,22.9,0.0,0.0,0.0,3.41,3.61,3.61,3.61,23.29,27.15,27.26,27.25,27.25,0.54,0.0,1.0,0.0,53.0,0.0,0.0,20.6,0.0,52.0,0.0,0.0,20.4,1.0,1.0,1.0
2022-10-18 00:11:10,17.1,1.0,1.0,20.5,1.0,0.0,0.0,20.4,54.0,21.7,0.0,0.0,0.0,65.0,12.0,0.0,0.0,44.0,23.0,0.0,0.0,42.0,22.8,0.0,0.0,46.0,21.7,0.0,0.0,46.0,21.9,0.0,0.0,0.0,49.0,21.6,0.0,27.0,0.0,52.0,19.8,0.0,0.0,0.0,2.35,2.49,2.49,2.49,16.09,18.72,18.79,18.79,18.8,0.55,22.2,1.0,0.0,20.9,20.2,0.0,1.0,47.0,23.0,0.0,48.0,22.9,0.0,0.0,0.0,3.41,3.61,3.61,3.61,23.29,27.15,27.26,27.25,27.25,0.54,0.0,1.0,0.0,53.0,0.0,0.0,20.6,0.0,52.0,0.0,0.0,20.4,1.0,1.0,1.0
2022-10-18 00:11:11,17.1,1.0,1.0,20.5,1.0,0.0,0.0,20.4,54.0,21.7,0.0,0.0,0.0,65.0,12.0,0.0,0.0,44.0,23.0,0.0,0.0,42.0,22.8,0.0,0.0,46.0,21.7,0.0,0.0,46.0,21.9,0.0,0.0,0.0,49.0,21.6,0.0,27.0,0.0,52.0,19.8,0.0,0.0,0.0,2.35,2.49,2.49,2.49,16.09,18.72,18.79,18.79,18.8,0.55,22.2,1.0,0.0,20.9,20.2,0.0,1.0,47.0,23.0,0.0,48.0,22.9,0.0,0.0,0.0,3.41,3.61,3.61,3.61,23.29,27.15,27.26,27.25,27.25,0.54,0.0,1.0,0.0,53.0,0.0,0.0,20.6,0.0,52.0,0.0,0.0,20.4,1.0,1.0,1.0
2022-10-18 00:11:12,17.1,1.0,1.0,20.5,1.0,0.0,0.0,20.4,54.0,21.7,0.0,0.0,0.0,65.0,12.0,0.0,0.0,44.0,23.0,0.0,0.0,42.0,22.8,0.0,0.0,46.0,21.7,0.0,0.0,46.0,21.9,0.0,0.0,0.0,49.0,21.6,0.0,27.0,0.0,52.0,19.8,0.0,0.0,0.0,2.35,2.49,2.49,2.49,16.09,18.72,18.79,18.79,18.8,0.55,22.2,1.0,0.0,20.9,20.2,0.0,1.0,47.0,23.0,0.0,48.0,22.9,0.0,0.0,0.0,3.41,3.61,3.61,3.61,23.29,27.15,27.26,27.25,27.25,0.54,0.0,1.0,0.0,53.0,0.0,0.0,20.6,0.0,52.0,0.0,0.0,20.4,1.0,1.0,1.0
2022-10-18 00:11:13,17.1,1.0,1.0,20.5,1.0,0.0,0.0,20.4,54.0,21.7,0.0,0.0,0.0,65.0,12.0,0.0,0.0,44.0,23.0,0.0,0.0,42.0,22.8,0.0,0.0,46.0,21.7,0.0,0.0,46.0,21.9,0.0,0.0,0.0,49.0,21.6,0.0,27.0,0.0,52.0,19.8,0.0,0.0,0.0,2.35,2.49,2.49,2.49,16.09,18.72,18.79,18.79,18.8,0.55,22.2,1.0,0.0,20.9,20.2,0.0,1.0,47.0,23.0,0.0,48.0,22.9,0.0,0.0,0.0,3.41,3.61,3.61,3.61,23.29,27.15,27.26,27.25,27.25,0.54,0.0,1.0,0.0,53.0,0.0,0.0,20.6,0.0,52.0,0.0,0.0,20.4,1.0,1.0,1.0
2022-10-18 00:11:14,17.1,1.0,1.0,20.5,1.0,0.0,0.0,20.4,54.0,21.7,0.0,0.0,0.0,65.0,12.0,0.0,0.0,44.0,23.0,0.0,0.0,42.0,22.8,0.0,0.0,46.0,21.7,0.0,0.0,46.0,21.9,0.0,0.0,0.0,49.0,21.6,0.0,27.0,0.0,52.0,19.8,0.0,0.0,0.0,2.35,2.49,2.49,2.49,16.09,18.72,18.79,18.79,18.8,0.55,22.2,1.0,0.0,20.9,20.2,0.0,1.0,47.0,23.0,0.0,48.0,22.9,0.0,0.0,0.0,3.41,3.61,3.61,3.61,23.29,27.15,27.26,27.25,27.25,0.54,0.0,1.0,0.0,53.0,0.0,0.0,20.6,0.0,52.0,0.0,0.0,20.4,1.0,1.0,1.0
2022-10-18 00:11:15,17.1,1.0,1.0,20.5,1.0,0.0,0.0,20.4,54.0,21.7,0.0,0.0,0.0,65.0,12.0,0.0,0.0,44.0,23.0,0.0,0.0,42.0,22.8,0.0,0.0,46.0,21.7,0.0,0.0,46.0,21.9,0.0,0.0,0.0,49.0,21.6,0.0,27.0,0.0,52.0,19.8,0.0,0.0,0.0,2.35,2.49,2.49,2.49,16.09,18.72,18.79,18.79,18.8,0.55,22.2,1.0,0.0,20.9,20.2,0.0,1.0,47.0,23.0,0.0,48.0,22.9,0.0,0.0,0.0,3.41,3.61,3.61,3.61,23.29,27.15,27.26,27.25,27.25,0.54,0.0,1.0,0.0,53.0,0.0,0.0,20.6,0.0,52.0,0.0,0.0,20.4,1.0,1.0,1.0
2022-10-18 00:11:16,17.1,1.0,1.0,20.5,1.0,0.0,0.0,20.4,54.0,21.7,0.0,0.0,0.0,65.0,12.0,0.0,0.0,44.0,23.0,0.0,0.0,42.0,22.8,0.0,0.0,46.0,21.7,0.0,0.0,46.0,21.9,0.0,0.0,0.0,49.0,21.6,0.0,27.0,0.0,52.0,19.8,0.0,0.0,0.0,2.35,2.49,2.49,2.49,16.09,18.72,18.79,18.79,18.8,0.55,22.2,1.0,0.0,20.9,20.2,0.0,1.0,47.0,23.0,0.0,48.0,22.9,0.0,0.0,0.0,3.41,3.61,3.61,3.61,23.29,27.15,27.26,27.25,27.25,0.54,0.0,1.0,0.0,53.0,0.0,0.0,20.6,0.0,52.0,0.0,0.0,20.4,1.0,1.0,1.0
2022-10-18 00:11:17,17.1,1.0,1.0,20.5,1.0,0.0,0.0,20.4,54.0,21.7,0.0,0.0,0.0,65.0,12.0,0.0,0.0,44.0,23.0,0.0,0.0,42.0,22.8,0.0,0.0,46.0,21.7,0.0,0.0,46.0,21.9,0.0,0.0,0.0,49.0,21.6,0.0,27.0,0.0,52.0,19.8,0.0,0.0,0.0,2.35,2.49,2.49,2.49,16.09,18.72,18.79,18.79,18.8,0.55,22.2,1.0,0.0,20.9,20.2,0.0,1.0,47.0,23.0,0.0,48.0,22.9,0.0,0.0,0.0,3.41,3.61,3.61,3.61,23.29,27.15,27.26,27.25,27.25,0.54,0.0,1.0,0.0,53.0,0.0,0.0,20.6,0.0,52.0,0.0,0.0,20.4,1.0,1.0,1.0
2022-10-18 00:11:18,17.1,1.0,1.0,20.5,1.0,0.0,0.0,20.4,54.0,21.7,0.0,0.0,0.0,65.0,12.0,0.0,0.0,44.0,23.0,0.0,0.0,42.0,22.8,0.0,0.0,46.0,21.7,0.0,0.0,46.0,21.9,0.0,0.0,0.0,49.0,21.6,0.0,27.0,0.0,52.0,19.8,0.0,0.0,0.0,2.35,2.49,2.49,2.49,16.09,18.72,18.79,18.79,18.8,0.55,22.2,1.0,0.0,20.9,20.2,0.0,1.0,47.0,23.0,0.0,48.0,22.9,0.0,0.0,0.0,3.41,3.61,3.61,3.61,23.29,27.15,27.26,27.25,27.25,0.54,0.0,1.0,0.0,53.0,0.0,0.0,20.6,0.0,52.0,0.0,0.0,20.4,1.0,1.0,1.0
2022-10-18 00:11:19,17.1,1.0,1.0,20.5,1.0,0.0,0.0,20.4,54.0,21.7,0.0,0.0,0.0,65.0,12.0,0.0,0.0,44.0,23.0,0.0,0.0,42.0,22.8,0.0,0.0,46.0,21.7,0.0,0.0,46.0,21.9,0.0,0.0,0.0,49.0,21.6,0.0,27.0,0.0,52.0,19.8,0.0,0.0,0.0,2.35,2.49,2.49,2.49,16.09,18.72,18.79,18.79,18.8,0.55,22.2,1.0,0.0,20.9,20.2,0.0,1.0,47.0,23.0,0.0,48.0,22.9,0.0,0.0,0.0,3.41,3.61,3.61,3.61,23.29,27.15,27.26,27.25,27.25,0.54,0.0,1.0,0.0,53.0,0.0,0.0,20.6,0.0,52.0,0.0,0.0,20.4,1.0,1.0,1.0
2022-10-18 00:11:20,17.1,1.0,1.0,20.5,1.0,0.0,0.0,20.4,54.0,21.7,0.0,0.0,0.0,65.0,12.0,0.0,0.0,44.0,23.0,0.0,0.0,42.0,22.8,0.0,0.0,46.0,21.7,0.0,0.0,46.0,21.9,0.0,0.0,0.0,49.0,21.6,0.0,27.0,0.0,52.0,19.8,0.0,0.0,0.0,2.35,2.49,2.49,2.49,16.09,18.72,18.79,18.79,18.8,0.55,22.2,1.0,0.0,20.9,20.2,0.0,1.0,47.0,23.0,0.0,48.0,22.9,0.0,0.0,0.0,3.41,3.61,3.61,3.61,23.29,27.15,27.26,27.25,27.25,0.54,0.0,1.0,0.0,53.0,0.0,0.0,20.6,0.0,52.0,0.0,0.0,20.4,1.0,1.0,1.0
2022-10-18 00:11:21,17.1,1.0,1.0,20.5,1.0,0.0,0.0,20.4,54.0,21.7,0.0,0.0,0.0,65.0,12.0,0.0,0.0,44.0,23.0,0.0,0.0,42.0,22.8,0.0,0.0,46.0,21.7,0.0,0.0,46.0,21.9,0.0,0.0,0.0,49.0,21.6,0.0,27.0,0.0,52.0,19.8,0.0,0.0,0.0,2.35,2.49,2.49,2.49,16.09,18.72,18.79,18.79,18.8,0.55,22.2,1.0,0.0,20.9,20.2,0.0,1.0,47.0,23.0,0.0,48.0,22.9,0.0,0.0,0.0,3.41,3.61,3.61,3.61,23.29,27.15,27.26,27.25,27.25,0.54,0.0,1.0,0.0,53.0,0.0,0.0,20.6,0.0,52.0,0.0,0.0,20.4,1.0,1.0,1.0
2022-10-18 00:11:22,17.1,1.0,1.0,20.5,1.0,0.0,0.0,20.4,54.0,21.7,0.0,0.0,0.0,65.0,12.0,0.0,0.0,44.0,23.0,0.0,0.0,42.0,22.8,0.0,0.0,46.0,21.7,0.0,0.0,46.0,21.9,0.0,0.0,0.0,49.0,21.6,0.0,27.0,0.0,52.0,19.8,0.0,0.0,0.0,2.35,2.49,2.49,2.49,16.09,18.72,18.79,18.79,18.8,0.55,22.2,1.0,0.0,20.9,20.2,0.0,1.0,47.0,23.0,0.0,48.0,22.9,0.0,0.0,0.0,3.41,3.61,3.61,3.61,23.29,27.15,27.26,27.25,27.25,0.54,0.0,1.0,0.0,53.0,0.0,0.0,20.6,0.0,52.0,0.0,0.0,20.4,1.0,1.0,1.0
2022-10-18 00:11:23,17.1,1.0,1.0,20.5,1.0,0.0,0.0,20.4,54.0,21.7,0.0,0.0,0.0,65.0,12.0,0.0,0.0,44.0,23.0,0.0,0.0,42.0,22.8,0.0,0.0,46.0,21.7,0.0,0.0,46.0,21.9,0.0,0.0,0.0,49.0,21.6,0.0,27.0,0.0,52.0,19.8,0.0,0.0,0.0,2.35,2.49,2.49,2.49,16.09,18.72,18.79,18.79,18.8,0.55,22.2,1.0,0.0,20.9,20.2,0.0,1.0,47.0,23.0,0.0,48.0,22.9,0.0,0.0,0.0,3.41,3.61,3.61,3.61,23.29,27.15,27.26,27.25,27.25,0.54,0.0,1.0,0.0,53.0,0.0,0.0,20.6,0.0,52.0,0.0,0.0,20.4,1.0,1.0,1.0
2022-10-18 00:11:24,17.1,1.0,1.0,20.5,1.0,0.0,0.0,20.4,54.0,21.7,0.0,0.0,0.0,65.0,12.0,0.0,0.0,44.0,23.0,0.0,0.0,42.0,22.8,0.0,0.0,46.0,21.7,0.0,0.0,46.0,21.9,0.0,0.0,0.0,49.0,21.6,0.0,27.0,0.0,52.0,19.8,0.0,0.0,0.0,2.35,2.49,2.49,2.49,16.09,18.72,18.79,18.79,18.8,0.55,22.2,1.0,0.0,20.9,20.2,0.0,1.0,47.0,23.0,0.0,48.0,22.9,0.0,0.0,0.0,3.41,3.61,3.61,3.61,23.29,27.15,27.26,27.25,27.25,0.54,0.0,1.0,0.0,53.0,0.0,0.0,20.6,0.0,52.0,0.0,0.0,20.4,1.0,1.0,1.0
2022-10-18 00:11:25,17.1,1.0,1.0,20.5,1.0,0.0,0.0,20.4,54.0,21.7,0.0,0.0,0.0,65.0,12.0,0.0,0.0,44.0,23.0,0.0,0.0,42.0,22.8,0.0,0.0,46.0,21.7,0.0,0.0,46.0,21.9,0.0,0.0,0.0,49.0,21.6,0.0,27.0,0.0,52.0,19.8,0.0,0.0,0.0,2.35,2.49,2.49,2.49,16.09,18.72,18.79,18.79,18.8,0.55,22.2,1.0,0.0,20.9,20.2,0.0,1.0,47.0,23.0,0.0,48.0,22.9,0.0,0.0,0.0,3.41,3.61,3.61,3.61,23.29,27.15,27.26,27.25,27.25,0.54,0.0,1.0,0.0,53.0,0.0,0.0,20.6,0.0,52.0,0.0,0.0,20.4,1.0,1.0,1.0
2022-10-18 00:11:26,17.1,1.0,1.0,20.5,1.0,0.0,0.0,20.4,54.0,21.7,0.0,0.0,0.0,65.0,12.0,0.0,0.0,44.0,23.0,0.0,0.0,42.0,22.8,0.0,0.0,46.0,21.7,0.0,0.0,46.0,21.9,0.0,0.0,0.0,49.0,21.6,0.0,27.0,0.0,52.0,19.8,0.0,0.0,0.0,2.35,2.49,2.49,2.49,16.09,18.72,18.79,18.79,18.8,0.55,22.2,1.0,0.0,20.9,20.2,0.0,1.0,47.0,23.0,0.0,48.0,22.9,0.0,0.0,0.0,3.41,3.61,3.61,3.61,23.29,27.15,27.26,27.25,27.25,0.54,0.0,1.0,0.0,53.0,0.0,0.0,20.6,0.0,52.0,0.0,0.0,20.4,1.0,1.0,1.0
2022-10-18 00:11:27,17.1,1.0,1.0,20.5,1.0,0.0,0.0,20.4,54.0,21.7,0.0,0.0,0.0,65.0,12.0,0.0,0.0,44.0,23.0,0.0,0.0,42.0,22.8,0.0,0.0,46.0,21.7,0.0,0.0,46.0,21.9,0.0,0.0,0.0,49.0,21.6,0.0,27.0,0.0,52.0,19.8,0.0,0.0,0.0,2.35,2.49,2.49,2.49,16.09,18.72,18.79,18.79,18.8,0.55,22.2,1.0,0.0,20.9,20.2,0.0,1.0,47.0,23.0,0.0,48.0,22.9,0.0,0.0,0.0,3.41,3.61,3.61,3.61,23.29,27.15,27.26,27.25,27.25,0.54,0.0,1.0,0.0,53.0,0.0,0.0,20.6,0.0,52.0,0.0,0.0,20.4,1.0,1.0,1.0
2022-10-18 00:11:28,17.1,1.0,1.0,20.5,1.0,0.0,0.0,20.4,54.0,21.7,0.0,0.0,0.0,65.0,12.0,0.0,0.0,44.0,23.0,0.0,0.0,42.0,22.8,0.0,0.0,46.0,21.7,0.0,0.0,46.0,21.9,0.0,0.0,0.0,49.0,21.6,0.0,27.0,0.0,52.0,19.8,0.0,0.0,0.0,2.35,2.49,2.49,2.49,16.09,18.72,18.79,18.79,18.8,0.55,22.2,1.0,0.0,20.9,20.2,0.0,1.0,47.0,23.0,0.0,48.0,22.9,0.0,0.0,0.0,3.41,3.61,3.61,3.61,23.29,27.15,27.26,27.25,27.25,0.54,0.0,1.0,0.0,53.0,0.0,0.0,20.6,0.0,52.0,0.0,0.0,20.4,1.0,1.0,1.0
2022-10-18 00:11:29,17.1,1.0,1.0,20.5,1.0,0.0,0.0,20.4,54.0,21.7,0.0,0.0,0.0,65.0,12.0,0.0,0.0,44.0,23.0,0.0,0.0,42.0,22.8,0.0,0.0,46.0,21.7,0.0,0.0,46.0,21.9,0.0,0.0,0.0,49.0,21.6,0.0,27.0,0.0,52.0,19.8,0.0,0.0,0.0,2.35,2.49,2.49,2.49,16.09,18.72,18.79,18.79,18.8,0.55,22.2,1.0,0.0,20.9,20.2,0.0,1.0,47.0,23.0,0.0,48.0,22.9,0.0,0.0,0.0,3.41,3.61,3.61,3.61,23.29,27.15,27.26,27.25,27.25,0.54,0.0,1.0,0.0,53.0,0.0,0.0,20.6,0.0,52.0,0.0,0.0,20.4,1.0,1.0,1.0
2022-10-18 00:11:30,17.1,1.0,1.0,20.5,1.0,0.0,0.0,20.4,54.0,21.7,0.0,0.0,0.0,65.0,12.0,0.0,0.0,44.0,23.0,0.0,0.0,42.0,22.8,0.0,0.0,46.0,21.7,0.0,0.0,46.0,21.9,0.0,0.0,0.0,49.0,21.6,0.0,27.0,0.0,52.0,19.8,0.0,0.0,0.0,2.35,2.49,2.49,2.49,16.09,18.72,18.79,18.79,18.8,0.55,22.2,1.0,0.0,20.9,20.2,0.0,1.0,47.0,23.0,0.0,48.0,22.9,0.0,0.0,0.0,3.41,3.61,3.61,3.61,23.29,27.15,27.26,27.25,27.25,0.54,0.0,1.0,0.0,53.0,0.0,0.0,20.6,0.0,52.0,0.0,0.0,20.4,1.0,1.0,1.0
2022-10-18 00:11:31,17.1,1.0,1.0,20.5,1.0,0.0,0.0,20.4,54.0,21.7,0.0,0.0,0.0,65.0,12.0,0.0,0.0,44.0,23.0,0.0,0.0,42.0,22.8,0.0,0.0,46.0,21.7,0.0,0.0,46.0,21.9,0.0,0.0,0.0,49.0,21.6,0.0,27.0,0.0,52.0,19.8,0.0,0.0,0.0,2.35,2.49,2.49,2.49,16.09,18.72,18.79,18.79,18.8,0.55,22.2,1.0,0.0,20.9,20.2,0.0,1.0,47.0,23.0,0.0,48.0,22.9,0.0,0.0,0.0,3.41,3.61,3.61,3.61,23.29,27.15,27.26,27.25,27.25,0.54,0.0,1.0,0.0,53.0,0.0,0.0,20.6,0.0,52.0,0.0,0.0,20.4,1.0,1.0,1.0
2022-10-18 00:11:32,17.1,1.0,1.0,20.5,1.0,0.0,0.0,20.4,54.0,21.7,0.0,0.0,0.0,65.0,12.0,0.0,0.0,44.0,23.0,0.0,0.0,42.0,22.8,0.0,0.0,46.0,21.7,0.0,0.0,46.0,21.9,0.0,0.0,0.0,49.0,21.6,0.0,27.0,0.0,52.0,19.8,0.0,0.0,0.0,2.35,2.49,2.49,2.49,16.09,18.72,18.79,18.79,18.8,0.55,22.2,1.0,0.0,20.9,20.2,0.0,1.0,47.0,23.0,0.0,48.0,22.9,0.0,0.0,0.0,3.41,3.61,3.61,3.61,23.29,27.15,27.26,27.25,27.25,0.54,0.0,1.0,0.0,53.0,0.0,0.0,20.6,0.0,52.0,0.0,0.0,20.4,1.0,1.0,1.0
2022-10-18 00:11:33,17.1,1.0,1.0,20.5,1.0,0.0,0.0,20.4,54.0,21.7,0.0,0.0,0.0,65.0,12.0,0.0,0.0,44.0,23.0,0.0,0.0,42.0,22.8,0.0,0.0,46.0,21.7,0.0,0.0,46.0,21.9,0.0,0.0,0.0,49.0,21.6,0.0,27.0,0.0,52.0,19.8,0.0,0.0,0.0,2.35,2.49,2.49,2.49,16.09,18.72,18.79,18.79,18.8,0.55,22.2,1.0,0.0,20.9,20.2,0.0,1.0,47.0,23.0,0.0,48.0,22.9,0.0,0.0,0.0,3.41,3.61,3.61,3.61,23.29,27.15,27.26,27.25,27.25,0.54,0.0,1.0,0.0,53.0,0.0,0.0,20.6,0.0,52.0,0.0,0.0,20.4,1.0,1.0,1.0
2022-10-18 00:11:34,17.1,1.0,1.0,20.5,1.0,0.0,0.0,20.4,54.0,21.7,0.0,0.0,0.0,65.0,12.0,0.0,0.0,44.0,23.0,0.0,0.0,42.0,22.8,0.0,0.0,46.0,21.7,0.0,0.0,46.0,21.9,0.0,0.0,0.0,49.0,21.6,0.0,27.0,0.0,52.0,19.8,0.0,0.0,0.0,2.35,2.49,2.49,2.49,16.09,18.72,18.79,18.79,18.8,0.55,22.2,1.0,0.0,20.9,20.2,0.0,1.0,47.0,23.0,0.0,48.0,22.9,0.0,0.0,0.0,3.41,3.61,3.61,3.61,23.29,27.15,27.26,27.25,27.25,0.54,0.0,1.0,0.0,53.0,0.0,0.0,20.6,0.0,52.0,0.0,0.0,20.4,1.0,1.0,1.0
2022-10-18 00:11:35,17.1,1.0,1.0,20.5,1.0,0.0,0.0,20.4,54.0,21.7,0.0,0.0,0.0,65.0,12.0,0.0,0.0,44.0,23.0,0.0,0.0,42.0,22.8,0.0,0.0,46.0,21.7,0.0,0.0,46.0,21.9,0.0,0.0,0.0,49.0,21.6,0.0,27.0,0.0,52.0,19.8,0.0,0.0,0.0,2.35,2.49,2.49,2.49,16.09,18.72,18.79,18.79,18.8,0.55,22.2,1.0,0.0,20.9,20.2,0.0,1.0,47.0,23.0,0.0,48.0,22.9,0.0,0.0,0.0,3.41,3.61,3.61,3.61,23.29,27.15,27.26,27.25,27.25,0.54,0.0,1.0,0.0,53.0,0.0,0.0,20.6,0.0,52.0,0.0,0.0,20.4,1.0,1.0,1.0
2022-10-18 00:11:36,17.1,1.0,1.0,20.5,1.0,0.0,0.0,20.4,54.0,21.7,0.0,0.0,0.0,65.0,12.0,0.0,0.0,44.0,23.0,0.0,0.0,42.0,22.8,0.0,0.0,46.0,21.7,0.0,0.0,46.0,21.9,0.0,0.0,0.0,49.0,21.6,0.0,27.0,0.0,52.0,19.8,0.0,0.0,0.0,2.35,2.49,2.49,2.49,16.09,18.72,18.79,18.79,18.8,0.55,22.2,1.0,0.0,20.9,20.2,0.0,1.0,47.0,23.0,0.0,48.0,22.9,0.0,0.0,0.0,3.41,3.61,3.61,3.61,23.29,27.15,27.26,27.25,27.25,0.54,0.0,1.0,0.0,53.0,0.0,0.0,20.6,0.0,52.0,0.0,0.0,20.4,1.0,1.0,1.0
2022-10-18 00:11:37,17.1,1.0,1.0,20.5,1.0,0.0,0.0,20.4,54.0,21.7,0.0,0.0,0.0,65.0,12.0,0.0,0.0,44.0,23.0,0.0,0.0,42.0,22.8,0.0,0.0,46.0,21.7,0.0,0.0,46.0,21.9,0.0,0.0,0.0,49.0,21.6,0.0,27.0,0.0,52.0,19.8,0.0,0.0,0.0,2.35,2.49,2.49,2.49,16.09,18.72,18.79,18.79,18.8,0.55,22.2,1.0,0.0,20.9,20.2,0.0,1.0,47.0,23.0,0.0,48.0,22.9,0.0,0.0,0.0,3.41,3.61,3.61,3.61,23.29,27.15,27.26,27.25,27.25,0.54,0.0,1.0,0.0,53.0,0.0,0.0,20.6,0.0,52.0,0.0,0.0,20.4,1.0,1.0,1.0
2022-10-18 00:11:38,17.1,1.0,1.0,20.5,1.0,0.0,0.0,20.4,54.0,21.7,0.0,0.0,0.0,65.0,12.0,0.0,0.0,44.0,23.0,0.0,0.0,42.0,22.8,0.0,0.0,46.0,21.7,0.0,0.0,46.0,21.9,0.0,0.0,0.0,49.0,21.6,0.0,27.0,0.0,52.0,19.8,0.0,0.0,0.0,2.35,2.49,2.49,2.49,16.09,18.72,18.79,18.79,18.8,0.55,22.2,1.0,0.0,20.9,20.2,0.0,1.0,47.0,23.0,0.0,48.0,22.9,0.0,0.0,0.0,3.41,3.61,3.61,3.61,23.29,27.15,27.26,27.25,27.25,0.54,0.0,1.0,0.0,53.0,0.0,0.0,20.6,0.0,52.0,0.0,0.0,20.4,1.0,1.0,1.0
2022-10-18 00:11:39,17.1,1.0,1.0,20.5,1.0,0.0,0.0,20.4,54.0,21.7,0.0,0.0,0.0,65.0,12.0,0.0,0.0,44.0,23.0,0.0,0.0,42.0,22.8,0.0,0.0,46.0,21.7,0.0,0.0,46.0,21.9,0.0,0.0,0.0,49.0,21.6,0.0,27.0,0.0,52.0,19.8,0.0,0.0,0.0,2.35,2.49,2.49,2.49,16.09,18.72,18.79,18.79,18.8,0.55,22.2,1.0,0.0,20.9,20.2,0.0,1.0,47.0,23.0,0.0,48.0,22.9,0.0,0.0,0.0,3.41,3.61,3.61,3.61,23.29,27.15,27.26,27.25,27.25,0.54,0.0,1.0,0.0,53.0,0.0,0.0,20.6,0.0,52.0,0.0,0.0,20.4,1.0,1.0,1.0
2022-10-18 00:11:40,17.1,1.0,1.0,20.5,1.0,0.0,0.0,20.4,54.0,21.7,0.0,0.0,0.0,65.0,12.0,0.0,0.0,44.0,23.0,0.0,0.0,42.0,22.8,0.0,0.0,46.0,21.7,0.0,0.0,46.0,21.9,0.0,0.0,0.0,49.0,21.6,0.0,27.0,0.0,52.0,19.8,0.0,0.0,0.0,2.35,2.49,2.49,2.49,16.09,18.72,18.79,18.79,18.8,0.55,22.2,1.0,0.0,20.9,20.2,0.0,1.0,47.0,23.0,0.0,48.0,22.9,0.0,0.0,0.0,3.41,3.61,3.61,3.61,23.29,27.15,27.26,27.25,27.25,0.54,0.0,1.0,0.0,53.0,0.0,0.0,20.6,0.0,52.0,0.0,0.0,20.4,1.0,1.0,1.0
2022-10-18 00:11:41,17.1,1.0,1.0,20.5,1.0,0.0,0.0,20.4,54.0,21.7,0.0,0.0,0.0,65.0,12.0,0.0,0.0,44.0,23.0,0.0,0.0,42.0,22.8,0.0,0.0,46.0,21.7,0.0,0.0,46.0,21.9,0.0,0.0,0.0,49.0,21.6,0.0,27.0,0.0,52.0,19.8,0.0,0.0,0.0,2.35,2.49,2.49,2.49,16.09,18.72,18.79,18.79,18.8,0.55,22.2,1.0,0.0,20.9,20.2,0.0,1.0,47.0,23.0,0.0,48.0,22.9,0.0,0.0,0.0,3.41,3.61,3.61,3.61,23.29,27.15,27.26,27.25,27.25,0.54,0.0,1.0,0.0,53.0,0.0,0.0,20.6,0.0,52.0,0.0,0.0,20.4,1.0,1.0,1.0
2022-10-18 00:11:42,17.1,1.0,1.0,20.5,1.0,0.0,0.0,20.4,54.0,21.7,0.0,0.0,0.0,65.0,12.0,0.0,0.0,44.0,23.0,0.0,0.0,42.0,22.8,0.0,0.0,46.0,21.7,0.0,0.0,46.0,21.9,0.0,0.0,0.0,49.0,21.6,0.0,27.0,0.0,52.0,19.8,0.0,0.0,0.0,2.35,2.49,2.49,2.49,16.09,18.72,18.79,18.79,18.8,0.55,22.2,1.0,0.0,20.9,20.2,0.0,1.0,47.0,23.0,0.0,48.0,22.9,0.0,0.0,0.0,3.41,3.61,3.61,3.61,23.29,27.15,27.26,27.25,27.25,0.54,0.0,1.0,0.0,53.0,0.0,0.0,20.6,0.0,52.0,0.0,0.0,20.4,1.0,1.0,1.0
2022-10-18 00:11:43,17.1,1.0,1.0,20.5,1.0,0.0,0.0,20.4,54.0,21.7,0.0,0.0,0.0,65.0,12.0,0.0,0.0,44.0,23.0,0.0,0.0,42.0,22.8,0.0,0.0,46.0,21.7,0.0,0.0,46.0,21.9,0.0,0.0,0.0,49.0,21.6,0.0,27.0,0.0,52.0,19.8,0.0,0.0,0.0,2.35,2.49,2.49,2.49,16.09,18.72,18.79,18.79,18.8,0.55,22.2,1.0,0.0,20.9,20.2,0.0,1.0,47.0,23.0,0.0,48.0,22.9,0.0,0.0,0.0,3.41,3.61,3.61,3.61,23.29,27.15,27.26,27.25,27.25,0.54,0.0,1.0,0.0,53.0,0.0,0.0,20.6,0.0,52.0,0.0,0.0,20.4,1.0,1.0,1.0
2022-10-18 00:11:44,17.1,1.0,1.0,20.5,1.0,0.0,0.0,20.4,54.0,21.7,0.0,0.0,0.0,65.0,12.0,0.0,0.0,44.0,23.0,0.0,0.0,42.0,22.8,0.0,0.0,46.0,21.7,0.0,0.0,46.0,21.9,0.0,0.0,0.0,49.0,21.6,0.0,27.0,0.0,52.0,19.8,0.0,0.0,0.0,2.35,2.49,2.49,2.49,16.09,18.72,18.79,18.79,18.8,0.55,22.2,1.0,0.0,20.9,20.2,0.0,1.0,47.0,23.0,0.0,48.0,22.9,0.0,0.0,0.0,3.41,3.61,3.61,3.61,23.29,27.15,27.26,27.25,27.25,0.54,0.0,1.0,0.0,53.0,0.0,0.0,20.6,0.0,52.0,0.0,0.0,20.4,1.0,1.0,1.0
2022-10-18 00:11:45,17.1,1.0,1.0,20.5,1.0,0.0,0.0,20.4,54.0,21.7,0.0,0.0,0.0,65.0,12.0,0.0,0.0,44.0,23.0,0.0,0.0,42.0,22.8,0.0,0.0,46.0,21.7,0.0,0.0,46.0,21.9,0.0,0.0,0.0,49.0,21.6,0.0,27.0,0.0,52.0,19.8,0.0,0.0,0.0,2.35,2.49,2.49,2.49,16.09,18.72,18.79,18.79,18.8,0.55,22.2,1.0,0.0,20.9,20.2,0.0,1.0,47.0,23.0,0.0,48.0,22.9,0.0,0.0,0.0,3.41,3.61,3.61,3.61,23.29,27.15,27.26,27.25,27.25,0.54,0.0,1.0,0.0,53.0,0.0,0.0,20.6,0.0,52.0,0.0,0.0,20.4,1.0,1.0,1.0
2022-10-18 00:11:46,17.1,1.0,1.0,20.5,1.0,0.0,0.0,20.4,54.0,21.7,0.0,0.0,0.0,65.0,12.0,0.0,0.0,44.0,23.0,0.0,0.0,42.0,22.8,0.0,0.0,46.0,21.7,0.0,0.0,46.0,21.9,0.0,0.0,0.0,49.0,21.6,0.0,27.0,0.0,52.0,19.8,0.0,0.0,0.0,2.35,2.49,2.49,2.49,16.09,18.72,18.79,18.79,18.8,0.55,22.2,1.0,0.0,20.9,20.2,0.0,1.0,47.0,23.0,0.0,48.0,22.9,0.0,0.0,0.0,3.41,3.61,3.61,3.61,23.29,27.15,27.26,27.25,27.25,0.54,0.0,1.0,0.0,53.0,0.0,0.0,20.6,0.0,52.0,0.0,0.0,20.4,1.0,1.0,1.0
2022-10-18 00:11:47,17.1,1.0,1.0,20.5,1.0,0.0,0.0,20.4,54.0,21.7,0.0,0.0,0.0,65.0,12.0,0.0,0.0,44.0,23.0,0.0,0.0,42.0,22.8,0.0,0.0,46.0,21.7,0.0,0.0,46.0,21.9,0.0,0.0,0.0,49.0,21.6,0.0,27.0,0.0,52.0,19.8,0.0,0.0,0.0,2.35,2.49,2.49,2.49,16.09,18.72,18.79,18.79,18.8,0.55,22.2,1.0,0.0,20.9,20.2,0.0,1.0,47.0,23.0,0.0,48.0,22.9,0.0,0.0,0.0,3.41,3.61,3.61,3.61,23.29,27.15,27.26,27.25,27.25,0.54,0.0,1.0,0.0,53.0,0.0,0.0,20.6,0.0,52.0,0.0,0.0,20.4,1.0,1.0,1.0
2022-10-18 00:11:48,17.1,1.0,1.0,20.5,1.0,0.0,0.0,20.4,54.0,21.7,0.0,0.0,0.0,65.0,12.0,0.0,0.0,44.0,23.0,0.0,0.0,42.0,22.8,0.0,0.0,46.0,21.7,0.0,0.0,46.0,21.9,0.0,0.0,0.0,49.0,21.6,0.0,27.0,0.0,52.0,19.8,0.0,0.0,0.0,2.35,2.49,2.49,2.49,16.09,18.72,18.79,18.79,18.8,0.55,22.2,1.0,0.0,20.9,20.2,0.0,1.0,47.0,23.0,0.0,48.0,22.9,0.0,0.0,0.0,3.41,3.61,3.61,3.61,23.29,27.15,27.26,27.25,27.25,0.54,0.0,1.0,0.0,53.0,0.0,0.0,20.6,0.0,52.0,0.0,0.0,20.4,1.0,1.0,1.0
2022-10-18 00:11:49,17.1,1.0,1.0,20.5,1.0,0.0,0.0,20.4,54.0,21.7,0.0,0.0,0.0,65.0,12.0,0.0,0.0,44.0,23.0,0.0,0.0,42.0,22.8,0.0,0.0,46.0,21.7,0.0,0.0,46.0,21.9,0.0,0.0,0.0,49.0,21.6,0.0,27.0,0.0,52.0,19.8,0.0,0.0,0.0,2.35,2.49,2.49,2.49,16.09,18.72,18.79,18.79,18.8,0.55,22.2,1.0,0.0,20.9,20.2,0.0,1.0,47.0,23.0,0.0,48.0,22.9,0.0,0.0,0.0,3.41,3.61,3.61,3.61,23.29,27.15,27.26,27.25,27.25,0.54,0.0,1.0,0.0,53.0,0.0,0.0,20.6,0.0,52.0,0.0,0.0,20.4,1.0,1.0,1.0
2022-10-18 00:11:50,17.1,1.0,1.0,20.5,1.0,0.0,0.0,20.4,54.0,21.7,0.0,0.0,0.0,65.0,12.0,0.0,0.0,44.0,23.0,0.0,0.0,42.0,22.8,0.0,0.0,46.0,21.7,0.0,0.0,46.0,21.9,0.0,0.0,0.0,49.0,21.6,0.0,27.0,0.0,52.0,19.8,0.0,0.0,0.0,2.35,2.49,2.49,2.49,16.09,18.72,18.79,18.79,18.8,0.55,22.2,1.0,0.0,20.9,20.2,0.0,1.0,47.0,23.0,0.0,48.0,22.9,0.0,0.0,0.0,3.41,3.61,3.61,3.61,23.29,27.15,27.26,27.25,27.25,0.54,0.0,1.0,0.0,53.0,0.0,0.0,20.6,0.0,52.0,0.0,0.0,20.4,1.0,1.0,1.0
2022-10-18 00:11:51,17.1,1.0,1.0,20.5,1.0,0.0,0.0,20.4,54.0,21.7,0.0,0.0,0.0,65.0,12.0,0.0,0.0,44.0,23.0,0.0,0.0,42.0,22.8,0.0,0.0,46.0,21.7,0.0,0.0,46.0,21.9,0.0,0.0,0.0,49.0,21.6,0.0,27.0,0.0,52.0,19.8,0.0,0.0,0.0,2.35,2.49,2.49,2.49,16.09,18.72,18.79,18.79,18.8,0.55,22.2,1.0,0.0,20.9,20.2,0.0,1.0,47.0,23.0,0.0,48.0,22.9,0.0,0.0,0.0,3.41,3.61,3.61,3.61,23.29,27.15,27.26,27.25,27.25,0.54,0.0,1.0,0.0,53.0,0.0,0.0,20.6,0.0,52.0,0.0,0.0,20.4,1.0,1.0,1.0
2022-10-18 00:11:52,17.1,1.0,1.0,20.5,1.0,0.0,0.0,20.4,54.0,21.7,0.0,0.0,0.0,65.0,12.0,0.0,0.0,44.0,23.0,0.0,0.0,42.0,22.8,0.0,0.0,46.0,21.7,0.0,0.0,46.0,21.9,0.0,0.0,0.0,49.0,21.6,0.0,27.0,0.0,52.0,19.8,0.0,0.0,0.0,2.35,2.49,2.49,2.49,16.09,18.72,18.79,18.79,18.8,0.55,22.2,1.0,0.0,20.9,20.2,0.0,1.0,47.0,23.0,0.0,48.0,22.9,0.0,0.0,0.0,3.41,3.61,3.61,3.61,23.29,27.15,27.26,27.25,27.25,0.54,0.0,1.0,0.0,53.0,0.0,0.0,20.6,0.0,52.0,0.0,0.0,20.4,1.0,1.0,1.0
2022-10-18 00:11:53,17.1,1.0,1.0,20.5,1.0,0.0,0.0,20.4,54.0,21.7,0.0,0.0,0.0,65.0,12.0,0.0,0.0,44.0,23.0,0.0,0.0,42.0,22.8,0.0,0.0,46.0,21.7,0.0,0.0,46.0,21.9,0.0,0.0,0.0,49.0,21.6,0.0,27.0,0.0,52.0,19.8,0.0,0.0,0.0,2.35,2.49,2.49,2.49,16.09,18.72,18.79,18.79,18.8,0.55,22.2,1.0,0.0,20.9,20.2,0.0,1.0,47.0,23.0,0.0,48.0,22.9,0.0,0.0,0.0,3.41,3.61,3.61,3.61,23.29,27.15,27.26,27.25,27.25,0.54,0.0,1.0,0.0,53.0,0.0,0.0,20.6,0.0,52.0,0.0,0.0,20.4,1.0,1.0,1.0
2022-10-18 00:11:54,17.1,1.0,1.0,20.5,1.0,0.0,0.0,20.4,54.0,21.7,0.0,0.0,0.0,65.0,12.0,0.0,0.0,44.0,23.0,0.0,0.0,42.0,22.8,0.0,0.0,46.0,21.7,0.0,0.0,46.0,21.9,0.0,0.0,0.0,49.0,21.6,0.0,27.0,0.0,52.0,19.8,0.0,0.0,0.0,2.35,2.49,2.49,2.49,16.09,18.72,18.79,18.79,18.8,0.55,22.2,1.0,0.0,20.9,20.2,0.0,1.0,47.0,23.0,0.0,48.0,22.9,0.0,0.0,0.0,3.41,3.61,3.61,3.61,23.29,27.15,27.26,27.25,27.25,0.54,0.0,1.0,0.0,53.0,0.0,0.0,20.6,0.0,52.0,0.0,0.0,20.4,1.0,1.0,1.0
2022-10-18 00:11:55,17.1,1.0,1.0,20.5,1.0,0.0,0.0,20.4,54.0,21.7,0.0,0.0,0.0,65.0,12.0,0.0,0.0,44.0,23.0,0.0,0.0,42.0,22.8,0.0,0.0,46.0,21.7,0.0,0.0,46.0,21.9,0.0,0.0,0.0,49.0,21.6,0.0,27.0,0.0,52.0,19.8,0.0,0.0,0.0,2.35,2.49,2.49,2.49,16.09,18.72,18.79,18.79,18.8,0.55,22.2,1.0,0.0,20.9,20.2,0.0,1.0,47.0,23.0,0.0,48.0,22.9,0.0,0.0,0.0,3.41,3.61,3.61,3.61,23.29,27.15,27.26,27.25,27.25,0.54,0.0,1.0,0.0,53.0,0.0,0.0,20.6,0.0,52.0,0.0,0.0,20.4,1.0,1.0,1.0
2022-10-18 00:11:56,17.1,1.0,1.0,20.5,1.0,0.0,0.0,20.4,54.0,21.7,0.0,0.0,0.0,65.0,12.0,0.0,0.0,44.0,23.0,0.0,0.0,42.0,22.8,0.0,0.0,46.0,21.7,0.0,0.0,46.0,21.9,0.0,0.0,0.0,49.0,21.6,0.0,27.0,0.0,52.0,19.8,0.0,0.0,0.0,2.35,2.49,2.49,2.49,16.09,18.72,18.79,18.79,18.8,0.55,22.2,1.0,0.0,20.9,20.2,0.0,1.0,47.0,23.0,0.0,48.0,22.9,0.0,0.0,0.0,3.41,3.61,3.61,3.61,23.29,27.15,27.26,27.25,27.25,0.54,0.0,1.0,0.0,53.0,0.0,0.0,20.6,0.0,52.0,0.0,0.0,20.4,1.0,1.0,1.0
2022-10-18 00:11:57,17.1,1.0,1.0,20.5,1.0,0.0,0.0,20.4,54.0,21.7,0.0,0.0,0.0,65.0,12.0,0.0,0.0,44.0,23.0,0.0,0.0,42.0,22.8,0.0,0.0,46.0,21.7,0.0,0.0,46.0,21.9,0.0,0.0,0.0,49.0,21.6,0.0,27.0,0.0,52.0,19.8,0.0,0.0,0.0,2.35,2.49,2.49,2.49,16.09,18.72,18.79,18.79,18.8,0.55,22.2,1.0,0.0,20.9,20.2,0.0,1.0,47.0,23.0,0.0,48.0,22.9,0.0,0.0,0.0,3.41,3.61,3.61,3.61,23.29,27.15,27.26,27.25,27.25,0.54,0.0,1.0,0.0,53.0,0.0,0.0,20.6,0.0,52.0,0.0,0.0,20.4,1.0,1.0,1.0
2022-10-18 00:11:58,17.1,1.0,1.0,20.5,1.0,0.0,0.0,20.4,54.0,21.7,0.0,0.0,0.0,65.0,12.0,0.0,0.0,44.0,23.0,0.0,0.0,42.0,22.8,0.0,0.0,46.0,21.7,0.0,0.0,46.0,21.9,0.0,0.0,0.0,49.0,21.6,0.0,27.0,0.0,52.0,19.8,0.0,0.0,0.0,2.35,2.49,2.49,2.49,16.09,18.72,18.79,18.79,18.8,0.55,22.2,1.0,0.0,20.9,20.2,0.0,1.0,47.0,23.0,0.0,48.0,22.9,0.0,0.0,0.0,3.41,3.61,3.61,3.61,23.29,27.15,27.26,27.25,27.25,0.54,0.0,1.0,0.0,53.0,0.0,0.0,20.6,0.0,52.0,0.0,0.0,20.4,1.0,1.0,1.0
2022-10-18 00:11:59,17.1,1.0,1.0,20.5,1.0,0.0,0.0,20.4,54.0,21.7,0.0,0.0,0.0,65.0,12.0,0.0,0.0,44.0,23.0,0.0,0.0,42.0,22.8,0.0,0.0,46.0,21.7,0.0,0.0,46.0,21.9,0.0,0.0,0.0,49.0,21.6,0.0,27.0,0.0,52.0,19.8,0.0,0.0,0.0,2.35,2.49,2.49,2.49,16.09,18.72,18.79,18.79,18.8,0.55,22.2,1.0,0.0,20.9,20.2,0.0,1.0,47.0,23.0,0.0,48.0,22.9,0.0,0.0,0.0,3.41,3.61,3.61,3.61,23.29,27.15,27.26,27.25,27.25,0.54,0.0,1.0,0.0,53.0,0.0,0.0,20.6,0.0,52.0,0.0,0.0,20.4,1.0,1.0,1.0
2022-10-18 00:12:00,17.1,1.0,1.0,20.5,1.0,0.0,0.0,20.4,54.0,21.7,0.0,0.0,0.0,65.0,12.0,0.0,0.0,44.0,23.0,0.0,0.0,42.0,22.8,0.0,0.0,46.0,21.7,0.0,0.0,46.0,21.9,0.0,0.0,0.0,49.0,21.6,0.0,27.0,0.0,52.0,19.8,0.0,0.0,0.0,2.35,2.49,2.49,2.49,16.09,18.72,18.79,18.79,18.8,0.55,22.2,1.0,0.0,20.9,20.2,0.0,1.0,47.0,23.0,0.0,48.0,22.9,0.0,0.0,0.0,3.41,3.61,3.61,3.61,23.29,27.15,27.26,27.25,27.25,0.54,0.0,1.0,0.0,53.0,0.0,0.0,20.6,0.0,52.0,0.0,0.0,20.4,1.0,1.0,1.0
2022-10-18 00:12:01,17.1,1.0,1.0,20.5,1.0,0.0,0.0,20.4,54.0,21.7,0.0,0.0,0.0,65.0,12.0,0.0,0.0,44.0,23.0,0.0,0.0,42.0,22.8,0.0,0.0,46.0,21.7,0.0,0.0,46.0,21.9,0.0,0.0,0.0,49.0,21.6,0.0,27.0,0.0,52.0,19.8,0.0,0.0,0.0,2.35,2.49,2.49,2.49,16.09,18.72,18.79,18.79,18.8,0.55,22.2,1.0,0.0,20.9,20.2,0.0,1.0,47.0,23.0,0.0,48.0,22.9,0.0,0.0,0.0,3.41,3.61,3.61,3.61,23.29,27.15,27.26,27.25,27.25,0.54,0.0,1.0,0.0,53.0,0.0,0.0,20.6,0.0,52.0,0.0,0.0,20.4,1.0,1.0,1.0
2022-10-18 00:12:02,17.1,1.0,1.0,20.5,1.0,0.0,0.0,20.4,54.0,21.7,0.0,0.0,0.0,65.0,12.0,0.0,0.0,44.0,23.0,0.0,0.0,42.0,22.8,0.0,0.0,46.0,21.7,0.0,0.0,46.0,21.9,0.0,0.0,0.0,49.0,21.6,0.0,27.0,0.0,52.0,19.8,0.0,0.0,0.0,2.35,2.49,2.49,2.49,16.09,18.72,18.79,18.79,18.8,0.55,22.2,1.0,0.0,20.9,20.2,0.0,1.0,47.0,23.0,0.0,48.0,22.9,0.0,0.0,0.0,3.41,3.61,3.61,3.61,23.29,27.15,27.26,27.25,27.25,0.54,0.0,1.0,0.0,53.0,0.0,0.0,20.6,0.0,52.0,0.0,0.0,20.4,1.0,1.0,1.0
2022-10-18 00:12:03,17.1,1.0,1.0,20.5,1.0,0.0,0.0,20.4,54.0,21.7,0.0,0.0,0.0,65.0,12.0,0.0,0.0,44.0,23.0,0.0,0.0,42.0,22.8,0.0,0.0,46.0,21.7,0.0,0.0,46.0,21.9,0.0,0.0,0.0,49.0,21.6,0.0,27.0,0.0,52.0,19.8,0.0,0.0,0.0,2.35,2.49,2.49,2.49,16.09,18.72,18.79,18.79,18.8,0.55,22.2,1.0,0.0,20.9,20.2,0.0,1.0,47.0,23.0,0.0,48.0,22.9,0.0,0.0,0.0,3.41,3.61,3.61,3.61,23.29,27.15,27.26,27.25,27.25,0.54,0.0,1.0,0.0,53.0,0.0,0.0,20.6,0.0,52.0,0.0,0.0,20.4,1.0,1.0,1.0
2022-10-18 00:12:04,17.1,1.0,1.0,20.5,1.0,0.0,0.0,20.4,54.0,21.7,0.0,0.0,0.0,65.0,12.0,0.0,0.0,44.0,23.0,0.0,0.0,42.0,22.8,0.0,0.0,46.0,21.7,0.0,0.0,46.0,21.9,0.0,0.0,0.0,49.0,21.6,0.0,27.0,0.0,52.0,19.8,0.0,0.0,0.0,2.35,2.49,2.49,2.49,16.09,18.72,18.79,18.79,18.8,0.55,22.2,1.0,0.0,20.9,20.2,0.0,1.0,47.0,23.0,0.0,48.0,22.9,0.0,0.0,0.0,3.41,3.61,3.61,3.61,23.29,27.15,27.26,27.25,27.25,0.54,0.0,1.0,0.0,53.0,0.0,0.0,20.6,0.0,52.0,0.0,0.0,20.4,1.0,1.0,1.0
2022-10-18 00:12:05,17.1,1.0,1.0,20.5,1.0,0.0,0.0,20.4,54.0,21.7,0.0,0.0,0.0,65.0,12.0,0.0,0.0,44.0,23.0,0.0,0.0,42.0,22.8,0.0,0.0,46.0,21.7,0.0,0.0,46.0,21.9,0.0,0.0,0.0,49.0,21.6,0.0,27.0,0.0,52.0,19.8,0.0,0.0,0.0,2.35,2.49,2.49,2.49,16.09,18.72,18.79,18.79,18.8,0.55,22.2,1.0,0.0,20.9,20.2,0.0,1.0,47.0,23.0,0.0,48.0,22.9,0.0,0.0,0.0,3.41,3.61,3.61,3.61,23.29,27.15,27.26,27.25,27.25,0.54,0.0,1.0,0.0,53.0,0.0,0.0,20.6,0.0,52.0,0.0,0.0,20.4,1.0,1.0,1.0
2022-10-18 00:12:06,17.1,1.0,1.0,20.5,1.0,0.0,0.0,20.4,54.0,21.7,0.0,0.0,0.0,65.0,12.0,0.0,0.0,44.0,23.0,0.0,0.0,42.0,22.8,0.0,0.0,46.0,21.7,0.0,0.0,46.0,21.9,0.0,0.0,0.0,49.0,21.6,0.0,27.0,0.0,52.0,19.8,0.0,0.0,0.0,2.35,2.49,2.49,2.49,16.09,18.72,18.79,18.79,18.8,0.55,22.2,1.0,0.0,20.9,20.2,0.0,1.0,47.0,23.0,0.0,48.0,22.9,0.0,0.0,0.0,3.41,3.61,3.61,3.61,23.29,27.15,27.26,27.25,27.25,0.54,0.0,1.0,0.0,53.0,0.0,0.0,20.6,0.0,52.0,0.0,0.0,20.4,1.0,1.0,1.0
2022-10-18 00:12:07,17.1,1.0,1.0,20.5,1.0,0.0,0.0,20.4,54.0,21.7,0.0,0.0,0.0,65.0,12.0,0.0,0.0,44.0,23.0,0.0,0.0,42.0,22.8,0.0,0.0,46.0,21.7,0.0,0.0,46.0,21.9,0.0,0.0,0.0,49.0,21.6,0.0,27.0,0.0,52.0,19.8,0.0,0.0,0.0,2.35,2.49,2.49,2.49,16.09,18.72,18.79,18.79,18.8,0.55,22.2,1.0,0.0,20.9,20.2,0.0,1.0,47.0,23.0,0.0,48.0,22.9,0.0,0.0,0.0,3.41,3.61,3.61,3.61,23.29,27.15,27.26,27.25,27.25,0.54,0.0,1.0,0.0,53.0,0.0,0.0,20.6,0.0,52.0,0.0,0.0,20.4,1.0,1.0,1.0
2022-10-18 00:12:08,17.1,1.0,1.0,20.5,1.0,0.0,0.0,20.4,54.0,21.7,0.0,0.0,0.0,65.0,12.0,0.0,0.0,44.0,23.0,0.0,0.0,42.0,22.8,0.0,0.0,46.0,21.7,0.0,0.0,46.0,21.9,0.0,0.0,0.0,49.0,21.6,0.0,27.0,0.0,52.0,19.8,0.0,0.0,0.0,2.35,2.49,2.49,2.49,16.09,18.72,18.79,18.79,18.8,0.55,22.2,1.0,0.0,20.9,20.2,0.0,1.0,47.0,23.0,0.0,48.0,22.9,0.0,0.0,0.0,3.41,3.61,3.61,3.61,23.29,27.15,27.26,27.25,27.25,0.54,0.0,1.0,0.0,53.0,0.0,0.0,20.6,0.0,52.0,0.0,0.0,20.4,1.0,1.0,1.0
2022-10-18 00:12:09,17.1,1.0,1.0,20.5,1.0,0.0,0.0,20.4,54.0,21.7,0.0,0.0,0.0,65.0,12.0,0.0,0.0,44.0,23.0,0.0,0.0,42.0,22.8,0.0,0.0,46.0,21.7,0.0,0.0,46.0,21.9,0.0,0.0,0.0,49.0,21.6,0.0,27.0,0.0,52.0,19.8,0.0,0.0,0.0,2.35,2.49,2.49,2.49,16.09,18.72,18.79,18.79,18.8,0.55,22.2,1.0,0.0,20.9,20.2,0.0,1.0,47.0,23.0,0.0,48.0,22.9,0.0,0.0,0.0,3.41,3.61,3.61,3.61,23.29,27.15,27.26,27.25,27.25,0.54,0.0,1.0,0.0,53.0,0.0,0.0,20.6,0.0,52.0,0.0,0.0,20.4,1.0,1.0,1.0
2022-10-18 00:12:10,17.1,1.0,1.0,20.5,1.0,0.0,0.0,20.4,54.0,21.7,0.0,0.0,0.0,65.0,12.0,0.0,0.0,44.0,23.0,0.0,0.0,42.0,22.8,0.0,0.0,46.0,21.7,0.0,0.0,46.0,21.9,0.0,0.0,0.0,49.0,21.6,0.0,27.0,0.0,52.0,19.8,0.0,0.0,0.0,2.35,2.49,2.49,2.49,16.09,18.72,18.79,18.79,18.8,0.55,22.2,1.0,0.0,20.9,20.2,0.0,1.0,47.0,23.0,0.0,48.0,22.9,0.0,0.0,0.0,3.41,3.61,3.61,3.61,23.29,27.15,27.26,27.25,27.25,0.54,0.0,1.0,0.0,53.0,0.0,0.0,20.6,0.0,52.0,0.0,0.0,20.4,1.0,1.0,1.0
2022-10-18 00:12:11,17.1,1.0,1.0,20.5,1.0,0.0,0.0,20.4,54.0,21.7,0.0,0.0,0.0,65.0,12.0,0.0,0.0,44.0,23.0,0.0,0.0,42.0,22.8,0.0,0.0,46.0,21.7,0.0,0.0,46.0,21.9,0.0,0.0,0.0,49.0,21.6,0.0,27.0,0.0,52.0,19.8,0.0,0.0,0.0,2.35,2.49,2.49,2.49,16.09,18.72,18.79,18.79,18.8,0.55,22.2,1.0,0.0,20.9,20.2,0.0,1.0,47.0,23.0,0.0,48.0,22.9,0.0,0.0,0.0,3.41,3.61,3.61,3.61,23.29,27.15,27.26,27.25,27.25,0.54,0.0,1.0,0.0,53.0,0.0,0.0,20.6,0.0,52.0,0.0,0.0,20.4,1.0,1.0,1.0
2022-10-18 00:12:12,17.1,1.0,1.0,20.5,1.0,0.0,0.0,20.4,54.0,21.7,0.0,0.0,0.0,65.0,12.0,0.0,0.0,44.0,23.0,0.0,0.0,42.0,22.8,0.0,0.0,46.0,21.7,0.0,0.0,46.0,21.9,0.0,0.0,0.0,49.0,21.6,0.0,27.0,0.0,52.0,19.8,0.0,0.0,0.0,2.35,2.49,2.49,2.49,16.09,18.72,18.79,18.79,18.8,0.55,22.2,1.0,0.0,20.9,20.2,0.0,1.0,47.0,23.0,0.0,48.0,22.9,0.0,0.0,0.0,3.41,3.61,3.61,3.61,23.29,27.15,27.26,27.25,27.25,0.54,0.0,1.0,0.0,53.0,0.0,0.0,20.6,0.0,52.0,0.0,0.0,20.4,1.0,1.0,1.0
2022-10-18 00:12:13,17.1,1.0,1.0,20.5,1.0,0.0,0.0,20.4,54.0,21.7,0.0,0.0,0.0,65.0,12.0,0.0,0.0,44.0,23.0,0.0,0.0,42.0,22.8,0.0,0.0,46.0,21.7,0.0,0.0,46.0,21.9,0.0,0.0,0.0,49.0,21.6,0.0,27.0,0.0,52.0,19.8,0.0,0.0,0.0,2.35,2.49,2.49,2.49,16.09,18.72,18.79,18.79,18.8,0.55,22.2,1.0,0.0,20.9,20.2,0.0,1.0,47.0,23.0,0.0,48.0,22.9,0.0,0.0,0.0,3.41,3.61,3.61,3.61,23.29,27.15,27.26,27.25,27.25,0.54,0.0,1.0,0.0,53.0,0.0,0.0,20.6,0.0,52.0,0.0,0.0,20.4,1.0,1.0,1.0
2022-10-18 00:12:14,17.1,1.0,1.0,20.5,1.0,0.0,0.0,20.4,54.0,21.7,0.0,0.0,0.0,65.0,12.0,0.0,0.0,44.0,23.0,0.0,0.0,42.0,22.8,0.0,0.0,46.0,21.7,0.0,0.0,46.0,21.9,0.0,0.0,0.0,49.0,21.6,0.0,27.0,0.0,52.0,19.8,0.0,0.0,0.0,2.35,2.49,2.49,2.49,16.09,18.72,18.79,18.79,18.8,0.55,22.2,1.0,0.0,20.9,20.2,0.0,1.0,47.0,23.0,0.0,48.0,22.9,0.0,0.0,0.0,3.41,3.61,3.61,3.61,23.29,27.15,27.26,27.25,27.25,0.54,0.0,1.0,0.0,53.0,0.0,0.0,20.6,0.0,52.0,0.0,0.0,20.4,1.0,1.0,1.0
2022-10-18 00:12:15,17.1,1.0,1.0,20.5,1.0,0.0,0.0,20.4,54.0,21.7,0.0,0.0,0.0,65.0,12.0,0.0,0.0,44.0,23.0,0.0,0.0,42.0,22.8,0.0,0.0,46.0,21.7,0.0,0.0,46.0,21.9,0.0,0.0,0.0,49.0,21.6,0.0,27.0,0.0,52.0,19.8,0.0,0.0,0.0,2.35,2.49,2.49,2.49,16.09,18.72,18.79,18.79,18.8,0.55,22.2,1.0,0.0,20.9,20.2,0.0,1.0,47.0,23.0,0.0,48.0,22.9,0.0,0.0,0.0,3.41,3.61,3.61,3.61,23.29,27.15,27.26,27.25,27.25,0.54,0.0,1.0,0.0,53.0,0.0,0.0,20.6,0.0,52.0,0.0,0.0,20.4,1.0,1.0,1.0
2022-10-18 00:12:16,17.1,1.0,1.0,20.5,1.0,0.0,0.0,20.4,54.0,21.7,0.0,0.0,0.0,65.0,12.0,0.0,0.0,44.0,23.0,0.0,0.0,42.0,22.8,0.0,0.0,46.0,21.7,0.0,0.0,46.0,21.9,0.0,0.0,0.0,49.0,21.6,0.0,27.0,0.0,52.0,19.8,0.0,0.0,0.0,2.35,2.49,2.49,2.49,16.09,18.72,18.79,18.79,18.8,0.55,22.2,1.0,0.0,20.9,20.2,0.0,1.0,47.0,23.0,0.0,48.0,22.9,0.0,0.0,0.0,3.41,3.61,3.61,3.61,23.29,27.15,27.26,27.25,27.25,0.54,0.0,1.0,0.0,53.0,0.0,0.0,20.6,0.0,52.0,0.0,0.0,20.4,1.0,1.0,1.0
2022-10-18 00:12:17,17.1,1.0,1.0,20.5,1.0,0.0,0.0,20.4,54.0,21.7,0.0,0.0,0.0,65.0,12.0,0.0,0.0,44.0,23.0,0.0,0.0,42.0,22.8,0.0,0.0,46.0,21.7,0.0,0.0,46.0,21.9,0.0,0.0,0.0,49.0,21.6,0.0,27.0,0.0,52.0,19.8,0.0,0.0,0.0,2.35,2.49,2.49,2.49,16.09,18.72,18.79,18.79,18.8,0.55,22.2,1.0,0.0,20.9,20.2,0.0,1.0,47.0,23.0,0.0,48.0,22.9,0.0,0.0,0.0,3.41,3.61,3.61,3.61,23.29,27.15,27.26,27.25,27.25,0.54,0.0,1.0,0.0,53.0,0.0,0.0,20.6,0.0,52.0,0.0,0.0,20.4,1.0,1.0,1.0
2022-10-18 00:12:18,17.1,1.0,1.0,20.5,1.0,0.0,0.0,20.4,54.0,21.7,0.0,0.0,0.0,65.0,12.0,0.0,0.0,44.0,23.0,0.0,0.0,42.0,22.8,0.0,0.0,46.0,21.7,0.0,0.0,46.0,21.9,0.0,0.0,0.0,49.0,21.6,0.0,27.0,0.0,52.0,19.8,0.0,0.0,0.0,2.35,2.49,2.49,2.49,16.09,18.72,18.79,18.79,18.8,0.55,22.2,1.0,0.0,20.9,20.2,0.0,1.0,47.0,23.0,0.0,48.0,22.9,0.0,0.0,0.0,3.41,3.61,3.61,3.61,23.29,27.15,27.26,27.25,27.25,0.54,0.0,1.0,0.0,53.0,0.0,0.0,20.6,0.0,52.0,0.0,0.0,20.4,1.0,1.0,1.0
2022-10-18 00:12:19,17.1,1.0,1.0,20.5,1.0,0.0,0.0,20.4,54.0,21.7,0.0,0.0,0.0,65.0,12.0,0.0,0.0,44.0,23.0,0.0,0.0,42.0,22.8,0.0,0.0,46.0,21.7,0.0,0.0,46.0,21.9,0.0,0.0,0.0,49.0,21.6,0.0,27.0,0.0,52.0,19.8,0.0,0.0,0.0,2.35,2.49,2.49,2.49,16.09,18.72,18.79,18.79,18.8,0.55,22.2,1.0,0.0,20.9,20.2,0.0,1.0,47.0,23.0,0.0,48.0,22.9,0.0,0.0,0.0,3.41,3.61,3.61,3.61,23.29,27.15,27.26,27.25,27.25,0.54,0.0,1.0,0.0,53.0,0.0,0.0,20.6,0.0,52.0,0.0,0.0,20.4,1.0,1.0,1.0
2022-10-18 00:12:20,17.1,1.0,1.0,20.5,1.0,0.0,0.0,20.4,54.0,21.7,0.0,0.0,0.0,65.0,12.0,0.0,0.0,44.0,23.0,0.0,0.0,42.0,22.8,0.0,0.0,46.0,21.7,0.0,0.0,46.0,21.9,0.0,0.0,0.0,49.0,21.6,0.0,27.0,0.0,52.0,19.8,0.0,0.0,0.0,2.35,2.49,2.49,2.49,16.09,18.72,18.79,18.79,18.8,0.55,22.2,1.0,0.0,20.9,20.2,0.0,1.0,47.0,23.0,0.0,48.0,22.9,0.0,0.0,0.0,3.41,3.61,3.61,3.61,23.29,27.15,27.26,27.25,27.25,0.54,0.0,1.0,0.0,53.0,0.0,0.0,20.6,0.0,52.0,0.0,0.0,20.4,1.0,1.0,1.0
2022-10-18 00:12:21,17.1,1.0,1.0,20.5,1.0,0.0,0.0,20.4,54.0,21.7,0.0,0.0,0.0,65.0,12.0,0.0,0.0,44.0,23.0,0.0,0.0,42.0,22.8,0.0,0.0,46.0,21.7,0.0,0.0,46.0,21.9,0.0,0.0,0.0,49.0,21.6,0.0,27.0,0.0,52.0,19.8,0.0,0.0,0.0,2.35,2.49,2.49,2.49,16.09,18.72,18.79,18.79,18.8,0.55,22.2,1.0,0.0,20.9,20.2,0.0,1.0,47.0,23.0,0.0,48.0,22.9,0.0,0.0,0.0,3.41,3.61,3.61,3.61,23.29,27.15,27.26,27.25,27.25,0.54,0.0,1.0,0.0,53.0,0.0,0.0,20.6,0.0,52.0,0.0,0.0,20.4,1.0,1.0,1.0
2022-10-18 00:12:22,17.1,1.0,1.0,20.5,1.0,0.0,0.0,20.4,54.0,21.7,0.0,0.0,0.0,65.0,12.0,0.0,0.0,44.0,23.0,0.0,0.0,42.0,22.8,0.0,0.0,46.0,21.7,0.0,0.0,46.0,21.9,0.0,0.0,0.0,49.0,21.6,0.0,27.0,0.0,52.0,19.8,0.0,0.0,0.0,2.35,2.49,2.49,2.49,16.09,18.72,18.79,18.79,18.8,0.55,22.2,1.0,0.0,20.9,20.2,0.0,1.0,47.0,23.0,0.0,48.0,22.9,0.0,0.0,0.0,3.41,3.61,3.61,3.61,23.29,27.15,27.26,27.25,27.25,0.54,0.0,1.0,0.0,53.0,0.0,0.0,20.6,0.0,52.0,0.0,0.0,20.4,1.0,1.0,1.0
2022-10-18 00:12:23,17.1,1.0,1.0,20.5,1.0,0.0,0.0,20.4,54.0,21.7,0.0,0.0,0.0,65.0,12.0,0.0,0.0,44.0,23.0,0.0,0.0,42.0,22.8,0.0,0.0,46.0,21.7,0.0,0.0,46.0,21.9,0.0,0.0,0.0,49.0,21.6,0.0,27.0,0.0,52.0,19.8,0.0,0.0,0.0,2.35,2.49,2.49,2.49,16.09,18.72,18.79,18.79,18.8,0.55,22.2,1.0,0.0,20.9,20.2,0.0,1.0,47.0,23.0,0.0,48.0,22.9,0.0,0.0,0.0,3.41,3.61,3.61,3.61,23.29,27.15,27.26,27.25,27.25,0.54,0.0,1.0,0.0,53.0,0.0,0.0,20.6,0.0,52.0,0.0,0.0,20.4,1.0,1.0,1.0
2022-10-18 00:12:24,17.1,1.0,1.0,20.5,1.0,0.0,0.0,20.4,54.0,21.7,0.0,0.0,0.0,65.0,12.0,0.0,0.0,44.0,23.0,0.0,0.0,42.0,22.8,0.0,0.0,46.0,21.7,0.0,0.0,46.0,21.9,0.0,0.0,0.0,49.0,21.6,0.0,27.0,0.0,52.0,19.8,0.0,0.0,0.0,2.35,2.49,2.49,2.49,16.09,18.72,18.79,18.79,18.8,0.55,22.2,1.0,0.0,20.9,20.2,0.0,1.0,47.0,23.0,0.0,48.0,22.9,0.0,0.0,0.0,3.41,3.61,3.61,3.61,23.29,27.15,27.26,27.25,27.25,0.54,0.0,1.0,0.0,53.0,0.0,0.0,20.6,0.0,52.0,0.0,0.0,20.4,1.0,1.0,1.0
2022-10-18 00:12:25,17.1,1.0,1.0,20.5,1.0,0.0,0.0,20.4,54.0,21.7,0.0,0.0,0.0,65.0,12.0,0.0,0.0,44.0,23.0,0.0,0.0,42.0,22.8,0.0,0.0,46.0,21.7,0.0,0.0,46.0,21.9,0.0,0.0,0.0,49.0,21.6,0.0,27.0,0.0,52.0,19.8,0.0,0.0,0.0,2.35,2.49,2.49,2.49,16.09,18.72,18.79,18.79,18.8,0.55,22.2,1.0,0.0,20.9,20.2,0.0,1.0,47.0,23.0,0.0,48.0,22.9,0.0,0.0,0.0,3.41,3.61,3.61,3.61,23.29,27.15,27.26,27.25,27.25,0.54,0.0,1.0,0.0,53.0,0.0,0.0,20.6,0.0,52.0,0.0,0.0,20.4,1.0,1.0,1.0
2022-10-18 00:12:26,17.1,1.0,1.0,20.5,1.0,0.0,0.0,20.4,54.0,21.7,0.0,0.0,0.0,65.0,12.0,0.0,0.0,44.0,23.0,0.0,0.0,42.0,22.8,0.0,0.0,46.0,21.7,0.0,0.0,46.0,21.9,0.0,0.0,0.0,49.0,21.6,0.0,27.0,0.0,52.0,19.8,0.0,0.0,0.0,2.35,2.49,2.49,2.49,16.09,18.72,18.79,18.79,18.8,0.55,22.2,1.0,0.0,20.9,20.2,0.0,1.0,47.0,23.0,0.0,48.0,22.9,0.0,0.0,0.0,3.41,3.61,3.61,3.61,23.29,27.15,27.26,27.25,27.25,0.54,0.0,1.0,0.0,53.0,0.0,0.0,20.6,0.0,52.0,0.0,0.0,20.4,1.0,1.0,1.0
2022-10-18 00:12:27,17.1,1.0,1.0,20.5,1.0,0.0,0.0,20.4,54.0,21.7,0.0,0.0,0.0,65.0,12.0,0.0,0.0,44.0,23.0,0.0,0.0,42.0,22.8,0.0,0.0,46.0,21.7,0.0,0.0,46.0,21.9,0.0,0.0,0.0,49.0,21.6,0.0,27.0,0.0,52.0,19.8,0.0,0.0,0.0,2.35,2.49,2.49,2.49,16.09,18.72,18.79,18.79,18.8,0.55,22.2,1.0,0.0,20.9,20.2,0.0,1.0,47.0,23.0,0.0,48.0,22.9,0.0,0.0,0.0,3.41,3.61,3.61,3.61,23.29,27.15,27.26,27.25,27.25,0.54,0.0,1.0,0.0,53.0,0.0,0.0,20.6,0.0,52.0,0.0,0.0,20.4,1.0,1.0,1.0
2022-10-18 00:12:28,17.1,1.0,1.0,20.5,1.0,0.0,0.0,20.4,54.0,21.7,0.0,0.0,0.0,65.0,12.0,0.0,0.0,44.0,23.0,0.0,0.0,42.0,22.8,0.0,0.0,46.0,21.7,0.0,0.0,46.0,21.9,0.0,0.0,0.0,49.0,21.6,0.0,27.0,0.0,52.0,19.8,0.0,0.0,0.0,2.35,2.49,2.49,2.49,16.09,18.72,18.79,18.79,18.8,0.55,22.2,1.0,0.0,20.9,20.2,0.0,1.0,47.0,23.0,0.0,48.0,22.9,0.0,0.0,0.0,3.41,3.61,3.61,3.61,23.29,27.15,27.26,27.25,27.25,0.54,0.0,1.0,0.0,53.0,0.0,0.0,20.6,0.0,52.0,0.0,0.0,20.4,1.0,1.0,1.0
2022-10-18 00:12:29,17.1,1.0,1.0,20.5,1.0,0.0,0.0,20.4,54.0,21.7,0.0,0.0,0.0,65.0,12.0,0.0,0.0,44.0,23.0,0.0,0.0,42.0,22.8,0.0,0.0,46.0,21.7,0.0,0.0,46.0,21.9,0.0,0.0,0.0,49.0,21.6,0.0,27.0,0.0,52.0,19.8,0.0,0.0,0.0,2.35,2.49,2.49,2.49,16.09,18.72,18.79,18.79,18.8,0.55,22.2,1.0,0.0,20.9,20.2,0.0,1.0,47.0,23.0,0.0,48.0,22.9,0.0,0.0,0.0,3.41,3.61,3.61,3.61,23.29,27.15,27.26,27.25,27.25,0.54,0.0,1.0,0.0,53.0,0.0,0.0,20.6,0.0,52.0,0.0,0.0,20.4,1.0,1.0,1.0
2022-10-18 00:12:30,17.1,1.0,1.0,20.5,1.0,0.0,0.0,20.4,54.0,21.7,0.0,0.0,0.0,65.0,12.0,0.0,0.0,44.0,23.0,0.0,0.0,42.0,22.8,0.0,0.0,46.0,21.7,0.0,0.0,46.0,21.9,0.0,0.0,0.0,49.0,21.6,0.0,27.0,0.0,52.0,19.8,0.0,0.0,0.0,2.35,2.49,2.49,2.49,16.09,18.72,18.79,18.79,18.8,0.55,22.2,1.0,0.0,20.9,20.2,0.0,1.0,47.0,23.0,0.0,48.0,22.9,0.0,0.0,0.0,3.41,3.61,3.61,3.61,23.29,27.15,27.26,27.25,27.25,0.54,0.0,1.0,0.0,53.0,0.0,0.0,20.6,0.0,52.0,0.0,0.0,20.4,1.0,1.0,1.0
2022-10-18 00:12:31,17.1,1.0,1.0,20.5,1.0,0.0,0.0,20.4,54.0,21.7,0.0,0.0,0.0,65.0,12.0,0.0,0.0,44.0,23.0,0.0,0.0,42.0,22.8,0.0,0.0,46.0,21.7,0.0,0.0,46.0,21.9,0.0,0.0,0.0,49.0,21.6,0.0,27.0,0.0,52.0,19.8,0.0,0.0,0.0,2.35,2.49,2.49,2.49,16.09,18.72,18.79,18.79,18.8,0.55,22.2,1.0,0.0,20.9,20.2,0.0,1.0,47.0,23.0,0.0,48.0,22.9,0.0,0.0,0.0,3.41,3.61,3.61,3.61,23.29,27.15,27.26,27.25,27.25,0.54,0.0,1.0,0.0,53.0,0.0,0.0,20.6,0.0,52.0,0.0,0.0,20.4,1.0,1.0,1.0
2022-10-18 00:12:32,17.1,1.0,1.0,20.5,1.0,0.0,0.0,20.4,54.0,21.7,0.0,0.0,0.0,65.0,12.0,0.0,0.0,44.0,23.0,0.0,0.0,42.0,22.8,0.0,0.0,46.0,21.7,0.0,0.0,46.0,21.9,0.0,0.0,0.0,49.0,21.6,0.0,27.0,0.0,52.0,19.8,0.0,0.0,0.0,2.35,2.49,2.49,2.49,16.09,18.72,18.79,18.79,18.8,0.55,22.2,1.0,0.0,20.9,20.2,0.0,1.0,47.0,23.0,0.0,48.0,22.9,0.0,0.0,0.0,3.41,3.61,3.61,3.61,23.29,27.15,27.26,27.25,27.25,0.54,0.0,1.0,0.0,53.0,0.0,0.0,20.6,0.0,52.0,0.0,0.0,20.4,1.0,1.0,1.0
2022-10-18 00:12:33,17.1,1.0,1.0,20.5,1.0,0.0,0.0,20.4,54.0,21.7,0.0,0.0,0.0,65.0,12.0,0.0,0.0,44.0,23.0,0.0,0.0,42.0,22.8,0.0,0.0,46.0,21.7,0.0,0.0,46.0,21.9,0.0,0.0,0.0,49.0,21.6,0.0,27.0,0.0,52.0,19.8,0.0,0.0,0.0,2.35,2.49,2.49,2.49,16.09,18.72,18.79,18.79,18.8,0.55,22.2,1.0,0.0,20.9,20.2,0.0,1.0,47.0,23.0,0.0,48.0,22.9,0.0,0.0,0.0,3.41,3.61,3.61,3.61,23.29,27.15,27.26,27.25,27.25,0.54,0.0,1.0,0.0,53.0,0.0,0.0,20.6,0.0,52.0,0.0,0.0,20.4,1.0,1.0,1.0
2022-10-18 00:12:34,17.1,1.0,1.0,20.5,1.0,0.0,0.0,20.4,54.0,21.7,0.0,0.0,0.0,65.0,12.0,0.0,0.0,44.0,23.0,0.0,0.0,42.0,22.8,0.0,0.0,46.0,21.7,0.0,0.0,46.0,21.9,0.0,0.0,0.0,49.0,21.6,0.0,27.0,0.0,52.0,19.8,0.0,0.0,0.0,2.35,2.49,2.49,2.49,16.09,18.72,18.79,18.79,18.8,0.55,22.2,1.0,0.0,20.9,20.2,0.0,1.0,47.0,23.0,0.0,48.0,22.9,0.0,0.0,0.0,3.41,3.61,3.61,3.61,23.29,27.15,27.26,27.25,27.25,0.54,0.0,1.0,0.0,53.0,0.0,0.0,20.6,0.0,52.0,0.0,0.0,20.4,1.0,1.0,1.0
2022-10-18 00:12:35,17.1,1.0,1.0,20.5,1.0,0.0,0.0,20.4,54.0,21.7,0.0,0.0,0.0,65.0,12.0,0.0,0.0,44.0,23.0,0.0,0.0,42.0,22.8,0.0,0.0,46.0,21.7,0.0,0.0,46.0,21.9,0.0,0.0,0.0,49.0,21.6,0.0,27.0,0.0,52.0,19.8,0.0,0.0,0.0,2.35,2.49,2.49,2.49,16.09,18.72,18.79,18.79,18.8,0.55,22.2,1.0,0.0,20.9,20.2,0.0,1.0,47.0,23.0,0.0,48.0,22.9,0.0,0.0,0.0,3.41,3.61,3.61,3.61,23.29,27.15,27.26,27.25,27.25,0.54,0.0,1.0,0.0,53.0,0.0,0.0,20.6,0.0,52.0,0.0,0.0,20.4,1.0,1.0,1.0
2022-10-18 00:12:36,17.1,1.0,1.0,20.5,1.0,0.0,0.0,20.4,54.0,21.7,0.0,0.0,0.0,65.0,12.0,0.0,0.0,44.0,23.0,0.0,0.0,42.0,22.8,0.0,0.0,46.0,21.7,0.0,0.0,46.0,21.9,0.0,0.0,0.0,49.0,21.6,0.0,27.0,0.0,52.0,19.8,0.0,0.0,0.0,2.35,2.49,2.49,2.49,16.09,18.72,18.79,18.79,18.8,0.55,22.2,1.0,0.0,20.9,20.2,0.0,1.0,47.0,23.0,0.0,48.0,22.9,0.0,0.0,0.0,3.41,3.61,3.61,3.61,23.29,27.15,27.26,27.25,27.25,0.54,0.0,1.0,0.0,53.0,0.0,0.0,20.6,0.0,52.0,0.0,0.0,20.4,1.0,1.0,1.0
2022-10-18 00:12:37,17.1,1.0,1.0,20.5,1.0,0.0,0.0,20.4,54.0,21.7,0.0,0.0,0.0,65.0,12.0,0.0,0.0,44.0,23.0,0.0,0.0,42.0,22.8,0.0,0.0,46.0,21.7,0.0,0.0,46.0,21.9,0.0,0.0,0.0,49.0,21.6,0.0,27.0,0.0,52.0,19.8,0.0,0.0,0.0,2.35,2.49,2.49,2.49,16.09,18.72,18.79,18.79,18.8,0.55,22.2,1.0,0.0,20.9,20.2,0.0,1.0,47.0,23.0,0.0,48.0,22.9,0.0,0.0,0.0,3.41,3.61,3.61,3.61,23.29,27.15,27.26,27.25,27.25,0.54,0.0,1.0,0.0,53.0,0.0,0.0,20.6,0.0,52.0,0.0,0.0,20.4,1.0,1.0,1.0
2022-10-18 00:12:38,17.1,1.0,1.0,20.5,1.0,0.0,0.0,20.4,54.0,21.7,0.0,0.0,0.0,65.0,12.0,0.0,0.0,44.0,23.0,0.0,0.0,42.0,22.8,0.0,0.0,46.0,21.7,0.0,0.0,46.0,21.9,0.0,0.0,0.0,49.0,21.6,0.0,27.0,0.0,52.0,19.8,0.0,0.0,0.0,2.35,2.49,2.49,2.49,16.09,18.72,18.79,18.79,18.8,0.55,22.2,1.0,0.0,20.9,20.2,0.0,1.0,47.0,23.0,0.0,48.0,22.9,0.0,0.0,0.0,3.41,3.61,3.61,3.61,23.29,27.15,27.26,27.25,27.25,0.54,0.0,1.0,0.0,53.0,0.0,0.0,20.6,0.0,52.0,0.0,0.0,20.4,1.0,1.0,1.0
2022-10-18 00:12:39,17.1,1.0,1.0,20.5,1.0,0.0,0.0,20.4,54.0,21.7,0.0,0.0,0.0,65.0,12.0,0.0,0.0,44.0,23.0,0.0,0.0,42.0,22.8,0.0,0.0,46.0,21.7,0.0,0.0,46.0,21.9,0.0,0.0,0.0,49.0,21.6,0.0,27.0,0.0,52.0,19.8,0.0,0.0,0.0,2.35,2.49,2.49,2.49,16.09,18.72,18.79,18.79,18.8,0.55,22.2,1.0,0.0,20.9,20.2,0.0,1.0,47.0,23.0,0.0,48.0,22.9,0.0,0.0,0.0,3.41,3.61,3.61,3.61,23.29,27.15,27.26,27.25,27.25,0.54,0.0,1.0,0.0,53.0,0.0,0.0,20.6,0.0,52.0,0.0,0.0,20.4,1.0,1.0,1.0
2022-10-18 00:12:40,17.1,1.0,1.0,20.5,1.0,0.0,0.0,20.4,54.0,21.7,0.0,0.0,0.0,65.0,12.0,0.0,0.0,44.0,23.0,0.0,0.0,42.0,22.8,0.0,0.0,46.0,21.7,0.0,0.0,46.0,21.9,0.0,0.0,0.0,49.0,21.6,0.0,27.0,0.0,52.0,19.8,0.0,0.0,0.0,2.35,2.49,2.49,2.49,16.09,18.72,18.79,18.79,18.8,0.55,22.2,1.0,0.0,20.9,20.2,0.0,1.0,47.0,23.0,0.0,48.0,22.9,0.0,0.0,0.0,3.41,3.61,3.61,3.61,23.29,27.15,27.26,27.25,27.25,0.54,0.0,1.0,0.0,53.0,0.0,0.0,20.6,0.0,52.0,0.0,0.0,20.4,1.0,1.0,1.0
2022-10-18 00:12:41,17.1,1.0,1.0,20.5,1.0,0.0,0.0,20.4,54.0,21.7,0.0,0.0,0.0,65.0,12.0,0.0,0.0,44.0,23.0,0.0,0.0,42.0,22.8,0.0,0.0,46.0,21.7,0.0,0.0,46.0,21.9,0.0,0.0,0.0,49.0,21.6,0.0,27.0,0.0,52.0,19.8,0.0,0.0,0.0,2.35,2.49,2.49,2.49,16.09,18.72,18.79,18.79,18.8,0.55,22.2,1.0,0.0,20.9,20.2,0.0,1.0,47.0,23.0,0.0,48.0,22.9,0.0,0.0,0.0,3.41,3.61,3.61,3.61,23.29,27.15,27.26,27.25,27.25,0.54,0.0,1.0,0.0,53.0,0.0,0.0,20.6,0.0,52.0,0.0,0.0,20.4,1.0,1.0,1.0
2022-10-18 00:12:42,17.1,1.0,1.0,20.5,1.0,0.0,0.0,20.4,54.0,21.7,0.0,0.0,0.0,65.0,12.0,0.0,0.0,44.0,23.0,0.0,0.0,42.0,22.8,0.0,0.0,46.0,21.7,0.0,0.0,46.0,21.9,0.0,0.0,0.0,49.0,21.6,0.0,27.0,0.0,52.0,19.8,0.0,0.0,0.0,2.35,2.49,2.49,2.49,16.09,18.72,18.79,18.79,18.8,0.55,22.2,1.0,0.0,20.9,20.2,0.0,1.0,47.0,23.0,0.0,48.0,22.9,0.0,0.0,0.0,3.41,3.61,3.61,3.61,23.29,27.15,27.26,27.25,27.25,0.54,0.0,1.0,0.0,53.0,0.0,0.0,20.6,0.0,52.0,0.0,0.0,20.4,1.0,1.0,1.0
2022-10-18 00:12:43,17.1,1.0,1.0,20.5,1.0,0.0,0.0,20.4,54.0,21.7,0.0,0.0,0.0,65.0,12.0,0.0,0.0,44.0,23.0,0.0,0.0,42.0,22.8,0.0,0.0,46.0,21.7,0.0,0.0,46.0,21.9,0.0,0.0,0.0,49.0,21.6,0.0,27.0,0.0,52.0,19.8,0.0,0.0,0.0,2.35,2.49,2.49,2.49,16.09,18.72,18.79,18.79,18.8,0.55,22.2,1.0,0.0,20.9,20.2,0.0,1.0,47.0,23.0,0.0,48.0,22.9,0.0,0.0,0.0,3.41,3.61,3.61,3.61,23.29,27.15,27.26,27.25,27.25,0.54,0.0,1.0,0.0,53.0,0.0,0.0,20.6,0.0,52.0,0.0,0.0,20.4,1.0,1.0,1.0
2022-10-18 00:12:44,17.1,1.0,1.0,20.5,1.0,0.0,0.0,20.4,54.0,21.7,0.0,0.0,0.0,65.0,12.0,0.0,0.0,44.0,23.0,0.0,0.0,42.0,22.8,0.0,0.0,46.0,21.7,0.0,0.0,46.0,21.9,0.0,0.0,0.0,49.0,21.6,0.0,27.0,0.0,52.0,19.8,0.0,0.0,0.0,2.35,2.49,2.49,2.49,16.09,18.72,18.79,18.79,18.8,0.55,22.2,1.0,0.0,20.9,20.2,0.0,1.0,47.0,23.0,0.0,48.0,22.9,0.0,0.0,0.0,3.41,3.61,3.61,3.61,23.29,27.15,27.26,27.25,27.25,0.54,0.0,1.0,0.0,53.0,0.0,0.0,20.6,0.0,52.0,0.0,0.0,20.4,1.0,1.0,1.0
2022-10-18 00:12:45,17.1,1.0,1.0,20.5,1.0,0.0,0.0,20.4,54.0,21.7,0.0,0.0,0.0,65.0,12.0,0.0,0.0,44.0,23.0,0.0,0.0,42.0,22.8,0.0,0.0,46.0,21.7,0.0,0.0,46.0,21.9,0.0,0.0,0.0,49.0,21.6,0.0,27.0,0.0,52.0,19.8,0.0,0.0,0.0,2.35,2.49,2.49,2.49,16.09,18.72,18.79,18.79,18.8,0.55,22.2,1.0,0.0,20.9,20.2,0.0,1.0,47.0,23.0,0.0,48.0,22.9,0.0,0.0,0.0,3.41,3.61,3.61,3.61,23.29,27.15,27.26,27.25,27.25,0.54,0.0,1.0,0.0,53.0,0.0,0.0,20.6,0.0,52.0,0.0,0.0,20.4,1.0,1.0,1.0
2022-10-18 00:12:46,17.1,1.0,1.0,20.5,1.0,0.0,0.0,20.4,54.0,21.7,0.0,0.0,0.0,65.0,12.0,0.0,0.0,44.0,23.0,0.0,0.0,42.0,22.8,0.0,0.0,46.0,21.7,0.0,0.0,46.0,21.9,0.0,0.0,0.0,49.0,21.6,0.0,27.0,0.0,52.0,19.8,0.0,0.0,0.0,2.35,2.49,2.49,2.49,16.09,18.72,18.79,18.79,18.8,0.55,22.2,1.0,0.0,20.9,20.2,0.0,1.0,47.0,23.0,0.0,48.0,22.9,0.0,0.0,0.0,3.41,3.61,3.61,3.61,23.29,27.15,27.26,27.25,27.25,0.54,0.0,1.0,0.0,53.0,0.0,0.0,20.6,0.0,52.0,0.0,0.0,20.4,1.0,1.0,1.0
2022-10-18 00:12:47,17.1,1.0,1.0,20.5,1.0,0.0,0.0,20.4,54.0,21.7,0.0,0.0,0.0,65.0,12.0,0.0,0.0,44.0,23.0,0.0,0.0,42.0,22.8,0.0,0.0,46.0,21.7,0.0,0.0,46.0,21.9,0.0,0.0,0.0,49.0,21.6,0.0,27.0,0.0,52.0,19.8,0.0,0.0,0.0,2.35,2.49,2.49,2.49,16.09,18.72,18.79,18.79,18.8,0.55,22.2,1.0,0.0,20.9,20.2,0.0,1.0,47.0,23.0,0.0,48.0,22.9,0.0,0.0,0.0,3.41,3.61,3.61,3.61,23.29,27.15,27.26,27.25,27.25,0.54,0.0,1.0,0.0,53.0,0.0,0.0,20.6,0.0,52.0,0.0,0.0,20.4,1.0,1.0,1.0
2022-10-18 00:12:48,17.1,1.0,1.0,20.5,1.0,0.0,0.0,20.4,54.0,21.7,0.0,0.0,0.0,65.0,12.0,0.0,0.0,44.0,23.0,0.0,0.0,42.0,22.8,0.0,0.0,46.0,21.7,0.0,0.0,46.0,21.9,0.0,0.0,0.0,49.0,21.6,0.0,27.0,0.0,52.0,19.8,0.0,0.0,0.0,2.35,2.49,2.49,2.49,16.09,18.72,18.79,18.79,18.8,0.55,22.2,1.0,0.0,20.9,20.2,0.0,1.0,47.0,23.0,0.0,48.0,22.9,0.0,0.0,0.0,3.41,3.61,3.61,3.61,23.29,27.15,27.26,27.25,27.25,0.54,0.0,1.0,0.0,53.0,0.0,0.0,20.6,0.0,52.0,0.0,0.0,20.4,1.0,1.0,1.0
2022-10-18 00:12:49,17.1,1.0,1.0,20.5,1.0,0.0,0.0,20.4,54.0,21.7,0.0,0.0,0.0,65.0,12.0,0.0,0.0,44.0,23.0,0.0,0.0,42.0,22.8,0.0,0.0,46.0,21.7,0.0,0.0,46.0,21.9,0.0,0.0,0.0,49.0,21.6,0.0,27.0,0.0,52.0,19.8,0.0,0.0,0.0,2.35,2.49,2.49,2.49,16.09,18.72,18.79,18.79,18.8,0.55,22.2,1.0,0.0,20.9,20.2,0.0,1.0,47.0,23.0,0.0,48.0,22.9,0.0,0.0,0.0,3.41,3.61,3.61,3.61,23.29,27.15,27.26,27.25,27.25,0.54,0.0,1.0,0.0,53.0,0.0,0.0,20.6,0.0,52.0,0.0,0.0,20.4,1.0,1.0,1.0
2022-10-18 00:12:50,17.1,1.0,1.0,20.5,1.0,0.0,0.0,20.4,54.0,21.7,0.0,0.0,0.0,65.0,12.0,0.0,0.0,44.0,23.0,0.0,0.0,42.0,22.8,0.0,0.0,46.0,21.7,0.0,0.0,46.0,21.9,0.0,0.0,0.0,49.0,21.6,0.0,27.0,0.0,52.0,19.8,0.0,0.0,0.0,2.35,2.49,2.49,2.49,16.09,18.72,18.79,18.79,18.8,0.55,22.2,1.0,0.0,20.9,20.2,0.0,1.0,47.0,23.0,0.0,48.0,22.9,0.0,0.0,0.0,3.41,3.61,3.61,3.61,23.29,27.15,27.26,27.25,27.25,0.54,0.0,1.0,0.0,53.0,0.0,0.0,20.6,0.0,52.0,0.0,0.0,20.4,1.0,1.0,1.0
2022-10-18 00:12:51,17.1,1.0,1.0,20.5,1.0,0.0,0.0,20.4,54.0,21.7,0.0,0.0,0.0,65.0,12.0,0.0,0.0,44.0,23.0,0.0,0.0,42.0,22.8,0.0,0.0,46.0,21.7,0.0,0.0,46.0,21.9,0.0,0.0,0.0,49.0,21.6,0.0,27.0,0.0,52.0,19.8,0.0,0.0,0.0,2.35,2.49,2.49,2.49,16.09,18.72,18.79,18.79,18.8,0.55,22.2,1.0,0.0,20.9,20.2,0.0,1.0,47.0,23.0,0.0,48.0,22.9,0.0,0.0,0.0,3.41,3.61,3.61,3.61,23.29,27.15,27.26,27.25,27.25,0.54,0.0,1.0,0.0,53.0,0.0,0.0,20.6,0.0,52.0,0.0,0.0,20.4,1.0,1.0,1.0
2022-10-18 00:12:52,17.1,1.0,1.0,20.5,1.0,0.0,0.0,20.4,54.0,21.7,0.0,0.0,0.0,65.0,12.0,0.0,0.0,44.0,23.0,0.0,0.0,42.0,22.8,0.0,0.0,46.0,21.7,0.0,0.0,46.0,21.9,0.0,0.0,0.0,49.0,21.6,0.0,27.0,0.0,52.0,19.8,0.0,0.0,0.0,2.35,2.49,2.49,2.49,16.09,18.72,18.79,18.79,18.8,0.55,22.2,1.0,0.0,20.9,20.2,0.0,1.0,47.0,23.0,0.0,48.0,22.9,0.0,0.0,0.0,3.41,3.61,3.61,3.61,23.29,27.15,27.26,27.25,27.25,0.54,0.0,1.0,0.0,53.0,0.0,0.0,20.6,0.0,52.0,0.0,0.0,20.4,1.0,1.0,1.0
2022-10-18 00:12:53,17.1,1.0,1.0,20.5,1.0,0.0,0.0,20.4,54.0,21.7,0.0,0.0,0.0,65.0,12.0,0.0,0.0,44.0,23.0,0.0,0.0,42.0,22.8,0.0,0.0,46.0,21.7,0.0,0.0,46.0,21.9,0.0,0.0,0.0,49.0,21.6,0.0,27.0,0.0,52.0,19.8,0.0,0.0,0.0,2.35,2.49,2.49,2.49,16.09,18.72,18.79,18.79,18.8,0.55,22.2,1.0,0.0,20.9,20.2,0.0,1.0,47.0,23.0,0.0,48.0,22.9,0.0,0.0,0.0,3.41,3.61,3.61,3.61,23.29,27.15,27.26,27.25,27.25,0.54,0.0,1.0,0.0,53.0,0.0,0.0,20.6,0.0,52.0,0.0,0.0,20.4,1.0,1.0,1.0
2022-10-18 00:12:54,17.1,1.0,1.0,20.5,1.0,0.0,0.0,20.4,54.0,21.7,0.0,0.0,0.0,65.0,12.0,0.0,0.0,44.0,23.0,0.0,0.0,42.0,22.8,0.0,0.0,46.0,21.7,0.0,0.0,46.0,21.9,0.0,0.0,0.0,49.0,21.6,0.0,27.0,0.0,52.0,19.8,0.0,0.0,0.0,2.35,2.49,2.49,2.49,16.09,18.72,18.79,18.79,18.8,0.55,22.2,1.0,0.0,20.9,20.2,0.0,1.0,47.0,23.0,0.0,48.0,22.9,0.0,0.0,0.0,3.41,3.61,3.61,3.61,23.29,27.15,27.26,27.25,27.25,0.54,0.0,1.0,0.0,53.0,0.0,0.0,20.6,0.0,52.0,0.0,0.0,20.4,1.0,1.0,1.0
2022-10-18 00:12:55,17.1,1.0,1.0,20.5,1.0,0.0,0.0,20.4,54.0,21.7,0.0,0.0,0.0,65.0,12.0,0.0,0.0,44.0,23.0,0.0,0.0,42.0,22.8,0.0,0.0,46.0,21.7,0.0,0.0,46.0,21.9,0.0,0.0,0.0,49.0,21.6,0.0,27.0,0.0,52.0,19.8,0.0,0.0,0.0,2.35,2.49,2.49,2.49,16.09,18.72,18.79,18.79,18.8,0.55,22.2,1.0,0.0,20.9,20.2,0.0,1.0,47.0,23.0,0.0,48.0,22.9,0.0,0.0,0.0,3.41,3.61,3.61,3.61,23.29,27.15,27.26,27.25,27.25,0.54,0.0,1.0,0.0,53.0,0.0,0.0,20.6,0.0,52.0,0.0,0.0,20.4,1.0,1.0,1.0
2022-10-18 00:12:56,17.1,1.0,1.0,20.5,1.0,0.0,0.0,20.4,54.0,21.7,0.0,0.0,0.0,65.0,12.0,0.0,0.0,44.0,23.0,0.0,0.0,42.0,22.8,0.0,0.0,46.0,21.7,0.0,0.0,46.0,21.9,0.0,0.0,0.0,49.0,21.6,0.0,27.0,0.0,52.0,19.8,0.0,0.0,0.0,2.35,2.49,2.49,2.49,16.09,18.72,18.79,18.79,18.8,0.55,22.2,1.0,0.0,20.9,20.2,0.0,1.0,47.0,23.0,0.0,48.0,22.9,0.0,0.0,0.0,3.41,3.61,3.61,3.61,23.29,27.15,27.26,27.25,27.25,0.54,0.0,1.0,0.0,53.0,0.0,0.0,20.6,0.0,52.0,0.0,0.0,20.4,1.0,1.0,1.0
2022-10-18 00:12:57,17.1,1.0,1.0,20.5,1.0,0.0,0.0,20.4,54.0,21.7,0.0,0.0,0.0,65.0,12.0,0.0,0.0,44.0,23.0,0.0,0.0,42.0,22.8,0.0,0.0,46.0,21.7,0.0,0.0,46.0,21.9,0.0,0.0,0.0,49.0,21.6,0.0,27.0,0.0,52.0,19.8,0.0,0.0,0.0,2.35,2.49,2.49,2.49,16.09,18.72,18.79,18.79,18.8,0.55,22.2,1.0,0.0,20.9,20.2,0.0,1.0,47.0,23.0,0.0,48.0,22.9,0.0,0.0,0.0,3.41,3.61,3.61,3.61,23.29,27.15,27.26,27.25,27.25,0.54,0.0,1.0,0.0,53.0,0.0,0.0,20.6,0.0,52.0,0.0,0.0,20.4,1.0,1.0,1.0
2022-10-18 00:12:58,17.1,1.0,1.0,20.5,1.0,0.0,0.0,20.4,54.0,21.7,0.0,0.0,0.0,65.0,12.0,0.0,0.0,44.0,23.0,0.0,0.0,42.0,22.8,0.0,0.0,46.0,21.7,0.0,0.0,46.0,21.9,0.0,0.0,0.0,49.0,21.6,0.0,27.0,0.0,52.0,19.8,0.0,0.0,0.0,2.35,2.49,2.49,2.49,16.09,18.72,18.79,18.79,18.8,0.55,22.2,1.0,0.0,20.9,20.2,0.0,1.0,47.0,23.0,0.0,48.0,22.9,0.0,0.0,0.0,3.41,3.61,3.61,3.61,23.29,27.15,27.26,27.25,27.25,0.54,0.0,1.0,0.0,53.0,0.0,0.0,20.6,0.0,52.0,0.0,0.0,20.4,1.0,1.0,1.0
2022-10-18 00:12:59,17.1,1.0,1.0,20.5,1.0,0.0,0.0,20.4,54.0,21.7,0.0,0.0,0.0,65.0,12.0,0.0,0.0,44.0,23.0,0.0,0.0,42.0,22.8,0.0,0.0,46.0,21.7,0.0,0.0,46.0,21.9,0.0,0.0,0.0,49.0,21.6,0.0,27.0,0.0,52.0,19.8,0.0,0.0,0.0,2.35,2.49,2.49,2.49,16.09,18.72,18.79,18.79,18.8,0.55,22.2,1.0,0.0,20.9,20.2,0.0,1.0,47.0,23.0,0.0,48.0,22.9,0.0,0.0,0.0,3.41,3.61,3.61,3.61,23.29,27.15,27.26,27.25,27.25,0.54,0.0,1.0,0.0,53.0,0.0,0.0,20.6,0.0,52.0,0.0,0.0,20.4,1.0,1.0,1.0
2022-10-18 00:13:00,17.1,1.0,1.0,20.5,1.0,0.0,0.0,20.4,54.0,21.7,0.0,0.0,0.0,65.0,12.0,0.0,0.0,44.0,23.0,0.0,0.0,42.0,22.8,0.0,0.0,46.0,21.7,0.0,0.0,46.0,21.9,0.0,0.0,0.0,49.0,21.6,0.0,27.0,0.0,52.0,19.8,0.0,0.0,0.0,2.35,2.49,2.49,2.49,16.09,18.72,18.79,18.79,18.8,0.55,22.2,1.0,0.0,20.9,20.2,0.0,1.0,47.0,23.0,0.0,48.0,22.9,0.0,0.0,0.0,3.41,3.61,3.61,3.61,23.29,27.15,27.26,27.25,27.25,0.54,0.0,1.0,0.0,53.0,0.0,0.0,20.6,0.0,52.0,0.0,0.0,20.4,1.0,1.0,1.0
2022-10-18 00:13:01,17.1,1.0,1.0,20.5,1.0,0.0,0.0,20.4,54.0,21.7,0.0,0.0,0.0,65.0,12.0,0.0,0.0,44.0,23.0,0.0,0.0,42.0,22.8,0.0,0.0,46.0,21.7,0.0,0.0,46.0,21.9,0.0,0.0,0.0,49.0,21.6,0.0,27.0,0.0,52.0,19.8,0.0,0.0,0.0,2.35,2.49,2.49,2.49,16.09,18.72,18.79,18.79,18.8,0.55,22.2,1.0,0.0,20.9,20.2,0.0,1.0,47.0,23.0,0.0,48.0,22.9,0.0,0.0,0.0,3.41,3.61,3.61,3.61,23.29,27.15,27.26,27.25,27.25,0.54,0.0,1.0,0.0,53.0,0.0,0.0,20.6,0.0,52.0,0.0,0.0,20.4,1.0,1.0,1.0
2022-10-18 00:13:02,17.1,1.0,1.0,20.5,1.0,0.0,0.0,20.4,54.0,21.7,0.0,0.0,0.0,65.0,12.0,0.0,0.0,44.0,23.0,0.0,0.0,42.0,22.8,0.0,0.0,46.0,21.7,0.0,0.0,46.0,21.9,0.0,0.0,0.0,49.0,21.6,0.0,27.0,0.0,52.0,19.8,0.0,0.0,0.0,2.35,2.49,2.49,2.49,16.09,18.72,18.79,18.79,18.8,0.55,22.2,1.0,0.0,20.9,20.2,0.0,1.0,47.0,23.0,0.0,48.0,22.9,0.0,0.0,0.0,3.41,3.61,3.61,3.61,23.29,27.15,27.26,27.25,27.25,0.54,0.0,1.0,0.0,53.0,0.0,0.0,20.6,0.0,52.0,0.0,0.0,20.4,1.0,1.0,1.0
2022-10-18 00:13:03,17.1,1.0,1.0,20.5,1.0,0.0,0.0,20.4,54.0,21.7,0.0,0.0,0.0,65.0,12.0,0.0,0.0,44.0,23.0,0.0,0.0,42.0,22.8,0.0,0.0,46.0,21.7,0.0,0.0,46.0,21.9,0.0,0.0,0.0,49.0,21.6,0.0,27.0,0.0,52.0,19.8,0.0,0.0,0.0,2.35,2.49,2.49,2.49,16.09,18.72,18.79,18.79,18.8,0.55,22.2,1.0,0.0,20.9,20.2,0.0,1.0,47.0,23.0,0.0,48.0,22.9,0.0,0.0,0.0,3.41,3.61,3.61,3.61,23.29,27.15,27.26,27.25,27.25,0.54,0.0,1.0,0.0,53.0,0.0,0.0,20.6,0.0,52.0,0.0,0.0,20.4,1.0,1.0,1.0
2022-10-18 00:13:04,17.1,1.0,1.0,20.5,1.0,0.0,0.0,20.4,54.0,21.7,0.0,0.0,0.0,65.0,12.0,0.0,0.0,44.0,23.0,0.0,0.0,42.0,22.8,0.0,0.0,46.0,21.7,0.0,0.0,46.0,21.9,0.0,0.0,0.0,49.0,21.6,0.0,27.0,0.0,52.0,19.8,0.0,0.0,0.0,2.35,2.49,2.49,2.49,16.09,18.72,18.79,18.79,18.8,0.55,22.2,1.0,0.0,20.9,20.2,0.0,1.0,47.0,23.0,0.0,48.0,22.9,0.0,0.0,0.0,3.41,3.61,3.61,3.61,23.29,27.15,27.26,27.25,27.25,0.54,0.0,1.0,0.0,53.0,0.0,0.0,20.6,0.0,52.0,0.0,0.0,20.4,1.0,1.0,1.0
2022-10-18 00:13:05,17.1,1.0,1.0,20.5,1.0,0.0,0.0,20.4,54.0,21.7,0.0,0.0,0.0,65.0,12.0,0.0,0.0,44.0,23.0,0.0,0.0,42.0,22.8,0.0,0.0,46.0,21.7,0.0,0.0,46.0,21.9,0.0,0.0,0.0,49.0,21.6,0.0,27.0,0.0,52.0,19.8,0.0,0.0,0.0,2.35,2.49,2.49,2.49,16.09,18.72,18.79,18.79,18.8,0.55,22.2,1.0,0.0,20.9,20.2,0.0,1.0,47.0,23.0,0.0,48.0,22.9,0.0,0.0,0.0,3.41,3.61,3.61,3.61,23.29,27.15,27.26,27.25,27.25,0.54,0.0,1.0,0.0,53.0,0.0,0.0,20.6,0.0,52.0,0.0,0.0,20.4,1.0,1.0,1.0
2022-10-18 00:13:06,17.1,1.0,1.0,20.5,1.0,0.0,0.0,20.4,54.0,21.7,0.0,0.0,0.0,65.0,12.0,0.0,0.0,44.0,23.0,0.0,0.0,42.0,22.8,0.0,0.0,46.0,21.7,0.0,0.0,46.0,21.9,0.0,0.0,0.0,49.0,21.6,0.0,27.0,0.0,52.0,19.8,0.0,0.0,0.0,2.35,2.49,2.49,2.49,16.09,18.72,18.79,18.79,18.8,0.55,22.2,1.0,0.0,20.9,20.2,0.0,1.0,47.0,23.0,0.0,48.0,22.9,0.0,0.0,0.0,3.41,3.61,3.61,3.61,23.29,27.15,27.26,27.25,27.25,0.54,0.0,1.0,0.0,53.0,0.0,0.0,20.6,0.0,52.0,0.0,0.0,20.4,1.0,1.0,1.0
2022-10-18 00:13:07,17.1,1.0,1.0,20.5,1.0,0.0,0.0,20.4,54.0,21.7,0.0,0.0,0.0,65.0,12.0,0.0,0.0,44.0,23.0,0.0,0.0,42.0,22.8,0.0,0.0,46.0,21.7,0.0,0.0,46.0,21.9,0.0,0.0,0.0,49.0,21.6,0.0,27.0,0.0,52.0,19.8,0.0,0.0,0.0,2.35,2.49,2.49,2.49,16.09,18.72,18.79,18.79,18.8,0.55,22.2,1.0,0.0,20.9,20.2,0.0,1.0,47.0,23.0,0.0,48.0,22.9,0.0,0.0,0.0,3.41,3.61,3.61,3.61,23.29,27.15,27.26,27.25,27.25,0.54,0.0,1.0,0.0,53.0,0.0,0.0,20.6,0.0,52.0,0.0,0.0,20.4,1.0,1.0,1.0
2022-10-18 00:13:08,17.1,1.0,1.0,20.5,1.0,0.0,0.0,20.4,54.0,21.7,0.0,0.0,0.0,65.0,12.0,0.0,0.0,44.0,23.0,0.0,0.0,42.0,22.8,0.0,0.0,46.0,21.7,0.0,0.0,46.0,21.9,0.0,0.0,0.0,49.0,21.6,0.0,27.0,0.0,52.0,19.8,0.0,0.0,0.0,2.35,2.49,2.49,2.49,16.09,18.72,18.79,18.79,18.8,0.55,22.2,1.0,0.0,20.9,20.2,0.0,1.0,47.0,23.0,0.0,48.0,22.9,0.0,0.0,0.0,3.41,3.61,3.61,3.61,23.29,27.15,27.26,27.25,27.25,0.54,0.0,1.0,0.0,53.0,0.0,0.0,20.6,0.0,52.0,0.0,0.0,20.4,1.0,1.0,1.0
2022-10-18 00:13:09,17.1,1.0,1.0,20.5,1.0,0.0,0.0,20.4,54.0,21.7,0.0,0.0,0.0,65.0,12.0,0.0,0.0,44.0,23.0,0.0,0.0,42.0,22.8,0.0,0.0,46.0,21.6,0.0,0.0,46.0,21.9,0.0,0.0,0.0,49.0,21.6,0.0,27.0,0.0,52.0,19.8,0.0,0.0,0.0,2.35,2.49,2.49,2.49,16.09,18.72,18.79,18.79,18.8,0.55,22.2,1.0,0.0,20.9,20.2,0.0,1.0,47.0,23.0,0.0,48.0,22.9,0.0,0.0,0.0,3.41,3.61,3.61,3.61,23.29,27.15,27.26,27.25,27.25,0.54,0.0,1.0,0.0,53.0,0.0,0.0,20.6,0.0,52.0,0.0,0.0,20.4,1.0,1.0,1.0
2022-10-18 00:13:10,17.1,1.0,1.0,20.5,1.0,0.0,0.0,20.4,54.0,21.7,0.0,0.0,0.0,65.0,12.0,0.0,0.0,44.0,23.0,0.0,0.0,42.0,22.8,0.0,0.0,46.0,21.6,0.0,0.0,46.0,21.9,0.0,0.0,0.0,49.0,21.6,0.0,27.0,0.0,52.0,19.8,0.0,0.0,0.0,2.35,2.49,2.49,2.49,16.09,18.72,18.79,18.79,18.8,0.55,22.2,1.0,0.0,20.9,20.2,0.0,1.0,47.0,23.0,0.0,48.0,22.9,0.0,0.0,0.0,3.41,3.61,3.61,3.61,23.29,27.15,27.26,27.25,27.25,0.54,0.0,1.0,0.0,53.0,0.0,0.0,20.6,0.0,52.0,0.0,0.0,20.4,1.0,1.0,1.0
2022-10-18 00:13:11,17.1,1.0,1.0,20.5,1.0,0.0,0.0,20.4,54.0,21.7,0.0,0.0,0.0,65.0,12.0,0.0,0.0,44.0,23.0,0.0,0.0,42.0,22.8,0.0,0.0,46.0,21.6,0.0,0.0,46.0,21.9,0.0,0.0,0.0,49.0,21.6,0.0,27.0,0.0,52.0,19.8,0.0,0.0,0.0,2.35,2.49,2.49,2.49,16.09,18.72,18.79,18.79,18.8,0.55,22.2,1.0,0.0,20.9,20.2,0.0,1.0,47.0,23.0,0.0,48.0,22.9,0.0,0.0,0.0,3.41,3.61,3.61,3.61,23.29,27.15,27.26,27.25,27.25,0.54,0.0,1.0,0.0,53.0,0.0,0.0,20.6,0.0,52.0,0.0,0.0,20.4,1.0,1.0,1.0
2022-10-18 00:13:12,17.1,1.0,1.0,20.5,1.0,0.0,0.0,20.4,54.0,21.7,0.0,0.0,0.0,65.0,12.0,0.0,0.0,44.0,23.0,0.0,0.0,42.0,22.8,0.0,0.0,46.0,21.6,0.0,0.0,46.0,21.9,0.0,0.0,0.0,49.0,21.6,0.0,27.0,0.0,52.0,19.8,0.0,0.0,0.0,2.35,2.49,2.49,2.49,16.09,18.72,18.79,18.79,18.8,0.55,22.2,1.0,0.0,20.9,20.2,0.0,1.0,47.0,23.0,0.0,48.0,22.9,0.0,0.0,0.0,3.41,3.61,3.61,3.61,23.29,27.15,27.26,27.25,27.25,0.54,0.0,1.0,0.0,53.0,0.0,0.0,20.6,0.0,52.0,0.0,0.0,20.4,1.0,1.0,1.0
2022-10-18 00:13:13,17.1,1.0,1.0,20.5,1.0,0.0,0.0,20.4,54.0,21.7,0.0,0.0,0.0,65.0,12.0,0.0,0.0,44.0,23.0,0.0,0.0,42.0,22.8,0.0,0.0,46.0,21.6,0.0,0.0,46.0,21.9,0.0,0.0,0.0,49.0,21.6,0.0,27.0,0.0,52.0,19.8,0.0,0.0,0.0,2.35,2.49,2.49,2.49,16.09,18.72,18.79,18.79,18.8,0.55,22.2,1.0,0.0,20.9,20.2,0.0,1.0,47.0,23.0,0.0,48.0,22.9,0.0,0.0,0.0,3.41,3.61,3.61,3.61,23.29,27.15,27.26,27.25,27.25,0.54,0.0,1.0,0.0,53.0,0.0,0.0,20.6,0.0,52.0,0.0,0.0,20.4,1.0,1.0,1.0
2022-10-18 00:13:14,17.1,1.0,1.0,20.5,1.0,0.0,0.0,20.4,54.0,21.7,0.0,0.0,0.0,65.0,12.0,0.0,0.0,44.0,23.0,0.0,0.0,42.0,22.8,0.0,0.0,46.0,21.6,0.0,0.0,46.0,21.9,0.0,0.0,0.0,49.0,21.6,0.0,27.0,0.0,52.0,19.8,0.0,0.0,0.0,2.35,2.49,2.49,2.49,16.09,18.72,18.79,18.79,18.8,0.55,22.2,1.0,0.0,20.9,20.2,0.0,1.0,47.0,23.0,0.0,48.0,22.9,0.0,0.0,0.0,3.41,3.61,3.61,3.61,23.29,27.15,27.26,27.25,27.25,0.54,0.0,1.0,0.0,53.0,0.0,0.0,20.6,0.0,52.0,0.0,0.0,20.4,1.0,1.0,1.0
2022-10-18 00:13:15,17.1,1.0,1.0,20.5,1.0,0.0,0.0,20.4,54.0,21.7,0.0,0.0,0.0,65.0,12.0,0.0,0.0,44.0,23.0,0.0,0.0,42.0,22.8,0.0,0.0,46.0,21.6,0.0,0.0,46.0,21.9,0.0,0.0,0.0,49.0,21.6,0.0,27.0,0.0,52.0,19.8,0.0,0.0,0.0,2.35,2.49,2.49,2.49,16.09,18.72,18.79,18.79,18.8,0.55,22.2,1.0,0.0,20.9,20.2,0.0,1.0,47.0,23.0,0.0,48.0,22.9,0.0,0.0,0.0,3.41,3.61,3.61,3.61,23.29,27.15,27.26,27.25,27.25,0.54,0.0,1.0,0.0,53.0,0.0,0.0,20.6,0.0,52.0,0.0,0.0,20.4,1.0,1.0,1.0
2022-10-18 00:13:16,17.1,1.0,1.0,20.5,1.0,0.0,0.0,20.4,54.0,21.7,0.0,0.0,0.0,65.0,12.0,0.0,0.0,44.0,23.0,0.0,0.0,42.0,22.8,0.0,0.0,46.0,21.6,0.0,0.0,46.0,21.9,0.0,0.0,0.0,49.0,21.6,0.0,27.0,0.0,52.0,19.8,0.0,0.0,0.0,2.35,2.49,2.49,2.49,16.09,18.72,18.79,18.79,18.8,0.55,22.2,1.0,0.0,20.9,20.2,0.0,1.0,47.0,23.0,0.0,48.0,22.9,0.0,0.0,0.0,3.41,3.61,3.61,3.61,23.29,27.15,27.26,27.25,27.25,0.54,0.0,1.0,0.0,53.0,0.0,0.0,20.6,0.0,52.0,0.0,0.0,20.4,1.0,1.0,1.0
2022-10-18 00:13:17,17.1,1.0,1.0,20.5,1.0,0.0,0.0,20.4,54.0,21.7,0.0,0.0,0.0,65.0,12.0,0.0,0.0,44.0,23.0,0.0,0.0,42.0,22.8,0.0,0.0,46.0,21.6,0.0,0.0,46.0,21.9,0.0,0.0,0.0,49.0,21.6,0.0,27.0,0.0,52.0,19.8,0.0,0.0,0.0,2.35,2.49,2.49,2.49,16.09,18.72,18.79,18.79,18.8,0.55,22.2,1.0,0.0,20.9,20.2,0.0,1.0,47.0,23.0,0.0,48.0,22.9,0.0,0.0,0.0,3.41,3.61,3.61,3.61,23.29,27.15,27.26,27.25,27.25,0.54,0.0,1.0,0.0,53.0,0.0,0.0,20.6,0.0,52.0,0.0,0.0,20.4,1.0,1.0,1.0
2022-10-18 00:13:18,17.1,1.0,1.0,20.5,1.0,0.0,0.0,20.4,54.0,21.7,0.0,0.0,0.0,65.0,12.0,0.0,0.0,44.0,23.0,0.0,0.0,42.0,22.8,0.0,0.0,46.0,21.6,0.0,0.0,46.0,21.9,0.0,0.0,0.0,49.0,21.6,0.0,27.0,0.0,52.0,19.8,0.0,0.0,0.0,2.35,2.49,2.49,2.49,16.09,18.72,18.79,18.79,18.8,0.55,22.2,1.0,0.0,20.9,20.2,0.0,1.0,47.0,23.0,0.0,48.0,22.9,0.0,0.0,0.0,3.41,3.61,3.61,3.61,23.29,27.15,27.26,27.25,27.25,0.54,0.0,1.0,0.0,53.0,0.0,0.0,20.6,0.0,52.0,0.0,0.0,20.4,1.0,1.0,1.0
2022-10-18 00:13:19,17.1,1.0,1.0,20.5,1.0,0.0,0.0,20.4,54.0,21.7,0.0,0.0,0.0,65.0,12.0,0.0,0.0,44.0,23.0,0.0,0.0,42.0,22.8,0.0,0.0,46.0,21.6,0.0,0.0,46.0,21.9,0.0,0.0,0.0,49.0,21.6,0.0,27.0,0.0,52.0,19.8,0.0,0.0,0.0,2.35,2.49,2.49,2.49,16.09,18.72,18.79,18.79,18.8,0.55,22.2,1.0,0.0,20.9,20.2,0.0,1.0,47.0,23.0,0.0,48.0,22.9,0.0,0.0,0.0,3.41,3.61,3.61,3.61,23.29,27.15,27.26,27.25,27.25,0.54,0.0,1.0,0.0,53.0,0.0,0.0,20.6,0.0,52.0,0.0,0.0,20.4,1.0,1.0,1.0
2022-10-18 00:13:20,17.1,1.0,1.0,20.5,1.0,0.0,0.0,20.4,54.0,21.7,0.0,0.0,0.0,65.0,12.0,0.0,0.0,44.0,23.0,0.0,0.0,42.0,22.8,0.0,0.0,46.0,21.6,0.0,0.0,46.0,21.9,0.0,0.0,0.0,49.0,21.6,0.0,27.0,0.0,52.0,19.8,0.0,0.0,0.0,2.35,2.49,2.49,2.49,16.09,18.72,18.79,18.79,18.8,0.55,22.2,1.0,0.0,20.9,20.2,0.0,1.0,47.0,23.0,0.0,48.0,22.9,0.0,0.0,0.0,3.41,3.61,3.61,3.61,23.29,27.15,27.26,27.25,27.25,0.54,0.0,1.0,0.0,53.0,0.0,0.0,20.6,0.0,52.0,0.0,0.0,20.4,1.0,1.0,1.0
2022-10-18 00:13:21,17.1,1.0,1.0,20.5,1.0,0.0,0.0,20.4,54.0,21.7,0.0,0.0,0.0,65.0,12.0,0.0,0.0,44.0,23.0,0.0,0.0,42.0,22.8,0.0,0.0,46.0,21.6,0.0,0.0,46.0,21.9,0.0,0.0,0.0,49.0,21.6,0.0,27.0,0.0,52.0,19.8,0.0,0.0,0.0,2.35,2.49,2.49,2.49,16.09,18.72,18.79,18.79,18.8,0.55,22.2,1.0,0.0,20.9,20.2,0.0,1.0,47.0,23.0,0.0,48.0,22.9,0.0,0.0,0.0,3.41,3.61,3.61,3.61,23.29,27.15,27.26,27.25,27.25,0.54,0.0,1.0,0.0,53.0,0.0,0.0,20.6,0.0,52.0,0.0,0.0,20.4,1.0,1.0,1.0
2022-10-18 00:13:22,17.1,1.0,1.0,20.5,1.0,0.0,0.0,20.4,54.0,21.7,0.0,0.0,0.0,65.0,12.0,0.0,0.0,44.0,23.0,0.0,0.0,42.0,22.8,0.0,0.0,46.0,21.6,0.0,0.0,46.0,21.9,0.0,0.0,0.0,49.0,21.6,0.0,27.0,0.0,52.0,19.8,0.0,0.0,0.0,2.35,2.49,2.49,2.49,16.09,18.72,18.79,18.79,18.8,0.55,22.2,1.0,0.0,20.9,20.2,0.0,1.0,47.0,23.0,0.0,48.0,22.9,0.0,0.0,0.0,3.41,3.61,3.61,3.61,23.29,27.15,27.26,27.25,27.25,0.54,0.0,1.0,0.0,53.0,0.0,0.0,20.6,0.0,52.0,0.0,0.0,20.4,1.0,1.0,1.0
2022-10-18 00:13:23,17.1,1.0,1.0,20.5,1.0,0.0,0.0,20.4,54.0,21.7,0.0,0.0,0.0,65.0,12.0,0.0,0.0,44.0,23.0,0.0,0.0,42.0,22.8,0.0,0.0,46.0,21.6,0.0,0.0,46.0,21.9,0.0,0.0,0.0,49.0,21.6,0.0,27.0,0.0,52.0,19.8,0.0,0.0,0.0,2.35,2.49,2.49,2.49,16.09,18.72,18.79,18.79,18.8,0.55,22.2,1.0,0.0,20.9,20.2,0.0,1.0,47.0,23.0,0.0,48.0,22.9,0.0,0.0,0.0,3.41,3.61,3.61,3.61,23.29,27.15,27.26,27.25,27.25,0.54,0.0,1.0,0.0,53.0,0.0,0.0,20.6,0.0,52.0,0.0,0.0,20.4,1.0,1.0,1.0
2022-10-18 00:13:24,17.1,1.0,1.0,20.5,1.0,0.0,0.0,20.4,54.0,21.7,0.0,0.0,0.0,65.0,12.0,0.0,0.0,44.0,23.0,0.0,0.0,42.0,22.8,0.0,0.0,46.0,21.6,0.0,0.0,46.0,21.9,0.0,0.0,0.0,49.0,21.6,0.0,27.0,0.0,52.0,19.8,0.0,0.0,0.0,2.35,2.49,2.49,2.49,16.09,18.72,18.79,18.79,18.8,0.55,22.2,1.0,0.0,20.9,20.2,0.0,1.0,47.0,23.0,0.0,48.0,22.9,0.0,0.0,0.0,3.41,3.61,3.61,3.61,23.29,27.15,27.26,27.25,27.25,0.54,0.0,1.0,0.0,53.0,0.0,0.0,20.6,0.0,52.0,0.0,0.0,20.4,1.0,1.0,1.0
2022-10-18 00:13:25,17.1,1.0,1.0,20.5,1.0,0.0,0.0,20.4,54.0,21.7,0.0,0.0,0.0,65.0,12.0,0.0,0.0,44.0,23.0,0.0,0.0,42.0,22.8,0.0,0.0,46.0,21.6,0.0,0.0,46.0,21.9,0.0,0.0,0.0,49.0,21.6,0.0,27.0,0.0,52.0,19.8,0.0,0.0,0.0,2.35,2.49,2.49,2.49,16.09,18.72,18.79,18.79,18.8,0.55,22.2,1.0,0.0,20.9,20.2,0.0,1.0,47.0,23.0,0.0,48.0,22.9,0.0,0.0,0.0,3.41,3.61,3.61,3.61,23.29,27.15,27.26,27.25,27.25,0.54,0.0,1.0,0.0,53.0,0.0,0.0,20.6,0.0,52.0,0.0,0.0,20.4,1.0,1.0,1.0
2022-10-18 00:13:26,17.1,1.0,1.0,20.5,1.0,0.0,0.0,20.4,54.0,21.7,0.0,0.0,0.0,65.0,12.0,0.0,0.0,44.0,23.0,0.0,0.0,42.0,22.8,0.0,0.0,46.0,21.6,0.0,0.0,46.0,21.9,0.0,0.0,0.0,49.0,21.6,0.0,27.0,0.0,52.0,19.8,0.0,0.0,0.0,2.35,2.49,2.49,2.49,16.09,18.72,18.79,18.79,18.8,0.55,22.2,1.0,0.0,20.9,20.2,0.0,1.0,47.0,23.0,0.0,48.0,22.9,0.0,0.0,0.0,3.41,3.61,3.61,3.61,23.29,27.15,27.26,27.25,27.25,0.54,0.0,1.0,0.0,53.0,0.0,0.0,20.6,0.0,52.0,0.0,0.0,20.4,1.0,1.0,1.0
2022-10-18 00:13:27,17.1,1.0,1.0,20.5,1.0,0.0,0.0,20.4,54.0,21.7,0.0,0.0,0.0,65.0,12.0,0.0,0.0,44.0,23.0,0.0,0.0,42.0,22.8,0.0,0.0,46.0,21.6,0.0,0.0,46.0,21.9,0.0,0.0,0.0,49.0,21.6,0.0,27.0,0.0,52.0,19.8,0.0,0.0,0.0,2.35,2.49,2.49,2.49,16.09,18.72,18.79,18.79,18.8,0.55,22.2,1.0,0.0,20.9,20.2,0.0,1.0,47.0,23.0,0.0,48.0,22.9,0.0,0.0,0.0,3.41,3.61,3.61,3.61,23.29,27.15,27.26,27.25,27.25,0.54,0.0,1.0,0.0,53.0,0.0,0.0,20.6,0.0,52.0,0.0,0.0,20.4,1.0,1.0,1.0
2022-10-18 00:13:28,17.1,1.0,1.0,20.5,1.0,0.0,0.0,20.4,54.0,21.7,0.0,0.0,0.0,65.0,12.0,0.0,0.0,44.0,23.0,0.0,0.0,42.0,22.8,0.0,0.0,46.0,21.6,0.0,0.0,46.0,21.9,0.0,0.0,0.0,49.0,21.6,0.0,27.0,0.0,52.0,19.8,0.0,0.0,0.0,2.35,2.49,2.49,2.49,16.09,18.72,18.79,18.79,18.8,0.55,22.2,1.0,0.0,20.9,20.2,0.0,1.0,47.0,23.0,0.0,48.0,22.9,0.0,0.0,0.0,3.41,3.61,3.61,3.61,23.29,27.15,27.26,27.25,27.25,0.54,0.0,1.0,0.0,53.0,0.0,0.0,20.6,0.0,52.0,0.0,0.0,20.4,1.0,1.0,1.0
2022-10-18 00:13:29,17.1,1.0,1.0,20.5,1.0,0.0,0.0,20.4,54.0,21.7,0.0,0.0,0.0,65.0,12.0,0.0,0.0,44.0,23.0,0.0,0.0,42.0,22.8,0.0,0.0,46.0,21.6,0.0,0.0,46.0,21.9,0.0,0.0,0.0,49.0,21.6,0.0,27.0,0.0,52.0,19.8,0.0,0.0,0.0,2.35,2.49,2.49,2.49,16.09,18.72,18.79,18.79,18.8,0.55,22.2,1.0,0.0,20.9,20.2,0.0,1.0,47.0,23.0,0.0,48.0,22.9,0.0,0.0,0.0,3.41,3.61,3.61,3.61,23.29,27.15,27.26,27.25,27.25,0.54,0.0,1.0,0.0,53.0,0.0,0.0,20.6,0.0,52.0,0.0,0.0,20.4,1.0,1.0,1.0
2022-10-18 00:13:30,17.1,1.0,1.0,20.5,1.0,0.0,0.0,20.4,54.0,21.7,0.0,0.0,0.0,65.0,12.0,0.0,0.0,44.0,23.0,0.0,0.0,42.0,22.8,0.0,0.0,46.0,21.6,0.0,0.0,46.0,21.9,0.0,0.0,0.0,49.0,21.6,0.0,27.0,0.0,52.0,19.8,0.0,0.0,0.0,2.35,2.49,2.49,2.49,16.09,18.72,18.79,18.79,18.8,0.55,22.2,1.0,0.0,20.9,20.2,0.0,1.0,47.0,23.0,0.0,48.0,22.9,0.0,0.0,0.0,3.41,3.61,3.61,3.61,23.29,27.15,27.26,27.25,27.25,0.54,0.0,1.0,0.0,53.0,0.0,0.0,20.6,0.0,52.0,0.0,0.0,20.4,1.0,1.0,1.0
2022-10-18 00:13:31,17.1,1.0,1.0,20.5,1.0,0.0,0.0,20.4,54.0,21.7,0.0,0.0,0.0,65.0,12.0,0.0,0.0,44.0,23.0,0.0,0.0,42.0,22.8,0.0,0.0,46.0,21.6,0.0,0.0,46.0,21.9,0.0,0.0,0.0,49.0,21.6,0.0,27.0,0.0,52.0,19.8,0.0,0.0,0.0,2.35,2.49,2.49,2.49,16.09,18.72,18.79,18.79,18.8,0.55,22.2,1.0,0.0,20.9,20.2,0.0,1.0,47.0,23.0,0.0,48.0,22.9,0.0,0.0,0.0,3.41,3.61,3.61,3.61,23.29,27.15,27.26,27.25,27.25,0.54,0.0,1.0,0.0,53.0,0.0,0.0,20.6,0.0,52.0,0.0,0.0,20.4,1.0,1.0,1.0
2022-10-18 00:13:32,17.1,1.0,1.0,20.5,1.0,0.0,0.0,20.4,54.0,21.7,0.0,0.0,0.0,65.0,12.0,0.0,0.0,44.0,23.0,0.0,0.0,42.0,22.8,0.0,0.0,46.0,21.6,0.0,0.0,46.0,21.9,0.0,0.0,0.0,49.0,21.6,0.0,27.0,0.0,52.0,19.8,0.0,0.0,0.0,2.35,2.49,2.49,2.49,16.09,18.72,18.79,18.79,18.8,0.55,22.2,1.0,0.0,20.9,20.2,0.0,1.0,47.0,23.0,0.0,48.0,22.9,0.0,0.0,0.0,3.41,3.61,3.61,3.61,23.29,27.15,27.26,27.25,27.25,0.54,0.0,1.0,0.0,53.0,0.0,0.0,20.6,0.0,52.0,0.0,0.0,20.4,1.0,1.0,1.0
2022-10-18 00:13:33,17.1,1.0,1.0,20.5,1.0,0.0,0.0,20.4,54.0,21.7,0.0,0.0,0.0,65.0,12.0,0.0,0.0,44.0,23.0,0.0,0.0,42.0,22.8,0.0,0.0,46.0,21.6,0.0,0.0,46.0,21.9,0.0,0.0,0.0,49.0,21.6,0.0,27.0,0.0,52.0,19.8,0.0,0.0,0.0,2.35,2.49,2.49,2.49,16.09,18.72,18.79,18.79,18.8,0.55,22.2,1.0,0.0,20.9,20.2,0.0,1.0,47.0,23.0,0.0,48.0,22.9,0.0,0.0,0.0,3.41,3.61,3.61,3.61,23.29,27.15,27.26,27.25,27.25,0.54,0.0,1.0,0.0,53.0,0.0,0.0,20.6,0.0,52.0,0.0,0.0,20.4,1.0,1.0,1.0
2022-10-18 00:13:34,17.1,1.0,1.0,20.5,1.0,0.0,0.0,20.4,54.0,21.7,0.0,0.0,0.0,65.0,12.0,0.0,0.0,44.0,23.0,0.0,0.0,42.0,22.8,0.0,0.0,46.0,21.6,0.0,0.0,46.0,21.9,0.0,0.0,0.0,49.0,21.6,0.0,27.0,0.0,52.0,19.8,0.0,0.0,0.0,2.35,2.49,2.49,2.49,16.09,18.72,18.79,18.79,18.8,0.55,22.2,1.0,0.0,20.9,20.2,0.0,1.0,47.0,23.0,0.0,48.0,22.9,0.0,0.0,0.0,3.41,3.61,3.61,3.61,23.29,27.15,27.26,27.25,27.25,0.54,0.0,1.0,0.0,53.0,0.0,0.0,20.6,0.0,52.0,0.0,0.0,20.4,1.0,1.0,1.0
2022-10-18 00:13:35,17.1,1.0,1.0,20.5,1.0,0.0,0.0,20.4,54.0,21.7,0.0,0.0,0.0,65.0,12.0,0.0,0.0,44.0,23.0,0.0,0.0,42.0,22.8,0.0,0.0,46.0,21.6,0.0,0.0,46.0,21.9,0.0,0.0,0.0,49.0,21.6,0.0,27.0,0.0,52.0,19.8,0.0,0.0,0.0,2.35,2.49,2.49,2.49,16.09,18.72,18.79,18.79,18.8,0.55,22.2,1.0,0.0,20.9,20.2,0.0,1.0,47.0,23.0,0.0,48.0,22.9,0.0,0.0,0.0,3.41,3.61,3.61,3.61,23.29,27.15,27.26,27.25,27.25,0.54,0.0,1.0,0.0,53.0,0.0,0.0,20.6,0.0,52.0,0.0,0.0,20.4,1.0,1.0,1.0
2022-10-18 00:13:36,17.1,1.0,1.0,20.5,1.0,0.0,0.0,20.4,54.0,21.7,0.0,0.0,0.0,65.0,12.0,0.0,0.0,44.0,23.0,0.0,0.0,42.0,22.8,0.0,0.0,46.0,21.6,0.0,0.0,46.0,21.9,0.0,0.0,0.0,49.0,21.6,0.0,27.0,0.0,52.0,19.8,0.0,0.0,0.0,2.35,2.49,2.49,2.49,16.09,18.72,18.79,18.79,18.8,0.55,22.2,1.0,0.0,20.9,20.2,0.0,1.0,47.0,23.0,0.0,48.0,22.9,0.0,0.0,0.0,3.41,3.61,3.61,3.61,23.29,27.15,27.26,27.25,27.25,0.54,0.0,1.0,0.0,53.0,0.0,0.0,20.6,0.0,52.0,0.0,0.0,20.4,1.0,1.0,1.0
2022-10-18 00:13:37,17.1,1.0,1.0,20.5,1.0,0.0,0.0,20.4,54.0,21.7,0.0,0.0,0.0,65.0,12.0,0.0,0.0,44.0,23.0,0.0,0.0,42.0,22.8,0.0,0.0,46.0,21.6,0.0,0.0,46.0,21.9,0.0,0.0,0.0,49.0,21.6,0.0,27.0,0.0,52.0,19.8,0.0,0.0,0.0,2.35,2.49,2.49,2.49,16.09,18.72,18.79,18.79,18.8,0.55,22.2,1.0,0.0,20.9,20.2,0.0,1.0,47.0,23.0,0.0,48.0,22.9,0.0,0.0,0.0,3.41,3.61,3.61,3.61,23.29,27.15,27.26,27.25,27.25,0.54,0.0,1.0,0.0,53.0,0.0,0.0,20.6,0.0,52.0,0.0,0.0,20.4,1.0,1.0,1.0
2022-10-18 00:13:38,17.1,1.0,1.0,20.5,1.0,0.0,0.0,20.4,54.0,21.7,0.0,0.0,0.0,65.0,12.0,0.0,0.0,44.0,23.0,0.0,0.0,42.0,22.8,0.0,0.0,46.0,21.6,0.0,0.0,46.0,21.9,0.0,0.0,0.0,49.0,21.6,0.0,27.0,0.0,52.0,19.8,0.0,0.0,0.0,2.35,2.49,2.49,2.49,16.09,18.72,18.79,18.79,18.8,0.55,22.2,1.0,0.0,20.9,20.2,0.0,1.0,47.0,23.0,0.0,48.0,22.9,0.0,0.0,0.0,3.41,3.61,3.61,3.61,23.29,27.15,27.26,27.25,27.25,0.54,0.0,1.0,0.0,53.0,0.0,0.0,20.6,0.0,52.0,0.0,0.0,20.4,1.0,1.0,1.0
2022-10-18 00:13:39,17.1,1.0,1.0,20.5,1.0,0.0,0.0,20.4,54.0,21.7,0.0,0.0,0.0,65.0,12.0,0.0,0.0,44.0,23.0,0.0,0.0,42.0,22.8,0.0,0.0,46.0,21.6,0.0,0.0,46.0,21.9,0.0,0.0,0.0,49.0,21.6,0.0,27.0,0.0,52.0,19.8,0.0,0.0,0.0,2.35,2.49,2.49,2.49,16.09,18.72,18.79,18.79,18.8,0.55,22.2,1.0,0.0,20.9,20.2,0.0,1.0,47.0,23.0,0.0,48.0,22.9,0.0,0.0,0.0,3.41,3.61,3.61,3.61,23.29,27.15,27.26,27.25,27.25,0.54,0.0,1.0,0.0,53.0,0.0,0.0,20.6,0.0,52.0,0.0,0.0,20.4,1.0,1.0,1.0
2022-10-18 00:13:40,17.1,1.0,1.0,20.5,1.0,0.0,0.0,20.4,54.0,21.7,0.0,0.0,0.0,65.0,12.0,0.0,0.0,44.0,23.0,0.0,0.0,42.0,22.8,0.0,0.0,46.0,21.6,0.0,0.0,46.0,21.9,0.0,0.0,0.0,49.0,21.6,0.0,27.0,0.0,52.0,19.8,0.0,0.0,0.0,2.35,2.49,2.49,2.49,16.09,18.72,18.79,18.79,18.8,0.55,22.2,1.0,0.0,20.9,20.2,0.0,1.0,47.0,23.0,0.0,48.0,22.9,0.0,0.0,0.0,3.41,3.61,3.61,3.61,23.29,27.15,27.26,27.25,27.25,0.54,0.0,1.0,0.0,53.0,0.0,0.0,20.6,0.0,52.0,0.0,0.0,20.4,1.0,1.0,1.0
2022-10-18 00:13:41,17.1,1.0,1.0,20.5,1.0,0.0,0.0,20.4,54.0,21.7,0.0,0.0,0.0,65.0,12.0,0.0,0.0,44.0,23.0,0.0,0.0,42.0,22.8,0.0,0.0,46.0,21.6,0.0,0.0,46.0,21.9,0.0,0.0,0.0,49.0,21.6,0.0,27.0,0.0,52.0,19.8,0.0,0.0,0.0,2.35,2.49,2.49,2.49,16.09,18.72,18.79,18.79,18.8,0.55,22.2,1.0,0.0,20.9,20.2,0.0,1.0,47.0,23.0,0.0,48.0,22.9,0.0,0.0,0.0,3.41,3.61,3.61,3.61,23.29,27.15,27.26,27.25,27.25,0.54,0.0,1.0,0.0,53.0,0.0,0.0,20.6,0.0,52.0,0.0,0.0,20.4,1.0,1.0,1.0
2022-10-18 00:13:42,17.1,1.0,1.0,20.5,1.0,0.0,0.0,20.4,54.0,21.7,0.0,0.0,0.0,65.0,12.0,0.0,0.0,44.0,23.0,0.0,0.0,42.0,22.8,0.0,0.0,46.0,21.6,0.0,0.0,46.0,21.9,0.0,0.0,0.0,49.0,21.6,0.0,27.0,0.0,52.0,19.8,0.0,0.0,0.0,2.35,2.49,2.49,2.49,16.09,18.72,18.79,18.79,18.8,0.55,22.2,1.0,0.0,20.9,20.2,0.0,1.0,47.0,23.0,0.0,48.0,22.9,0.0,0.0,0.0,3.41,3.61,3.61,3.61,23.29,27.15,27.26,27.25,27.25,0.54,0.0,1.0,0.0,53.0,0.0,0.0,20.6,0.0,52.0,0.0,0.0,20.4,1.0,1.0,1.0
2022-10-18 00:13:43,17.1,1.0,1.0,20.5,1.0,0.0,0.0,20.4,54.0,21.7,0.0,0.0,0.0,65.0,12.0,0.0,0.0,44.0,23.0,0.0,0.0,42.0,22.8,0.0,0.0,46.0,21.6,0.0,0.0,46.0,21.9,0.0,0.0,0.0,49.0,21.6,0.0,27.0,0.0,52.0,19.8,0.0,0.0,0.0,2.35,2.49,2.49,2.49,16.09,18.72,18.79,18.79,18.8,0.55,22.2,1.0,0.0,20.9,20.2,0.0,1.0,47.0,23.0,0.0,48.0,22.9,0.0,0.0,0.0,3.41,3.61,3.61,3.61,23.29,27.15,27.26,27.25,27.25,0.54,0.0,1.0,0.0,53.0,0.0,0.0,20.6,0.0,52.0,0.0,0.0,20.4,1.0,1.0,1.0
2022-10-18 00:13:44,17.1,1.0,1.0,20.5,1.0,0.0,0.0,20.4,54.0,21.7,0.0,0.0,0.0,65.0,12.0,0.0,0.0,44.0,23.0,0.0,0.0,42.0,22.8,0.0,0.0,46.0,21.6,0.0,0.0,46.0,21.9,0.0,0.0,0.0,49.0,21.6,0.0,27.0,0.0,52.0,19.8,0.0,0.0,0.0,2.35,2.49,2.49,2.49,16.09,18.72,18.79,18.79,18.8,0.55,22.2,1.0,0.0,20.9,20.2,0.0,1.0,47.0,23.0,0.0,48.0,22.9,0.0,0.0,0.0,3.41,3.61,3.61,3.61,23.29,27.15,27.26,27.25,27.25,0.54,0.0,1.0,0.0,53.0,0.0,0.0,20.6,0.0,52.0,0.0,0.0,20.4,1.0,1.0,1.0
2022-10-18 00:13:45,17.1,1.0,1.0,20.5,1.0,0.0,0.0,20.4,54.0,21.7,0.0,0.0,0.0,65.0,12.0,0.0,0.0,44.0,23.0,0.0,0.0,42.0,22.8,0.0,0.0,46.0,21.6,0.0,0.0,46.0,21.9,0.0,0.0,0.0,49.0,21.6,0.0,27.0,0.0,52.0,19.8,0.0,0.0,0.0,2.35,2.49,2.49,2.49,16.09,18.72,18.79,18.79,18.8,0.55,22.2,1.0,0.0,20.9,20.2,0.0,1.0,47.0,23.0,0.0,48.0,22.9,0.0,0.0,0.0,3.41,3.61,3.61,3.61,23.29,27.15,27.26,27.25,27.25,0.54,0.0,1.0,0.0,53.0,0.0,0.0,20.6,0.0,52.0,0.0,0.0,20.4,1.0,1.0,1.0
2022-10-18 00:13:46,17.1,1.0,1.0,20.5,1.0,0.0,0.0,20.4,54.0,21.7,0.0,0.0,0.0,65.0,12.0,0.0,0.0,44.0,23.0,0.0,0.0,42.0,22.8,0.0,0.0,46.0,21.6,0.0,0.0,46.0,21.9,0.0,0.0,0.0,49.0,21.6,0.0,27.0,0.0,52.0,19.8,0.0,0.0,0.0,2.35,2.49,2.49,2.49,16.09,18.72,18.79,18.79,18.8,0.55,22.2,1.0,0.0,20.9,20.2,0.0,1.0,47.0,23.0,0.0,48.0,22.9,0.0,0.0,0.0,3.41,3.61,3.61,3.61,23.29,27.15,27.26,27.25,27.25,0.54,0.0,1.0,0.0,53.0,0.0,0.0,20.6,0.0,52.0,0.0,0.0,20.4,1.0,1.0,1.0
2022-10-18 00:13:47,17.1,1.0,1.0,20.5,1.0,0.0,0.0,20.4,54.0,21.7,0.0,0.0,0.0,65.0,12.0,0.0,0.0,44.0,23.0,0.0,0.0,42.0,22.8,0.0,0.0,46.0,21.6,0.0,0.0,46.0,21.9,0.0,0.0,0.0,49.0,21.6,0.0,27.0,0.0,52.0,19.8,0.0,0.0,0.0,2.35,2.49,2.49,2.49,16.09,18.72,18.79,18.79,18.8,0.55,22.2,1.0,0.0,20.9,20.2,0.0,1.0,47.0,23.0,0.0,48.0,22.9,0.0,0.0,0.0,3.41,3.61,3.61,3.61,23.29,27.15,27.26,27.25,27.25,0.54,0.0,1.0,0.0,53.0,0.0,0.0,20.6,0.0,52.0,0.0,0.0,20.4,1.0,1.0,1.0
2022-10-18 00:13:48,17.1,1.0,1.0,20.5,1.0,0.0,0.0,20.4,54.0,21.7,0.0,0.0,0.0,65.0,12.0,0.0,0.0,44.0,23.0,0.0,0.0,42.0,22.8,0.0,0.0,46.0,21.6,0.0,0.0,46.0,21.9,0.0,0.0,0.0,49.0,21.6,0.0,27.0,0.0,52.0,19.8,0.0,0.0,0.0,2.35,2.49,2.49,2.49,16.09,18.72,18.79,18.79,18.8,0.55,22.2,1.0,0.0,20.9,20.2,0.0,1.0,47.0,23.0,0.0,48.0,22.9,0.0,0.0,0.0,3.41,3.61,3.61,3.61,23.29,27.15,27.26,27.25,27.25,0.54,0.0,1.0,0.0,53.0,0.0,0.0,20.6,0.0,52.0,0.0,0.0,20.4,1.0,1.0,1.0
2022-10-18 00:13:49,17.1,1.0,1.0,20.5,1.0,0.0,0.0,20.4,54.0,21.7,0.0,0.0,0.0,65.0,12.0,0.0,0.0,44.0,23.0,0.0,0.0,42.0,22.8,0.0,0.0,46.0,21.6,0.0,0.0,46.0,21.9,0.0,0.0,0.0,49.0,21.6,0.0,27.0,0.0,52.0,19.8,0.0,0.0,0.0,2.35,2.49,2.49,2.49,16.09,18.72,18.79,18.79,18.8,0.55,22.2,1.0,0.0,20.9,20.2,0.0,1.0,47.0,23.0,0.0,48.0,22.9,0.0,0.0,0.0,3.41,3.61,3.61,3.61,23.29,27.15,27.26,27.25,27.25,0.54,0.0,1.0,0.0,53.0,0.0,0.0,20.6,0.0,52.0,0.0,0.0,20.4,1.0,1.0,1.0
2022-10-18 00:13:50,17.1,1.0,1.0,20.5,1.0,0.0,0.0,20.4,54.0,21.7,0.0,0.0,0.0,65.0,12.0,0.0,0.0,44.0,23.0,0.0,0.0,42.0,22.8,0.0,0.0,46.0,21.6,0.0,0.0,46.0,21.9,0.0,0.0,0.0,49.0,21.6,0.0,27.0,0.0,52.0,19.8,0.0,0.0,0.0,2.35,2.49,2.49,2.49,16.09,18.72,18.79,18.79,18.8,0.55,22.2,1.0,0.0,20.9,20.2,0.0,1.0,47.0,23.0,0.0,48.0,22.9,0.0,0.0,0.0,3.41,3.61,3.61,3.61,23.29,27.15,27.26,27.25,27.25,0.54,0.0,1.0,0.0,53.0,0.0,0.0,20.6,0.0,52.0,0.0,0.0,20.4,1.0,1.0,1.0
2022-10-18 00:13:51,17.1,1.0,1.0,20.5,1.0,0.0,0.0,20.4,54.0,21.7,0.0,0.0,0.0,65.0,12.0,0.0,0.0,44.0,23.0,0.0,0.0,42.0,22.8,0.0,0.0,46.0,21.6,0.0,0.0,46.0,21.9,0.0,0.0,0.0,49.0,21.6,0.0,27.0,0.0,52.0,19.8,0.0,0.0,0.0,2.35,2.49,2.49,2.49,16.09,18.72,18.79,18.79,18.8,0.55,22.2,1.0,0.0,20.9,20.2,0.0,1.0,47.0,23.0,0.0,48.0,22.9,0.0,0.0,0.0,3.41,3.61,3.61,3.61,23.29,27.15,27.26,27.25,27.25,0.54,0.0,1.0,0.0,53.0,0.0,0.0,20.6,0.0,52.0,0.0,0.0,20.4,1.0,1.0,1.0
2022-10-18 00:13:52,17.1,1.0,1.0,20.5,1.0,0.0,0.0,20.4,54.0,21.7,0.0,0.0,0.0,65.0,12.0,0.0,0.0,44.0,23.0,0.0,0.0,42.0,22.8,0.0,0.0,46.0,21.6,0.0,0.0,46.0,21.9,0.0,0.0,0.0,49.0,21.6,0.0,27.0,0.0,52.0,19.8,0.0,0.0,0.0,2.35,2.49,2.49,2.49,16.09,18.72,18.79,18.79,18.8,0.55,22.2,1.0,0.0,20.9,20.2,0.0,1.0,47.0,23.0,0.0,48.0,22.9,0.0,0.0,0.0,3.41,3.61,3.61,3.61,23.29,27.15,27.26,27.25,27.25,0.54,0.0,1.0,0.0,53.0,0.0,0.0,20.6,0.0,52.0,0.0,0.0,20.4,1.0,1.0,1.0
2022-10-18 00:13:53,17.1,1.0,1.0,20.5,1.0,0.0,0.0,20.4,54.0,21.7,0.0,0.0,0.0,65.0,12.0,0.0,0.0,44.0,23.0,0.0,0.0,42.0,22.8,0.0,0.0,46.0,21.6,0.0,0.0,46.0,21.9,0.0,0.0,0.0,49.0,21.6,0.0,27.0,0.0,52.0,19.8,0.0,0.0,0.0,2.35,2.49,2.49,2.49,16.09,18.72,18.79,18.79,18.8,0.55,22.2,1.0,0.0,20.9,20.2,0.0,1.0,47.0,23.0,0.0,48.0,22.9,0.0,0.0,0.0,3.41,3.61,3.61,3.61,23.29,27.15,27.26,27.25,27.25,0.54,0.0,1.0,0.0,53.0,0.0,0.0,20.6,0.0,52.0,0.0,0.0,20.4,1.0,1.0,1.0
2022-10-18 00:13:54,17.1,1.0,1.0,20.5,1.0,0.0,0.0,20.4,54.0,21.7,0.0,0.0,0.0,65.0,12.0,0.0,0.0,44.0,23.0,0.0,0.0,42.0,22.8,0.0,0.0,46.0,21.6,0.0,0.0,46.0,21.9,0.0,0.0,0.0,49.0,21.6,0.0,27.0,0.0,52.0,19.8,0.0,0.0,0.0,2.35,2.49,2.49,2.49,16.09,18.72,18.79,18.79,18.8,0.55,22.2,1.0,0.0,20.9,20.2,0.0,1.0,47.0,23.0,0.0,48.0,22.9,0.0,0.0,0.0,3.41,3.61,3.61,3.61,23.29,27.15,27.26,27.25,27.25,0.54,0.0,1.0,0.0,53.0,0.0,0.0,20.6,0.0,52.0,0.0,0.0,20.4,1.0,1.0,1.0
2022-10-18 00:13:55,17.1,1.0,1.0,20.5,1.0,0.0,0.0,20.4,54.0,21.7,0.0,0.0,0.0,65.0,12.0,0.0,0.0,44.0,23.0,0.0,0.0,42.0,22.8,0.0,0.0,46.0,21.6,0.0,0.0,46.0,21.9,0.0,0.0,0.0,49.0,21.6,0.0,27.0,0.0,52.0,19.8,0.0,0.0,0.0,2.35,2.49,2.49,2.49,16.09,18.72,18.79,18.79,18.8,0.55,22.2,1.0,0.0,20.9,20.2,0.0,1.0,47.0,23.0,0.0,48.0,22.9,0.0,0.0,0.0,3.41,3.61,3.61,3.61,23.29,27.15,27.26,27.25,27.25,0.54,0.0,1.0,0.0,53.0,0.0,0.0,20.6,0.0,52.0,0.0,0.0,20.4,1.0,1.0,1.0
2022-10-18 00:13:56,17.1,1.0,1.0,20.5,1.0,0.0,0.0,20.4,54.0,21.7,0.0,0.0,0.0,65.0,12.0,0.0,0.0,44.0,23.0,0.0,0.0,42.0,22.8,0.0,0.0,46.0,21.6,0.0,0.0,46.0,21.9,0.0,0.0,0.0,49.0,21.6,0.0,27.0,0.0,52.0,19.8,0.0,0.0,0.0,2.35,2.49,2.49,2.49,16.09,18.72,18.79,18.79,18.8,0.55,22.2,1.0,0.0,20.9,20.2,0.0,1.0,47.0,23.0,0.0,48.0,22.9,0.0,0.0,0.0,3.41,3.61,3.61,3.61,23.29,27.15,27.26,27.25,27.25,0.54,0.0,1.0,0.0,53.0,0.0,0.0,20.6,0.0,52.0,0.0,0.0,20.4,1.0,1.0,1.0
2022-10-18 00:13:57,17.1,1.0,1.0,20.5,1.0,0.0,0.0,20.4,54.0,21.7,0.0,0.0,0.0,65.0,12.0,0.0,0.0,44.0,23.0,0.0,0.0,42.0,22.8,0.0,0.0,46.0,21.6,0.0,0.0,46.0,21.9,0.0,0.0,0.0,49.0,21.6,0.0,27.0,0.0,52.0,19.8,0.0,0.0,0.0,2.35,2.49,2.49,2.49,16.09,18.72,18.79,18.79,18.8,0.55,22.2,1.0,0.0,20.9,20.2,0.0,1.0,47.0,23.0,0.0,48.0,22.9,0.0,0.0,0.0,3.41,3.61,3.61,3.61,23.29,27.15,27.26,27.25,27.25,0.54,0.0,1.0,0.0,53.0,0.0,0.0,20.6,0.0,52.0,0.0,0.0,20.4,1.0,1.0,1.0
2022-10-18 00:13:58,17.1,1.0,1.0,20.5,1.0,0.0,0.0,20.4,54.0,21.7,0.0,0.0,0.0,65.0,12.0,0.0,0.0,44.0,23.0,0.0,0.0,42.0,22.8,0.0,0.0,46.0,21.6,0.0,0.0,46.0,21.9,0.0,0.0,0.0,49.0,21.6,0.0,27.0,0.0,52.0,19.8,0.0,0.0,0.0,2.35,2.49,2.49,2.49,16.09,18.72,18.79,18.79,18.8,0.55,22.2,1.0,0.0,20.9,20.2,0.0,1.0,47.0,23.0,0.0,48.0,22.9,0.0,0.0,0.0,3.41,3.61,3.61,3.61,23.29,27.15,27.26,27.25,27.25,0.54,0.0,1.0,0.0,53.0,0.0,0.0,20.6,0.0,52.0,0.0,0.0,20.4,1.0,1.0,1.0
2022-10-18 00:13:59,17.1,1.0,1.0,20.5,1.0,0.0,0.0,20.4,54.0,21.7,0.0,0.0,0.0,65.0,12.0,0.0,0.0,44.0,23.0,0.0,0.0,42.0,22.8,0.0,0.0,46.0,21.6,0.0,0.0,46.0,21.9,0.0,0.0,0.0,49.0,21.6,0.0,27.0,0.0,52.0,19.8,0.0,0.0,0.0,2.35,2.49,2.49,2.49,16.09,18.72,18.79,18.79,18.8,0.55,22.2,1.0,0.0,20.9,20.2,0.0,1.0,47.0,23.0,0.0,48.0,22.9,0.0,0.0,0.0,3.41,3.61,3.61,3.61,23.29,27.15,27.26,27.25,27.25,0.54,0.0,1.0,0.0,53.0,0.0,0.0,20.6,0.0,52.0,0.0,0.0,20.4,1.0,1.0,1.0
2022-10-18 00:14:00,17.1,1.0,1.0,20.5,1.0,0.0,0.0,20.4,54.0,21.7,0.0,0.0,0.0,65.0,12.0,0.0,0.0,44.0,23.0,0.0,0.0,42.0,22.8,0.0,0.0,46.0,21.6,0.0,0.0,46.0,21.9,0.0,0.0,0.0,49.0,21.6,0.0,27.0,0.0,52.0,19.8,0.0,0.0,0.0,2.35,2.49,2.49,2.49,16.09,18.72,18.79,18.79,18.8,0.55,22.2,1.0,0.0,20.9,20.2,0.0,1.0,47.0,23.0,0.0,48.0,22.9,0.0,0.0,0.0,3.41,3.61,3.61,3.61,23.29,27.15,27.26,27.25,27.25,0.54,0.0,1.0,0.0,53.0,0.0,0.0,20.6,0.0,52.0,0.0,0.0,20.4,1.0,1.0,1.0
2022-10-18 00:14:01,17.1,1.0,1.0,20.5,1.0,0.0,0.0,20.4,54.0,21.7,0.0,0.0,0.0,65.0,12.0,0.0,0.0,44.0,23.0,0.0,0.0,42.0,22.8,0.0,0.0,46.0,21.6,0.0,0.0,46.0,21.9,0.0,0.0,0.0,49.0,21.6,0.0,27.0,0.0,52.0,19.8,0.0,0.0,0.0,2.35,2.49,2.49,2.49,16.09,18.72,18.79,18.79,18.8,0.55,22.2,1.0,0.0,20.9,20.2,0.0,1.0,47.0,23.0,0.0,48.0,22.9,0.0,0.0,0.0,3.41,3.61,3.61,3.61,23.29,27.15,27.26,27.25,27.25,0.54,0.0,1.0,0.0,53.0,0.0,0.0,20.6,0.0,52.0,0.0,0.0,20.4,1.0,1.0,1.0
2022-10-18 00:14:02,17.1,1.0,1.0,20.5,1.0,0.0,0.0,20.4,54.0,21.7,0.0,0.0,0.0,65.0,12.0,0.0,0.0,44.0,23.0,0.0,0.0,42.0,22.8,0.0,0.0,46.0,21.6,0.0,0.0,46.0,21.9,0.0,0.0,0.0,49.0,21.6,0.0,27.0,0.0,52.0,19.8,0.0,0.0,0.0,2.35,2.49,2.49,2.49,16.09,18.72,18.79,18.79,18.8,0.55,22.2,1.0,0.0,20.9,20.2,0.0,1.0,47.0,23.0,0.0,48.0,22.9,0.0,0.0,0.0,3.41,3.61,3.61,3.61,23.29,27.15,27.26,27.25,27.25,0.54,0.0,1.0,0.0,53.0,0.0,0.0,20.6,0.0,52.0,0.0,0.0,20.4,1.0,1.0,1.0
2022-10-18 00:14:03,17.1,1.0,1.0,20.5,1.0,0.0,0.0,20.4,54.0,21.7,0.0,0.0,0.0,65.0,12.0,0.0,0.0,44.0,23.0,0.0,0.0,42.0,22.8,0.0,0.0,46.0,21.6,0.0,0.0,46.0,21.9,0.0,0.0,0.0,49.0,21.6,0.0,27.0,0.0,52.0,19.8,0.0,0.0,0.0,2.35,2.49,2.49,2.49,16.09,18.72,18.79,18.79,18.8,0.55,22.2,1.0,0.0,20.9,20.2,0.0,1.0,47.0,23.0,0.0,48.0,22.9,0.0,0.0,0.0,3.41,3.61,3.61,3.61,23.29,27.15,27.26,27.25,27.25,0.54,0.0,1.0,0.0,53.0,0.0,0.0,20.6,0.0,52.0,0.0,0.0,20.4,1.0,1.0,1.0
2022-10-18 00:14:04,17.1,1.0,1.0,20.5,1.0,0.0,0.0,20.4,54.0,21.7,0.0,0.0,0.0,65.0,12.0,0.0,0.0,44.0,23.0,0.0,0.0,42.0,22.8,0.0,0.0,46.0,21.6,0.0,0.0,46.0,21.9,0.0,0.0,0.0,49.0,21.6,0.0,27.0,0.0,52.0,19.8,0.0,0.0,0.0,2.35,2.49,2.49,2.49,16.09,18.72,18.79,18.79,18.8,0.55,22.2,1.0,0.0,20.9,20.2,0.0,1.0,47.0,23.0,0.0,48.0,22.9,0.0,0.0,0.0,3.41,3.61,3.61,3.61,23.29,27.15,27.26,27.25,27.25,0.54,0.0,1.0,0.0,53.0,0.0,0.0,20.6,0.0,52.0,0.0,0.0,20.4,1.0,1.0,1.0
2022-10-18 00:14:05,17.1,1.0,1.0,20.5,1.0,0.0,0.0,20.4,54.0,21.7,0.0,0.0,0.0,65.0,12.0,0.0,0.0,44.0,23.0,0.0,0.0,42.0,22.8,0.0,0.0,46.0,21.6,0.0,0.0,46.0,21.9,0.0,0.0,0.0,49.0,21.6,0.0,27.0,0.0,52.0,19.8,0.0,0.0,0.0,2.35,2.49,2.49,2.49,16.09,18.72,18.79,18.79,18.8,0.55,22.2,1.0,0.0,20.9,20.2,0.0,1.0,47.0,23.0,0.0,48.0,22.9,0.0,0.0,0.0,3.41,3.61,3.61,3.61,23.29,27.15,27.26,27.25,27.25,0.54,0.0,1.0,0.0,53.0,0.0,0.0,20.6,0.0,52.0,0.0,0.0,20.4,1.0,1.0,1.0
2022-10-18 00:14:06,17.1,1.0,1.0,20.5,1.0,0.0,0.0,20.4,54.0,21.7,0.0,0.0,0.0,65.0,12.0,0.0,0.0,44.0,23.0,0.0,0.0,42.0,22.8,0.0,0.0,46.0,21.6,0.0,0.0,46.0,21.9,0.0,0.0,0.0,49.0,21.6,0.0,27.0,0.0,52.0,19.8,0.0,0.0,0.0,2.35,2.49,2.49,2.49,16.09,18.72,18.79,18.79,18.8,0.55,22.2,1.0,0.0,20.9,20.2,0.0,1.0,47.0,23.0,0.0,48.0,22.9,0.0,0.0,0.0,3.41,3.61,3.61,3.61,23.29,27.15,27.26,27.25,27.25,0.54,0.0,1.0,0.0,53.0,0.0,0.0,20.6,0.0,52.0,0.0,0.0,20.4,1.0,1.0,1.0
2022-10-18 00:14:07,17.1,1.0,1.0,20.5,1.0,0.0,0.0,20.4,54.0,21.7,0.0,0.0,0.0,65.0,12.0,0.0,0.0,44.0,23.0,0.0,0.0,42.0,22.8,0.0,0.0,46.0,21.6,0.0,0.0,46.0,21.9,0.0,0.0,0.0,49.0,21.6,0.0,27.0,0.0,52.0,19.8,0.0,0.0,0.0,2.35,2.49,2.49,2.49,16.09,18.72,18.79,18.79,18.8,0.55,22.2,1.0,0.0,20.9,20.2,0.0,1.0,47.0,23.0,0.0,48.0,22.9,0.0,0.0,0.0,3.41,3.61,3.61,3.61,23.29,27.15,27.26,27.25,27.25,0.54,0.0,1.0,0.0,53.0,0.0,0.0,20.6,0.0,52.0,0.0,0.0,20.4,1.0,1.0,1.0
2022-10-18 00:14:08,17.1,1.0,1.0,20.5,1.0,0.0,0.0,20.4,54.0,21.7,0.0,0.0,0.0,65.0,12.0,0.0,0.0,44.0,23.0,0.0,0.0,42.0,22.8,0.0,0.0,46.0,21.6,0.0,0.0,46.0,21.9,0.0,0.0,0.0,49.0,21.6,0.0,27.0,0.0,52.0,19.8,0.0,0.0,0.0,2.35,2.49,2.49,2.49,16.09,18.72,18.79,18.79,18.8,0.55,22.2,1.0,0.0,20.9,20.2,0.0,1.0,47.0,23.0,0.0,48.0,22.9,0.0,0.0,0.0,3.41,3.61,3.61,3.61,23.29,27.15,27.26,27.25,27.25,0.54,0.0,1.0,0.0,53.0,0.0,0.0,20.6,0.0,52.0,0.0,0.0,20.4,1.0,1.0,1.0
2022-10-18 00:14:09,17.1,1.0,1.0,20.5,1.0,0.0,0.0,20.4,54.0,21.7,0.0,0.0,0.0,65.0,12.0,0.0,0.0,44.0,23.0,0.0,0.0,42.0,22.8,0.0,0.0,46.0,21.6,0.0,0.0,46.0,21.9,0.0,0.0,0.0,49.0,21.6,0.0,27.0,0.0,52.0,19.8,0.0,0.0,0.0,2.35,2.49,2.49,2.49,16.09,18.72,18.79,18.79,18.8,0.55,22.2,1.0,0.0,20.9,20.2,0.0,1.0,47.0,23.0,0.0,48.0,22.9,0.0,0.0,0.0,3.41,3.61,3.61,3.61,23.29,27.15,27.26,27.25,27.25,0.54,0.0,1.0,0.0,53.0,0.0,0.0,20.6,0.0,52.0,0.0,0.0,20.4,1.0,1.0,1.0
2022-10-18 00:14:10,17.1,1.0,1.0,20.5,1.0,0.0,0.0,20.4,54.0,21.7,0.0,0.0,0.0,65.0,12.0,0.0,0.0,44.0,23.0,0.0,0.0,42.0,22.8,0.0,0.0,46.0,21.6,0.0,0.0,46.0,21.9,0.0,0.0,0.0,49.0,21.6,0.0,27.0,0.0,52.0,19.8,0.0,0.0,0.0,2.35,2.49,2.49,2.49,16.09,18.72,18.79,18.79,18.8,0.55,22.2,1.0,0.0,20.9,20.2,0.0,1.0,47.0,23.0,0.0,48.0,22.9,0.0,0.0,0.0,3.41,3.61,3.61,3.61,23.29,27.15,27.26,27.25,27.25,0.54,0.0,1.0,0.0,53.0,0.0,0.0,20.6,0.0,52.0,0.0,0.0,20.4,1.0,1.0,1.0
2022-10-18 00:14:11,17.1,1.0,1.0,20.5,1.0,0.0,0.0,20.4,54.0,21.7,0.0,0.0,0.0,65.0,12.0,0.0,0.0,44.0,23.0,0.0,0.0,42.0,22.8,0.0,0.0,46.0,21.6,0.0,0.0,46.0,21.9,0.0,0.0,0.0,49.0,21.6,0.0,27.0,0.0,52.0,19.8,0.0,0.0,0.0,2.35,2.49,2.49,2.49,16.09,18.72,18.79,18.79,18.8,0.55,22.2,1.0,0.0,20.9,20.2,0.0,1.0,47.0,23.0,0.0,48.0,22.9,0.0,0.0,0.0,3.41,3.61,3.61,3.61,23.29,27.15,27.26,27.25,27.25,0.54,0.0,1.0,0.0,53.0,0.0,0.0,20.6,0.0,52.0,0.0,0.0,20.4,1.0,1.0,1.0
2022-10-18 00:14:12,17.1,1.0,1.0,20.5,1.0,0.0,0.0,20.4,54.0,21.7,0.0,0.0,0.0,65.0,12.0,0.0,0.0,44.0,23.0,0.0,0.0,42.0,22.8,0.0,0.0,46.0,21.6,0.0,0.0,46.0,21.9,0.0,0.0,0.0,49.0,21.6,0.0,27.0,0.0,52.0,19.8,0.0,0.0,0.0,2.35,2.49,2.49,2.49,16.09,18.72,18.79,18.79,18.8,0.55,22.2,1.0,0.0,20.9,20.2,0.0,1.0,47.0,23.0,0.0,48.0,22.9,0.0,0.0,0.0,3.41,3.61,3.61,3.61,23.29,27.15,27.26,27.25,27.25,0.54,0.0,1.0,0.0,53.0,0.0,0.0,20.6,0.0,52.0,0.0,0.0,20.4,1.0,1.0,1.0
2022-10-18 00:14:13,17.1,1.0,1.0,20.5,1.0,0.0,0.0,20.4,54.0,21.7,0.0,0.0,0.0,65.0,12.0,0.0,0.0,44.0,23.0,0.0,0.0,42.0,22.8,0.0,0.0,46.0,21.6,0.0,0.0,46.0,21.9,0.0,0.0,0.0,49.0,21.6,0.0,27.0,0.0,52.0,19.8,0.0,0.0,0.0,2.35,2.49,2.49,2.49,16.09,18.72,18.79,18.79,18.8,0.55,22.2,1.0,0.0,20.9,20.2,0.0,1.0,47.0,23.0,0.0,48.0,22.9,0.0,0.0,0.0,3.41,3.61,3.61,3.61,23.29,27.15,27.26,27.25,27.25,0.54,0.0,1.0,0.0,53.0,0.0,0.0,20.6,0.0,52.0,0.0,0.0,20.4,1.0,1.0,1.0
2022-10-18 00:14:14,17.1,1.0,1.0,20.5,1.0,0.0,0.0,20.4,54.0,21.7,0.0,0.0,0.0,65.0,12.0,0.0,0.0,44.0,23.0,0.0,0.0,42.0,22.8,0.0,0.0,46.0,21.6,0.0,0.0,46.0,21.9,0.0,0.0,0.0,49.0,21.6,0.0,27.0,0.0,52.0,19.8,0.0,0.0,0.0,2.35,2.49,2.49,2.49,16.09,18.72,18.79,18.79,18.8,0.55,22.2,1.0,0.0,20.9,20.2,0.0,1.0,47.0,23.0,0.0,48.0,22.9,0.0,0.0,0.0,3.41,3.61,3.61,3.61,23.29,27.15,27.26,27.25,27.25,0.54,0.0,1.0,0.0,53.0,0.0,0.0,20.6,0.0,52.0,0.0,0.0,20.4,1.0,1.0,1.0
2022-10-18 00:14:15,17.1,1.0,1.0,20.5,1.0,0.0,0.0,20.4,54.0,21.7,0.0,0.0,0.0,65.0,12.0,0.0,0.0,44.0,23.0,0.0,0.0,42.0,22.8,0.0,0.0,46.0,21.6,0.0,0.0,46.0,21.9,0.0,0.0,0.0,49.0,21.6,0.0,27.0,0.0,52.0,19.8,0.0,0.0,0.0,2.35,2.49,2.49,2.49,16.09,18.72,18.79,18.79,18.8,0.55,22.2,1.0,0.0,20.9,20.2,0.0,1.0,47.0,23.0,0.0,48.0,22.9,0.0,0.0,0.0,3.41,3.61,3.61,3.61,23.29,27.15,27.26,27.25,27.25,0.54,0.0,1.0,0.0,53.0,0.0,0.0,20.6,0.0,52.0,0.0,0.0,20.4,1.0,1.0,1.0
2022-10-18 00:14:16,17.1,1.0,1.0,20.5,1.0,0.0,0.0,20.4,54.0,21.7,0.0,0.0,0.0,65.0,12.0,0.0,0.0,44.0,23.0,0.0,0.0,42.0,22.8,0.0,0.0,46.0,21.6,0.0,0.0,46.0,21.9,0.0,0.0,0.0,49.0,21.6,0.0,27.0,0.0,52.0,19.8,0.0,0.0,0.0,2.35,2.49,2.49,2.49,16.09,18.72,18.79,18.79,18.8,0.55,22.2,1.0,0.0,20.9,20.2,0.0,1.0,47.0,23.0,0.0,48.0,22.9,0.0,0.0,0.0,3.41,3.61,3.61,3.61,23.29,27.15,27.26,27.25,27.25,0.54,0.0,1.0,0.0,53.0,0.0,0.0,20.6,0.0,52.0,0.0,0.0,20.4,1.0,1.0,1.0
2022-10-18 00:14:17,17.1,1.0,1.0,20.5,1.0,0.0,0.0,20.4,54.0,21.7,0.0,0.0,0.0,65.0,12.0,0.0,0.0,44.0,23.0,0.0,0.0,42.0,22.8,0.0,0.0,46.0,21.6,0.0,0.0,46.0,21.9,0.0,0.0,0.0,49.0,21.6,0.0,27.0,0.0,52.0,19.8,0.0,0.0,0.0,2.35,2.49,2.49,2.49,16.09,18.72,18.79,18.79,18.8,0.55,22.2,1.0,0.0,20.9,20.2,0.0,1.0,47.0,23.0,0.0,48.0,22.9,0.0,0.0,0.0,3.41,3.61,3.61,3.61,23.29,27.15,27.26,27.25,27.25,0.54,0.0,1.0,0.0,53.0,0.0,0.0,20.6,0.0,52.0,0.0,0.0,20.4,1.0,1.0,1.0
2022-10-18 00:14:18,17.1,1.0,1.0,20.5,1.0,0.0,0.0,20.4,54.0,21.7,0.0,0.0,0.0,65.0,12.0,0.0,0.0,44.0,23.0,0.0,0.0,42.0,22.8,0.0,0.0,46.0,21.6,0.0,0.0,46.0,21.9,0.0,0.0,0.0,49.0,21.6,0.0,27.0,0.0,52.0,19.8,0.0,0.0,0.0,2.35,2.49,2.49,2.49,16.09,18.72,18.79,18.79,18.8,0.55,22.2,1.0,0.0,20.9,20.2,0.0,1.0,47.0,23.0,0.0,48.0,22.9,0.0,0.0,0.0,3.41,3.61,3.61,3.61,23.29,27.15,27.26,27.25,27.25,0.54,0.0,1.0,0.0,53.0,0.0,0.0,20.6,0.0,52.0,0.0,0.0,20.4,1.0,1.0,1.0
2022-10-18 00:14:19,17.1,1.0,1.0,20.5,1.0,0.0,0.0,20.4,54.0,21.7,0.0,0.0,0.0,65.0,12.0,0.0,0.0,44.0,23.0,0.0,0.0,42.0,22.8,0.0,0.0,46.0,21.6,0.0,0.0,46.0,21.9,0.0,0.0,0.0,49.0,21.6,0.0,27.0,0.0,52.0,19.8,0.0,0.0,0.0,2.35,2.49,2.49,2.49,16.09,18.72,18.79,18.79,18.8,0.55,22.2,1.0,0.0,20.9,20.2,0.0,1.0,47.0,23.0,0.0,48.0,22.9,0.0,0.0,0.0,3.41,3.61,3.61,3.61,23.29,27.15,27.26,27.25,27.25,0.54,0.0,1.0,0.0,53.0,0.0,0.0,20.6,0.0,52.0,0.0,0.0,20.4,1.0,1.0,1.0
2022-10-18 00:14:20,17.1,1.0,1.0,20.5,1.0,0.0,0.0,20.4,54.0,21.7,0.0,0.0,0.0,65.0,12.0,0.0,0.0,44.0,23.0,0.0,0.0,42.0,22.8,0.0,0.0,46.0,21.6,0.0,0.0,46.0,21.9,0.0,0.0,0.0,49.0,21.6,0.0,27.0,0.0,52.0,19.8,0.0,0.0,0.0,2.35,2.49,2.49,2.49,16.09,18.72,18.79,18.79,18.8,0.55,22.2,1.0,0.0,20.9,20.2,0.0,1.0,47.0,23.0,0.0,48.0,22.9,0.0,0.0,0.0,3.41,3.61,3.61,3.61,23.29,27.15,27.26,27.25,27.25,0.54,0.0,1.0,0.0,53.0,0.0,0.0,20.6,0.0,52.0,0.0,0.0,20.4,1.0,1.0,1.0
2022-10-18 00:14:21,17.1,1.0,1.0,20.5,1.0,0.0,0.0,20.4,54.0,21.7,0.0,0.0,0.0,65.0,12.0,0.0,0.0,44.0,23.0,0.0,0.0,42.0,22.8,0.0,0.0,46.0,21.6,0.0,0.0,46.0,21.9,0.0,0.0,0.0,49.0,21.6,0.0,27.0,0.0,52.0,19.8,0.0,0.0,0.0,2.35,2.49,2.49,2.49,16.09,18.72,18.79,18.79,18.8,0.55,22.2,1.0,0.0,20.9,20.2,0.0,1.0,47.0,23.0,0.0,48.0,22.9,0.0,0.0,0.0,3.41,3.61,3.61,3.61,23.29,27.15,27.26,27.25,27.25,0.54,0.0,1.0,0.0,53.0,0.0,0.0,20.6,0.0,52.0,0.0,0.0,20.4,1.0,1.0,1.0
2022-10-18 00:14:22,17.1,1.0,1.0,20.5,1.0,0.0,0.0,20.4,54.0,21.7,0.0,0.0,0.0,65.0,12.0,0.0,0.0,44.0,23.0,0.0,0.0,42.0,22.8,0.0,0.0,46.0,21.6,0.0,0.0,46.0,21.9,0.0,0.0,0.0,49.0,21.6,0.0,27.0,0.0,52.0,19.8,0.0,0.0,0.0,2.35,2.49,2.49,2.49,16.09,18.72,18.79,18.79,18.8,0.55,22.2,1.0,0.0,20.9,20.2,0.0,1.0,47.0,23.0,0.0,48.0,22.9,0.0,0.0,0.0,3.41,3.61,3.61,3.61,23.29,27.15,27.26,27.25,27.25,0.54,0.0,1.0,0.0,53.0,0.0,0.0,20.6,0.0,52.0,0.0,0.0,20.4,1.0,1.0,1.0
2022-10-18 00:14:23,17.1,1.0,1.0,20.5,1.0,0.0,0.0,20.4,54.0,21.7,0.0,0.0,0.0,65.0,12.0,0.0,0.0,44.0,23.0,0.0,0.0,42.0,22.8,0.0,0.0,46.0,21.6,0.0,0.0,46.0,21.9,0.0,0.0,0.0,49.0,21.6,0.0,27.0,0.0,52.0,19.8,0.0,0.0,0.0,2.35,2.49,2.49,2.49,16.09,18.72,18.79,18.79,18.8,0.55,22.2,1.0,0.0,20.9,20.2,0.0,1.0,47.0,23.0,0.0,48.0,22.9,0.0,0.0,0.0,3.41,3.61,3.61,3.61,23.29,27.15,27.26,27.25,27.25,0.54,0.0,1.0,0.0,53.0,0.0,0.0,20.6,0.0,52.0,0.0,0.0,20.4,1.0,1.0,1.0
2022-10-18 00:14:24,17.1,1.0,1.0,20.5,1.0,0.0,0.0,20.4,54.0,21.7,0.0,0.0,0.0,65.0,12.0,0.0,0.0,44.0,23.0,0.0,0.0,42.0,22.8,0.0,0.0,46.0,21.6,0.0,0.0,46.0,21.9,0.0,0.0,0.0,49.0,21.6,0.0,27.0,0.0,52.0,19.8,0.0,0.0,0.0,2.35,2.49,2.49,2.49,16.09,18.72,18.79,18.79,18.8,0.55,22.2,1.0,0.0,20.9,20.2,0.0,1.0,47.0,23.0,0.0,48.0,22.9,0.0,0.0,0.0,3.41,3.61,3.61,3.61,23.29,27.15,27.26,27.25,27.25,0.54,0.0,1.0,0.0,53.0,0.0,0.0,20.6,0.0,52.0,0.0,0.0,20.4,1.0,1.0,1.0
2022-10-18 00:14:25,17.1,1.0,1.0,20.5,1.0,0.0,0.0,20.4,54.0,21.7,0.0,0.0,0.0,65.0,12.0,0.0,0.0,44.0,23.0,0.0,0.0,42.0,22.8,0.0,0.0,46.0,21.6,0.0,0.0,46.0,21.9,0.0,0.0,0.0,49.0,21.6,0.0,27.0,0.0,52.0,19.8,0.0,0.0,0.0,2.35,2.49,2.49,2.49,16.09,18.72,18.79,18.79,18.8,0.55,22.2,1.0,0.0,20.9,20.2,0.0,1.0,47.0,23.0,0.0,48.0,22.9,0.0,0.0,0.0,3.41,3.61,3.61,3.61,23.29,27.15,27.26,27.25,27.25,0.54,0.0,1.0,0.0,53.0,0.0,0.0,20.6,0.0,52.0,0.0,0.0,20.4,1.0,1.0,1.0
2022-10-18 00:14:26,17.1,1.0,1.0,20.5,1.0,0.0,0.0,20.4,54.0,21.7,0.0,0.0,0.0,65.0,12.0,0.0,0.0,44.0,23.0,0.0,0.0,42.0,22.8,0.0,0.0,46.0,21.6,0.0,0.0,46.0,21.9,0.0,0.0,0.0,49.0,21.6,0.0,27.0,0.0,52.0,19.8,0.0,0.0,0.0,2.35,2.49,2.49,2.49,16.09,18.72,18.79,18.79,18.8,0.55,22.2,1.0,0.0,20.9,20.2,0.0,1.0,47.0,23.0,0.0,48.0,22.9,0.0,0.0,0.0,3.41,3.61,3.61,3.61,23.29,27.15,27.26,27.25,27.25,0.54,0.0,1.0,0.0,53.0,0.0,0.0,20.6,0.0,52.0,0.0,0.0,20.4,1.0,1.0,1.0
2022-10-18 00:14:27,17.1,1.0,1.0,20.5,1.0,0.0,0.0,20.4,54.0,21.7,0.0,0.0,0.0,65.0,12.0,0.0,0.0,44.0,23.0,0.0,0.0,42.0,22.8,0.0,0.0,46.0,21.6,0.0,0.0,46.0,21.9,0.0,0.0,0.0,49.0,21.6,0.0,27.0,0.0,52.0,19.8,0.0,0.0,0.0,2.35,2.49,2.49,2.49,16.09,18.72,18.79,18.79,18.8,0.55,22.2,1.0,0.0,20.9,20.2,0.0,1.0,47.0,23.0,0.0,48.0,22.9,0.0,0.0,0.0,3.41,3.61,3.61,3.61,23.29,27.15,27.26,27.25,27.25,0.54,0.0,1.0,0.0,53.0,0.0,0.0,20.6,0.0,52.0,0.0,0.0,20.4,1.0,1.0,1.0
2022-10-18 00:14:28,17.1,1.0,1.0,20.5,1.0,0.0,0.0,20.4,54.0,21.7,0.0,0.0,0.0,65.0,12.0,0.0,0.0,44.0,23.0,0.0,0.0,42.0,22.8,0.0,0.0,46.0,21.6,0.0,0.0,46.0,21.9,0.0,0.0,0.0,49.0,21.6,0.0,27.0,0.0,52.0,19.8,0.0,0.0,0.0,2.35,2.49,2.49,2.49,16.09,18.72,18.79,18.79,18.8,0.55,22.2,1.0,0.0,20.9,20.2,0.0,1.0,47.0,23.0,0.0,48.0,22.9,0.0,0.0,0.0,3.41,3.61,3.61,3.61,23.29,27.15,27.26,27.25,27.25,0.54,0.0,1.0,0.0,53.0,0.0,0.0,20.6,0.0,52.0,0.0,0.0,20.4,1.0,1.0,1.0
2022-10-18 00:14:29,17.1,1.0,1.0,20.5,1.0,0.0,0.0,20.4,54.0,21.7,0.0,0.0,0.0,65.0,12.0,0.0,0.0,44.0,23.0,0.0,0.0,42.0,22.8,0.0,0.0,46.0,21.6,0.0,0.0,46.0,21.9,0.0,0.0,0.0,49.0,21.6,0.0,27.0,0.0,52.0,19.8,0.0,0.0,0.0,2.35,2.49,2.49,2.49,16.09,18.72,18.79,18.79,18.8,0.55,22.2,1.0,0.0,20.9,20.2,0.0,1.0,47.0,23.0,0.0,48.0,22.9,0.0,0.0,0.0,3.41,3.61,3.61,3.61,23.29,27.15,27.26,27.25,27.25,0.54,0.0,1.0,0.0,53.0,0.0,0.0,20.6,0.0,52.0,0.0,0.0,20.4,1.0,1.0,1.0
2022-10-18 00:14:30,17.1,1.0,1.0,20.5,1.0,0.0,0.0,20.4,54.0,21.7,0.0,0.0,0.0,65.0,12.0,0.0,0.0,44.0,23.0,0.0,0.0,42.0,22.8,0.0,0.0,46.0,21.6,0.0,0.0,46.0,21.9,0.0,0.0,0.0,49.0,21.6,0.0,27.0,0.0,52.0,19.8,0.0,0.0,0.0,2.35,2.49,2.49,2.49,16.09,18.72,18.79,18.79,18.8,0.55,22.2,1.0,0.0,20.9,20.2,0.0,1.0,47.0,23.0,0.0,48.0,22.9,0.0,0.0,0.0,3.41,3.61,3.61,3.61,23.29,27.15,27.26,27.25,27.25,0.54,0.0,1.0,0.0,53.0,0.0,0.0,20.6,0.0,52.0,0.0,0.0,20.4,1.0,1.0,1.0
2022-10-18 00:14:31,17.1,1.0,1.0,20.5,1.0,0.0,0.0,20.4,54.0,21.7,0.0,0.0,0.0,65.0,12.0,0.0,0.0,44.0,23.0,0.0,0.0,42.0,22.8,0.0,0.0,46.0,21.6,0.0,0.0,46.0,21.9,0.0,0.0,0.0,49.0,21.6,0.0,27.0,0.0,52.0,19.8,0.0,0.0,0.0,2.35,2.49,2.49,2.49,16.09,18.72,18.79,18.79,18.8,0.55,22.2,1.0,0.0,20.9,20.2,0.0,1.0,47.0,23.0,0.0,48.0,22.9,0.0,0.0,0.0,3.41,3.61,3.61,3.61,23.29,27.15,27.26,27.25,27.25,0.54,0.0,1.0,0.0,53.0,0.0,0.0,20.6,0.0,52.0,0.0,0.0,20.4,1.0,1.0,1.0
2022-10-18 00:14:32,17.1,1.0,1.0,20.5,1.0,0.0,0.0,20.4,54.0,21.7,0.0,0.0,0.0,65.0,12.0,0.0,0.0,44.0,23.0,0.0,0.0,42.0,22.8,0.0,0.0,46.0,21.6,0.0,0.0,46.0,21.9,0.0,0.0,0.0,49.0,21.6,0.0,27.0,0.0,52.0,19.8,0.0,0.0,0.0,2.35,2.49,2.49,2.49,16.09,18.72,18.79,18.79,18.8,0.55,22.2,1.0,0.0,20.9,20.2,0.0,1.0,47.0,23.0,0.0,48.0,22.9,0.0,0.0,0.0,3.41,3.61,3.61,3.61,23.29,27.15,27.26,27.25,27.25,0.54,0.0,1.0,0.0,53.0,0.0,0.0,20.6,0.0,52.0,0.0,0.0,20.4,1.0,1.0,1.0
2022-10-18 00:14:33,17.1,1.0,1.0,20.5,1.0,0.0,0.0,20.4,54.0,21.7,0.0,0.0,0.0,65.0,12.0,0.0,0.0,44.0,23.0,0.0,0.0,42.0,22.8,0.0,0.0,46.0,21.6,0.0,0.0,46.0,21.9,0.0,0.0,0.0,49.0,21.6,0.0,27.0,0.0,52.0,19.8,0.0,0.0,0.0,2.35,2.49,2.49,2.49,16.09,18.72,18.79,18.79,18.8,0.55,22.2,1.0,0.0,20.9,20.2,0.0,1.0,47.0,23.0,0.0,48.0,22.9,0.0,0.0,0.0,3.41,3.61,3.61,3.61,23.29,27.15,27.26,27.25,27.25,0.54,0.0,1.0,0.0,53.0,0.0,0.0,20.6,0.0,52.0,0.0,0.0,20.4,1.0,1.0,1.0
2022-10-18 00:14:34,17.1,1.0,1.0,20.5,1.0,0.0,0.0,20.4,54.0,21.7,0.0,0.0,0.0,65.0,12.0,0.0,0.0,44.0,23.0,0.0,0.0,42.0,22.8,0.0,0.0,46.0,21.6,0.0,0.0,46.0,21.9,0.0,0.0,0.0,49.0,21.6,0.0,27.0,0.0,52.0,19.8,0.0,0.0,0.0,2.35,2.49,2.49,2.49,16.09,18.72,18.79,18.79,18.8,0.55,22.2,1.0,0.0,20.9,20.2,0.0,1.0,47.0,23.0,0.0,48.0,22.9,0.0,0.0,0.0,3.41,3.61,3.61,3.61,23.29,27.15,27.26,27.25,27.25,0.54,0.0,1.0,0.0,53.0,0.0,0.0,20.6,0.0,52.0,0.0,0.0,20.4,1.0,1.0,1.0
2022-10-18 00:14:35,17.1,1.0,1.0,20.5,1.0,0.0,0.0,20.4,54.0,21.7,0.0,0.0,0.0,65.0,12.0,0.0,0.0,44.0,23.0,0.0,0.0,42.0,22.8,0.0,0.0,46.0,21.6,0.0,0.0,46.0,21.9,0.0,0.0,0.0,49.0,21.6,0.0,27.0,0.0,52.0,19.8,0.0,0.0,0.0,2.35,2.49,2.49,2.49,16.09,18.72,18.79,18.79,18.8,0.55,22.2,1.0,0.0,20.9,20.2,0.0,1.0,47.0,23.0,0.0,48.0,22.9,0.0,0.0,0.0,3.41,3.61,3.61,3.61,23.29,27.15,27.26,27.25,27.25,0.54,0.0,1.0,0.0,53.0,0.0,0.0,20.6,0.0,52.0,0.0,0.0,20.4,1.0,1.0,1.0
2022-10-18 00:14:36,17.1,1.0,1.0,20.5,1.0,0.0,0.0,20.4,54.0,21.7,0.0,0.0,0.0,65.0,12.0,0.0,0.0,44.0,23.0,0.0,0.0,42.0,22.8,0.0,0.0,46.0,21.6,0.0,0.0,46.0,21.9,0.0,0.0,0.0,49.0,21.6,0.0,27.0,0.0,52.0,19.8,0.0,0.0,0.0,2.35,2.49,2.49,2.49,16.09,18.72,18.79,18.79,18.8,0.55,22.2,1.0,0.0,20.9,20.2,0.0,1.0,47.0,23.0,0.0,48.0,22.9,0.0,0.0,0.0,3.41,3.61,3.61,3.61,23.29,27.15,27.26,27.25,27.25,0.54,0.0,1.0,0.0,53.0,0.0,0.0,20.6,0.0,52.0,0.0,0.0,20.4,1.0,1.0,1.0
2022-10-18 00:14:37,17.1,1.0,1.0,20.5,1.0,0.0,0.0,20.4,54.0,21.7,0.0,0.0,0.0,65.0,12.0,0.0,0.0,44.0,23.0,0.0,0.0,42.0,22.8,0.0,0.0,46.0,21.6,0.0,0.0,46.0,21.9,0.0,0.0,0.0,49.0,21.6,0.0,27.0,0.0,52.0,19.8,0.0,0.0,0.0,2.35,2.49,2.49,2.49,16.09,18.72,18.79,18.79,18.8,0.55,22.2,1.0,0.0,20.9,20.2,0.0,1.0,47.0,23.0,0.0,48.0,22.9,0.0,0.0,0.0,3.41,3.61,3.61,3.61,23.29,27.15,27.26,27.25,27.25,0.54,0.0,1.0,0.0,53.0,0.0,0.0,20.6,0.0,52.0,0.0,0.0,20.4,1.0,1.0,1.0
2022-10-18 00:14:38,17.1,1.0,1.0,20.5,1.0,0.0,0.0,20.4,54.0,21.7,0.0,0.0,0.0,65.0,12.0,0.0,0.0,44.0,23.0,0.0,0.0,42.0,22.8,0.0,0.0,46.0,21.6,0.0,0.0,46.0,21.9,0.0,0.0,0.0,49.0,21.6,0.0,27.0,0.0,52.0,19.8,0.0,0.0,0.0,2.35,2.49,2.49,2.49,16.09,18.72,18.79,18.79,18.8,0.55,22.2,1.0,0.0,20.9,20.2,0.0,1.0,47.0,23.0,0.0,48.0,22.9,0.0,0.0,0.0,3.41,3.61,3.61,3.61,23.29,27.15,27.26,27.25,27.25,0.54,0.0,1.0,0.0,53.0,0.0,0.0,20.6,0.0,52.0,0.0,0.0,20.4,1.0,1.0,1.0
2022-10-18 00:14:39,17.1,1.0,1.0,20.5,1.0,0.0,0.0,20.4,54.0,21.7,0.0,0.0,0.0,65.0,12.0,0.0,0.0,44.0,23.0,0.0,0.0,42.0,22.8,0.0,0.0,46.0,21.6,0.0,0.0,46.0,21.9,0.0,0.0,0.0,49.0,21.6,0.0,27.0,0.0,52.0,19.8,0.0,0.0,0.0,2.35,2.49,2.49,2.49,16.09,18.72,18.79,18.79,18.8,0.55,22.2,1.0,0.0,20.9,20.2,0.0,1.0,47.0,23.0,0.0,48.0,22.9,0.0,0.0,0.0,3.41,3.61,3.61,3.61,23.29,27.15,27.26,27.25,27.25,0.54,0.0,1.0,0.0,53.0,0.0,0.0,20.6,0.0,52.0,0.0,0.0,20.4,1.0,1.0,1.0
2022-10-18 00:14:40,17.1,1.0,1.0,20.5,1.0,0.0,0.0,20.4,54.0,21.7,0.0,0.0,0.0,65.0,12.0,0.0,0.0,44.0,23.0,0.0,0.0,42.0,22.8,0.0,0.0,46.0,21.6,0.0,0.0,46.0,21.9,0.0,0.0,0.0,49.0,21.6,0.0,27.0,0.0,52.0,19.8,0.0,0.0,0.0,2.35,2.49,2.49,2.49,16.09,18.72,18.79,18.79,18.8,0.55,22.2,1.0,0.0,20.9,20.2,0.0,1.0,47.0,23.0,0.0,48.0,22.9,0.0,0.0,0.0,3.41,3.61,3.61,3.61,23.29,27.15,27.26,27.25,27.25,0.54,0.0,1.0,0.0,53.0,0.0,0.0,20.6,0.0,52.0,0.0,0.0,20.4,1.0,1.0,1.0
2022-10-18 00:14:41,17.1,1.0,1.0,20.5,1.0,0.0,0.0,20.4,54.0,21.7,0.0,0.0,0.0,65.0,12.0,0.0,0.0,44.0,23.0,0.0,0.0,42.0,22.8,0.0,0.0,46.0,21.6,0.0,0.0,46.0,21.9,0.0,0.0,0.0,49.0,21.6,0.0,27.0,0.0,52.0,19.8,0.0,0.0,0.0,2.35,2.49,2.49,2.49,16.09,18.72,18.79,18.79,18.8,0.55,22.2,1.0,0.0,20.9,20.2,0.0,1.0,47.0,23.0,0.0,48.0,22.9,0.0,0.0,0.0,3.41,3.61,3.61,3.61,23.29,27.15,27.26,27.25,27.25,0.54,0.0,1.0,0.0,53.0,0.0,0.0,20.6,0.0,52.0,0.0,0.0,20.4,1.0,1.0,1.0
2022-10-18 00:14:42,17.1,1.0,1.0,20.5,1.0,0.0,0.0,20.4,54.0,21.7,0.0,0.0,0.0,65.0,12.0,0.0,0.0,44.0,23.0,0.0,0.0,42.0,22.8,0.0,0.0,46.0,21.6,0.0,0.0,46.0,21.9,0.0,0.0,0.0,49.0,21.6,0.0,27.0,0.0,52.0,19.8,0.0,0.0,0.0,2.35,2.49,2.49,2.49,16.09,18.72,18.79,18.79,18.8,0.55,22.2,1.0,0.0,20.9,20.2,0.0,1.0,47.0,23.0,0.0,48.0,22.9,0.0,0.0,0.0,3.41,3.61,3.61,3.61,23.29,27.15,27.26,27.25,27.25,0.54,0.0,1.0,0.0,53.0,0.0,0.0,20.6,0.0,52.0,0.0,0.0,20.4,1.0,1.0,1.0
2022-10-18 00:14:43,17.1,1.0,1.0,20.5,1.0,0.0,0.0,20.4,54.0,21.7,0.0,0.0,0.0,65.0,12.0,0.0,0.0,44.0,23.0,0.0,0.0,42.0,22.8,0.0,0.0,46.0,21.6,0.0,0.0,46.0,21.9,0.0,0.0,0.0,49.0,21.6,0.0,27.0,0.0,52.0,19.8,0.0,0.0,0.0,2.35,2.49,2.49,2.49,16.09,18.72,18.79,18.79,18.8,0.55,22.2,1.0,0.0,20.9,20.2,0.0,1.0,47.0,23.0,0.0,48.0,22.9,0.0,0.0,0.0,3.41,3.61,3.61,3.61,23.29,27.15,27.26,27.25,27.25,0.54,0.0,1.0,0.0,53.0,0.0,0.0,20.6,0.0,52.0,0.0,0.0,20.4,1.0,1.0,1.0
2022-10-18 00:14:44,17.1,1.0,1.0,20.5,1.0,0.0,0.0,20.4,54.0,21.7,0.0,0.0,0.0,65.0,12.0,0.0,0.0,44.0,23.0,0.0,0.0,42.0,22.8,0.0,0.0,46.0,21.6,0.0,0.0,46.0,21.9,0.0,0.0,0.0,49.0,21.6,0.0,27.0,0.0,52.0,19.8,0.0,0.0,0.0,2.35,2.49,2.49,2.49,16.09,18.72,18.79,18.79,18.8,0.55,22.2,1.0,0.0,20.9,20.2,0.0,1.0,47.0,23.0,0.0,48.0,22.9,0.0,0.0,0.0,3.41,3.61,3.61,3.61,23.29,27.15,27.26,27.25,27.25,0.54,0.0,1.0,0.0,53.0,0.0,0.0,20.6,0.0,52.0,0.0,0.0,20.4,1.0,1.0,1.0
2022-10-18 00:14:45,17.1,1.0,1.0,20.5,1.0,0.0,0.0,20.4,54.0,21.7,0.0,0.0,0.0,65.0,12.0,0.0,0.0,44.0,23.0,0.0,0.0,42.0,22.8,0.0,0.0,46.0,21.6,0.0,0.0,46.0,21.9,0.0,0.0,0.0,49.0,21.6,0.0,27.0,0.0,52.0,19.8,0.0,0.0,0.0,2.35,2.49,2.49,2.49,16.09,18.72,18.79,18.79,18.8,0.55,22.2,1.0,0.0,20.9,20.2,0.0,1.0,47.0,23.0,0.0,48.0,22.9,0.0,0.0,0.0,3.41,3.61,3.61,3.61,23.29,27.15,27.26,27.25,27.25,0.54,0.0,1.0,0.0,53.0,0.0,0.0,20.6,0.0,52.0,0.0,0.0,20.4,1.0,1.0,1.0
2022-10-18 00:14:46,17.1,1.0,1.0,20.5,1.0,0.0,0.0,20.4,54.0,21.7,0.0,0.0,0.0,65.0,12.0,0.0,0.0,44.0,23.0,0.0,0.0,42.0,22.8,0.0,0.0,46.0,21.6,0.0,0.0,46.0,21.9,0.0,0.0,0.0,49.0,21.6,0.0,27.0,0.0,52.0,19.8,0.0,0.0,0.0,2.35,2.49,2.49,2.49,16.09,18.72,18.79,18.79,18.8,0.55,22.2,1.0,0.0,20.9,20.2,0.0,1.0,47.0,23.0,0.0,48.0,22.9,0.0,0.0,0.0,3.41,3.61,3.61,3.61,23.29,27.15,27.26,27.25,27.25,0.54,0.0,1.0,0.0,53.0,0.0,0.0,20.6,0.0,52.0,0.0,0.0,20.4,1.0,1.0,1.0
2022-10-18 00:14:47,17.1,1.0,1.0,20.5,1.0,0.0,0.0,20.4,54.0,21.7,0.0,0.0,0.0,65.0,12.0,0.0,0.0,44.0,23.0,0.0,0.0,42.0,22.8,0.0,0.0,46.0,21.6,0.0,0.0,46.0,21.9,0.0,0.0,0.0,49.0,21.6,0.0,27.0,0.0,52.0,19.8,0.0,0.0,0.0,2.35,2.49,2.49,2.49,16.09,18.72,18.79,18.79,18.8,0.55,22.2,1.0,0.0,20.9,20.2,0.0,1.0,47.0,23.0,0.0,48.0,22.9,0.0,0.0,0.0,3.41,3.61,3.61,3.61,23.29,27.15,27.26,27.25,27.25,0.54,0.0,1.0,0.0,53.0,0.0,0.0,20.6,0.0,52.0,0.0,0.0,20.4,1.0,1.0,1.0
2022-10-18 00:14:48,17.1,1.0,1.0,20.5,1.0,0.0,0.0,20.4,54.0,21.7,0.0,0.0,0.0,65.0,12.0,0.0,0.0,44.0,23.0,0.0,0.0,42.0,22.8,0.0,0.0,46.0,21.6,0.0,0.0,46.0,21.9,0.0,0.0,0.0,49.0,21.6,0.0,27.0,0.0,52.0,19.8,0.0,0.0,0.0,2.35,2.49,2.49,2.49,16.09,18.72,18.79,18.79,18.8,0.55,22.2,1.0,0.0,20.9,20.2,0.0,1.0,47.0,23.0,0.0,48.0,22.9,0.0,0.0,0.0,3.41,3.61,3.61,3.61,23.29,27.15,27.26,27.25,27.25,0.54,0.0,1.0,0.0,53.0,0.0,0.0,20.6,0.0,52.0,0.0,0.0,20.4,1.0,1.0,1.0
2022-10-18 00:14:49,17.1,1.0,1.0,20.5,1.0,0.0,0.0,20.4,54.0,21.7,0.0,0.0,0.0,65.0,12.0,0.0,0.0,44.0,23.0,0.0,0.0,42.0,22.8,0.0,0.0,46.0,21.6,0.0,0.0,46.0,21.9,0.0,0.0,0.0,49.0,21.6,0.0,27.0,0.0,52.0,19.8,0.0,0.0,0.0,2.35,2.49,2.49,2.49,16.09,18.72,18.79,18.79,18.8,0.55,22.2,1.0,0.0,20.9,20.2,0.0,1.0,47.0,23.0,0.0,48.0,22.9,0.0,0.0,0.0,3.41,3.61,3.61,3.61,23.29,27.15,27.26,27.25,27.25,0.54,0.0,1.0,0.0,53.0,0.0,0.0,20.6,0.0,52.0,0.0,0.0,20.4,1.0,1.0,1.0
2022-10-18 00:14:50,17.1,1.0,1.0,20.5,1.0,0.0,0.0,20.4,53.0,21.7,0.0,0.0,0.0,65.0,12.0,0.0,0.0,44.0,23.0,0.0,0.0,42.0,22.8,0.0,0.0,46.0,21.6,0.0,0.0,46.0,21.9,0.0,0.0,0.0,49.0,21.6,0.0,27.0,0.0,52.0,19.8,0.0,0.0,0.0,2.35,2.49,2.49,2.49,16.09,18.72,18.79,18.79,18.8,0.55,22.2,1.0,0.0,20.9,20.2,0.0,1.0,47.0,23.0,0.0,48.0,22.9,0.0,0.0,0.0,3.41,3.61,3.61,3.61,23.29,27.15,27.26,27.25,27.25,0.54,0.0,1.0,0.0,53.0,0.0,0.0,20.6,0.0,52.0,0.0,0.0,20.4,1.0,1.0,1.0
2022-10-18 00:14:51,17.1,1.0,1.0,20.5,1.0,0.0,0.0,20.4,53.0,21.7,0.0,0.0,0.0,65.0,12.0,0.0,0.0,44.0,23.0,0.0,0.0,42.0,22.8,0.0,0.0,46.0,21.6,0.0,0.0,46.0,21.9,0.0,0.0,0.0,49.0,21.6,0.0,27.0,0.0,52.0,19.8,0.0,0.0,0.0,2.35,2.49,2.49,2.49,16.09,18.72,18.79,18.79,18.8,0.55,22.2,1.0,0.0,20.9,20.2,0.0,1.0,47.0,23.0,0.0,48.0,22.9,0.0,0.0,0.0,3.41,3.61,3.61,3.61,23.29,27.15,27.26,27.25,27.25,0.54,0.0,1.0,0.0,53.0,0.0,0.0,20.6,0.0,52.0,0.0,0.0,20.4,1.0,1.0,1.0
2022-10-18 00:14:52,17.1,1.0,1.0,20.5,1.0,0.0,0.0,20.4,53.0,21.7,0.0,0.0,0.0,65.0,12.0,0.0,0.0,44.0,23.0,0.0,0.0,42.0,22.8,0.0,0.0,46.0,21.6,0.0,0.0,46.0,21.9,0.0,0.0,0.0,49.0,21.6,0.0,27.0,0.0,52.0,19.8,0.0,0.0,0.0,2.35,2.49,2.49,2.49,16.09,18.72,18.79,18.79,18.8,0.55,22.2,1.0,0.0,20.9,20.2,0.0,1.0,47.0,23.0,0.0,48.0,22.9,0.0,0.0,0.0,3.41,3.61,3.61,3.61,23.29,27.15,27.26,27.25,27.25,0.54,0.0,1.0,0.0,53.0,0.0,0.0,20.6,0.0,52.0,0.0,0.0,20.4,1.0,1.0,1.0
2022-10-18 00:14:53,17.1,1.0,1.0,20.5,1.0,0.0,0.0,20.4,53.0,21.7,0.0,0.0,0.0,65.0,12.0,0.0,0.0,44.0,23.0,0.0,0.0,42.0,22.8,0.0,0.0,46.0,21.6,0.0,0.0,46.0,21.9,0.0,0.0,0.0,49.0,21.6,0.0,27.0,0.0,52.0,19.8,0.0,0.0,0.0,2.35,2.49,2.49,2.49,16.09,18.72,18.79,18.79,18.8,0.55,22.2,1.0,0.0,20.9,20.2,0.0,1.0,47.0,23.0,0.0,48.0,22.9,0.0,0.0,0.0,3.41,3.61,3.61,3.61,23.29,27.15,27.26,27.25,27.25,0.54,0.0,1.0,0.0,53.0,0.0,0.0,20.6,0.0,52.0,0.0,0.0,20.4,1.0,1.0,1.0
2022-10-18 00:14:54,17.1,1.0,1.0,20.5,1.0,0.0,0.0,20.4,53.0,21.7,0.0,0.0,0.0,65.0,12.0,0.0,0.0,44.0,23.0,0.0,0.0,42.0,22.8,0.0,0.0,46.0,21.6,0.0,0.0,46.0,21.9,0.0,0.0,0.0,49.0,21.6,0.0,27.0,0.0,52.0,19.8,0.0,0.0,0.0,2.35,2.49,2.49,2.49,16.09,18.72,18.79,18.79,18.8,0.55,22.2,1.0,0.0,20.9,20.2,0.0,1.0,47.0,23.0,0.0,48.0,22.9,0.0,0.0,0.0,3.41,3.61,3.61,3.61,23.29,27.15,27.26,27.25,27.25,0.54,0.0,1.0,0.0,53.0,0.0,0.0,20.6,0.0,52.0,0.0,0.0,20.4,1.0,1.0,1.0
2022-10-18 00:14:55,17.1,1.0,1.0,20.5,1.0,0.0,0.0,20.4,53.0,21.7,0.0,0.0,0.0,65.0,12.0,0.0,0.0,44.0,23.0,0.0,0.0,42.0,22.8,0.0,0.0,46.0,21.6,0.0,0.0,46.0,21.9,0.0,0.0,0.0,49.0,21.6,0.0,27.0,0.0,52.0,19.8,0.0,0.0,0.0,2.35,2.49,2.49,2.49,16.09,18.72,18.79,18.79,18.8,0.55,22.2,1.0,0.0,20.9,20.2,0.0,1.0,47.0,23.0,0.0,48.0,22.9,0.0,0.0,0.0,3.41,3.61,3.61,3.61,23.29,27.15,27.26,27.25,27.25,0.54,0.0,1.0,0.0,53.0,0.0,0.0,20.6,0.0,52.0,0.0,0.0,20.4,1.0,1.0,1.0
2022-10-18 00:14:56,17.1,1.0,1.0,20.5,1.0,0.0,0.0,20.4,53.0,21.7,0.0,0.0,0.0,65.0,12.0,0.0,0.0,44.0,23.0,0.0,0.0,42.0,22.8,0.0,0.0,46.0,21.6,0.0,0.0,46.0,21.9,0.0,0.0,0.0,49.0,21.6,0.0,27.0,0.0,52.0,19.8,0.0,0.0,0.0,2.35,2.49,2.49,2.49,16.09,18.72,18.79,18.79,18.8,0.55,22.2,1.0,0.0,20.9,20.2,0.0,1.0,47.0,23.0,0.0,48.0,22.9,0.0,0.0,0.0,3.41,3.61,3.61,3.61,23.29,27.15,27.26,27.25,27.25,0.54,0.0,1.0,0.0,53.0,0.0,0.0,20.6,0.0,52.0,0.0,0.0,20.4,1.0,1.0,1.0
2022-10-18 00:14:57,17.1,1.0,1.0,20.5,1.0,0.0,0.0,20.4,53.0,21.7,0.0,0.0,0.0,65.0,12.0,0.0,0.0,44.0,23.0,0.0,0.0,42.0,22.8,0.0,0.0,46.0,21.6,0.0,0.0,46.0,21.9,0.0,0.0,0.0,49.0,21.6,0.0,27.0,0.0,52.0,19.8,0.0,0.0,0.0,2.35,2.49,2.49,2.49,16.09,18.72,18.79,18.79,18.8,0.55,22.2,1.0,0.0,20.9,20.2,0.0,1.0,47.0,23.0,0.0,48.0,22.9,0.0,0.0,0.0,3.41,3.61,3.61,3.61,23.29,27.15,27.26,27.25,27.25,0.54,0.0,1.0,0.0,53.0,0.0,0.0,20.6,0.0,52.0,0.0,0.0,20.4,1.0,1.0,1.0
2022-10-18 00:14:58,17.1,1.0,1.0,20.5,1.0,0.0,0.0,20.4,53.0,21.7,0.0,0.0,0.0,65.0,12.0,0.0,0.0,44.0,23.0,0.0,0.0,42.0,22.8,0.0,0.0,46.0,21.6,0.0,0.0,46.0,21.9,0.0,0.0,0.0,49.0,21.6,0.0,27.0,0.0,52.0,19.8,0.0,0.0,0.0,2.35,2.49,2.49,2.49,16.09,18.72,18.79,18.79,18.8,0.55,22.2,1.0,0.0,20.9,20.2,0.0,1.0,47.0,23.0,0.0,48.0,22.9,0.0,0.0,0.0,3.41,3.61,3.61,3.61,23.29,27.15,27.26,27.25,27.25,0.54,0.0,1.0,0.0,53.0,0.0,0.0,20.6,0.0,52.0,0.0,0.0,20.4,1.0,1.0,1.0
2022-10-18 00:14:59,17.1,1.0,1.0,20.5,1.0,0.0,0.0,20.4,53.0,21.7,0.0,0.0,0.0,65.0,12.0,0.0,0.0,44.0,23.0,0.0,0.0,42.0,22.8,0.0,0.0,46.0,21.6,0.0,0.0,46.0,21.9,0.0,0.0,0.0,49.0,21.6,0.0,27.0,0.0,52.0,19.8,0.0,0.0,0.0,2.35,2.49,2.49,2.49,16.09,18.72,18.79,18.79,18.8,0.55,22.2,1.0,0.0,20.9,20.2,0.0,1.0,47.0,23.0,0.0,48.0,22.9,0.0,0.0,0.0,3.41,3.61,3.61,3.61,23.29,27.15,27.26,27.25,27.25,0.54,0.0,1.0,0.0,53.0,0.0,0.0,20.6,0.0,52.0,0.0,0.0,20.4,1.0,1.0,1.0
2022-10-18 00:15:00,17.1,1.0,1.0,20.5,1.0,0.0,0.0,20.4,53.0,21.7,0.0,0.0,0.0,65.0,12.0,0.0,0.0,44.0,23.0,0.0,0.0,42.0,22.8,0.0,0.0,46.0,21.6,0.0,0.0,46.0,21.9,0.0,0.0,0.0,49.0,21.6,0.0,27.0,0.0,52.0,19.8,0.0,0.0,0.0,2.35,2.49,2.49,2.49,16.09,18.72,18.79,18.79,18.8,0.55,22.2,1.0,0.0,20.9,20.2,0.0,1.0,47.0,23.0,0.0,48.0,22.9,0.0,0.0,0.0,3.41,3.61,3.61,3.61,23.29,27.15,27.26,27.25,27.25,0.54,0.0,1.0,0.0,53.0,0.0,0.0,20.6,0.0,52.0,0.0,0.0,20.4,1.0,1.0,1.0
2022-10-18 00:15:01,17.1,1.0,1.0,20.5,1.0,0.0,0.0,20.4,53.0,21.7,0.0,0.0,0.0,65.0,12.0,0.0,0.0,44.0,23.0,0.0,0.0,42.0,22.8,0.0,0.0,46.0,21.6,0.0,0.0,46.0,21.9,0.0,0.0,0.0,49.0,21.6,0.0,27.0,0.0,52.0,19.8,0.0,0.0,0.0,2.35,2.49,2.49,2.49,16.09,18.72,18.79,18.79,18.8,0.55,22.2,1.0,0.0,20.9,20.2,0.0,1.0,47.0,23.0,0.0,48.0,22.9,0.0,0.0,0.0,3.41,3.61,3.61,3.61,23.29,27.15,27.26,27.25,27.25,0.54,0.0,1.0,0.0,53.0,0.0,0.0,20.6,0.0,52.0,0.0,0.0,20.4,1.0,1.0,1.0
2022-10-18 00:15:02,17.1,1.0,1.0,20.5,1.0,0.0,0.0,20.4,53.0,21.7,0.0,0.0,0.0,65.0,12.0,0.0,0.0,44.0,23.0,0.0,0.0,42.0,22.8,0.0,0.0,46.0,21.6,0.0,0.0,46.0,21.9,0.0,0.0,0.0,49.0,21.6,0.0,27.0,0.0,52.0,19.8,0.0,0.0,0.0,2.35,2.49,2.49,2.49,16.09,18.72,18.79,18.79,18.8,0.55,22.2,1.0,0.0,20.9,20.2,0.0,1.0,47.0,23.0,0.0,48.0,22.9,0.0,0.0,0.0,3.41,3.61,3.61,3.61,23.29,27.15,27.26,27.25,27.25,0.54,0.0,1.0,0.0,53.0,0.0,0.0,20.6,0.0,52.0,0.0,0.0,20.4,1.0,1.0,1.0
2022-10-18 00:15:03,17.1,1.0,1.0,20.5,1.0,0.0,0.0,20.4,53.0,21.7,0.0,0.0,0.0,65.0,12.0,0.0,0.0,44.0,23.0,0.0,0.0,42.0,22.8,0.0,0.0,46.0,21.6,0.0,0.0,46.0,21.9,0.0,0.0,0.0,49.0,21.6,0.0,27.0,0.0,52.0,19.8,0.0,0.0,0.0,2.35,2.49,2.49,2.49,16.09,18.72,18.79,18.79,18.8,0.55,22.2,1.0,0.0,20.9,20.2,0.0,1.0,47.0,23.0,0.0,48.0,22.9,0.0,0.0,0.0,3.41,3.61,3.61,3.61,23.29,27.15,27.26,27.25,27.25,0.54,0.0,1.0,0.0,53.0,0.0,0.0,20.6,0.0,52.0,0.0,0.0,20.4,1.0,1.0,1.0
2022-10-18 00:15:04,17.1,1.0,1.0,20.5,1.0,0.0,0.0,20.4,53.0,21.7,0.0,0.0,0.0,65.0,12.0,0.0,0.0,44.0,23.0,0.0,0.0,42.0,22.8,0.0,0.0,46.0,21.6,0.0,0.0,46.0,21.9,0.0,0.0,0.0,49.0,21.6,0.0,27.0,0.0,52.0,19.8,0.0,0.0,0.0,2.35,2.49,2.49,2.49,16.09,18.72,18.79,18.79,18.8,0.55,22.2,1.0,0.0,20.9,20.2,0.0,1.0,47.0,23.0,0.0,48.0,22.9,0.0,0.0,0.0,3.41,3.61,3.61,3.61,23.29,27.15,27.26,27.25,27.25,0.54,0.0,1.0,0.0,53.0,0.0,0.0,20.6,0.0,52.0,0.0,0.0,20.4,1.0,1.0,1.0
2022-10-18 00:15:05,17.1,1.0,1.0,20.5,1.0,0.0,0.0,20.4,53.0,21.7,0.0,0.0,0.0,65.0,12.0,0.0,0.0,44.0,23.0,0.0,0.0,42.0,22.8,0.0,0.0,46.0,21.6,0.0,0.0,46.0,21.9,0.0,0.0,0.0,49.0,21.6,0.0,27.0,0.0,52.0,19.8,0.0,0.0,0.0,2.35,2.49,2.49,2.49,16.09,18.72,18.79,18.79,18.8,0.55,22.2,1.0,0.0,20.9,20.2,0.0,1.0,47.0,23.0,0.0,48.0,22.9,0.0,0.0,0.0,3.41,3.61,3.61,3.61,23.29,27.15,27.26,27.25,27.25,0.54,0.0,1.0,0.0,53.0,0.0,0.0,20.6,0.0,52.0,0.0,0.0,20.4,1.0,1.0,1.0
2022-10-18 00:15:06,17.1,1.0,1.0,20.5,1.0,0.0,0.0,20.4,53.0,21.7,0.0,0.0,0.0,65.0,12.0,0.0,0.0,44.0,23.0,0.0,0.0,42.0,22.8,0.0,0.0,46.0,21.6,0.0,0.0,46.0,21.9,0.0,0.0,0.0,49.0,21.6,0.0,27.0,0.0,52.0,19.8,0.0,0.0,0.0,2.35,2.49,2.49,2.49,16.09,18.72,18.79,18.79,18.8,0.55,22.2,1.0,0.0,20.9,20.2,0.0,1.0,47.0,23.0,0.0,48.0,22.9,0.0,0.0,0.0,3.41,3.61,3.61,3.61,23.29,27.15,27.26,27.25,27.25,0.54,0.0,1.0,0.0,53.0,0.0,0.0,20.6,0.0,52.0,0.0,0.0,20.4,1.0,1.0,1.0
2022-10-18 00:15:07,17.1,1.0,1.0,20.5,1.0,0.0,0.0,20.4,53.0,21.7,0.0,0.0,0.0,65.0,12.0,0.0,0.0,44.0,23.0,0.0,0.0,42.0,22.8,0.0,0.0,46.0,21.6,0.0,0.0,46.0,21.9,0.0,0.0,0.0,49.0,21.6,0.0,27.0,0.0,52.0,19.8,0.0,0.0,0.0,2.35,2.49,2.49,2.49,16.09,18.72,18.79,18.79,18.8,0.55,22.2,1.0,0.0,20.9,20.2,0.0,1.0,47.0,23.0,0.0,48.0,22.9,0.0,0.0,0.0,3.41,3.61,3.61,3.61,23.29,27.15,27.26,27.25,27.25,0.54,0.0,1.0,0.0,53.0,0.0,0.0,20.6,0.0,52.0,0.0,0.0,20.4,1.0,1.0,1.0
2022-10-18 00:15:08,17.1,1.0,1.0,20.5,1.0,0.0,0.0,20.4,53.0,21.7,0.0,0.0,0.0,65.0,12.0,0.0,0.0,44.0,23.0,0.0,0.0,42.0,22.8,0.0,0.0,46.0,21.6,0.0,0.0,46.0,21.9,0.0,0.0,0.0,49.0,21.6,0.0,27.0,0.0,52.0,19.8,0.0,0.0,0.0,2.35,2.49,2.49,2.49,16.09,18.72,18.79,18.79,18.8,0.55,22.2,1.0,0.0,20.9,20.2,0.0,1.0,47.0,23.0,0.0,48.0,22.9,0.0,0.0,0.0,3.41,3.61,3.61,3.61,23.29,27.15,27.26,27.25,27.25,0.54,0.0,1.0,0.0,53.0,0.0,0.0,20.6,0.0,52.0,0.0,0.0,20.4,1.0,1.0,1.0
2022-10-18 00:15:09,17.1,1.0,1.0,20.5,1.0,0.0,0.0,20.4,53.0,21.7,0.0,0.0,0.0,65.0,12.0,0.0,0.0,44.0,23.0,0.0,0.0,42.0,22.8,0.0,0.0,46.0,21.6,0.0,0.0,46.0,21.9,0.0,0.0,0.0,49.0,21.6,0.0,27.0,0.0,52.0,19.8,0.0,0.0,0.0,2.35,2.49,2.49,2.49,16.09,18.72,18.79,18.79,18.8,0.55,22.2,1.0,0.0,20.9,20.2,0.0,1.0,47.0,23.0,0.0,48.0,22.9,0.0,0.0,0.0,3.41,3.61,3.61,3.61,23.29,27.15,27.26,27.25,27.25,0.54,0.0,1.0,0.0,53.0,0.0,0.0,20.6,0.0,52.0,0.0,0.0,20.4,1.0,1.0,1.0
2022-10-18 00:15:10,17.1,1.0,1.0,20.5,1.0,0.0,0.0,20.4,53.0,21.7,0.0,0.0,0.0,65.0,12.0,0.0,0.0,44.0,23.0,0.0,0.0,42.0,22.8,0.0,0.0,46.0,21.6,0.0,0.0,46.0,21.9,0.0,0.0,0.0,49.0,21.6,0.0,27.0,0.0,52.0,19.8,0.0,0.0,0.0,2.35,2.49,2.49,2.49,16.09,18.72,18.79,18.79,18.8,0.55,22.2,1.0,0.0,20.9,20.2,0.0,1.0,47.0,23.0,0.0,48.0,22.9,0.0,0.0,0.0,3.41,3.61,3.61,3.61,23.29,27.15,27.26,27.25,27.25,0.54,0.0,1.0,0.0,53.0,0.0,0.0,20.6,0.0,52.0,0.0,0.0,20.4,1.0,1.0,1.0
2022-10-18 00:15:11,17.1,1.0,1.0,20.5,1.0,0.0,0.0,20.4,53.0,21.7,0.0,0.0,0.0,65.0,12.0,0.0,0.0,44.0,23.0,0.0,0.0,42.0,22.8,0.0,0.0,46.0,21.6,0.0,0.0,46.0,21.9,0.0,0.0,0.0,49.0,21.6,0.0,27.0,0.0,52.0,19.8,0.0,0.0,0.0,2.35,2.49,2.49,2.49,16.09,18.72,18.79,18.79,18.8,0.55,22.2,1.0,0.0,20.9,20.2,0.0,1.0,47.0,23.0,0.0,48.0,22.9,0.0,0.0,0.0,3.41,3.61,3.61,3.61,23.29,27.15,27.26,27.25,27.25,0.54,0.0,1.0,0.0,53.0,0.0,0.0,20.6,0.0,52.0,0.0,0.0,20.4,1.0,1.0,1.0
2022-10-18 00:15:12,17.1,1.0,1.0,20.5,1.0,0.0,0.0,20.4,53.0,21.7,0.0,0.0,0.0,65.0,12.0,0.0,0.0,44.0,23.0,0.0,0.0,42.0,22.8,0.0,0.0,46.0,21.6,0.0,0.0,46.0,21.9,0.0,0.0,0.0,49.0,21.6,0.0,27.0,0.0,52.0,19.8,0.0,0.0,0.0,2.35,2.49,2.49,2.49,16.09,18.72,18.79,18.79,18.8,0.55,22.2,1.0,0.0,20.9,20.2,0.0,1.0,47.0,23.0,0.0,48.0,22.9,0.0,0.0,0.0,3.41,3.61,3.61,3.61,23.29,27.15,27.26,27.25,27.25,0.54,0.0,1.0,0.0,53.0,0.0,0.0,20.6,0.0,52.0,0.0,0.0,20.4,1.0,1.0,1.0
2022-10-18 00:15:13,17.1,1.0,1.0,20.5,1.0,0.0,0.0,20.4,53.0,21.7,0.0,0.0,0.0,65.0,12.0,0.0,0.0,44.0,23.0,0.0,0.0,42.0,22.8,0.0,0.0,46.0,21.6,0.0,0.0,46.0,21.9,0.0,0.0,0.0,49.0,21.6,0.0,27.0,0.0,52.0,19.8,0.0,0.0,0.0,2.35,2.49,2.49,2.49,16.09,18.72,18.79,18.79,18.8,0.55,22.2,1.0,0.0,20.9,20.2,0.0,1.0,47.0,23.0,0.0,48.0,22.9,0.0,0.0,0.0,3.41,3.61,3.61,3.61,23.29,27.15,27.26,27.25,27.25,0.54,0.0,1.0,0.0,53.0,0.0,0.0,20.6,0.0,52.0,0.0,0.0,20.4,1.0,1.0,1.0
2022-10-18 00:15:14,17.1,1.0,1.0,20.5,1.0,0.0,0.0,20.4,53.0,21.7,0.0,0.0,0.0,65.0,12.0,0.0,0.0,44.0,23.0,0.0,0.0,42.0,22.8,0.0,0.0,46.0,21.6,0.0,0.0,46.0,21.9,0.0,0.0,0.0,49.0,21.6,0.0,27.0,0.0,52.0,19.8,0.0,0.0,0.0,2.35,2.49,2.49,2.49,16.09,18.72,18.79,18.79,18.8,0.55,22.2,1.0,0.0,20.9,20.2,0.0,1.0,47.0,23.0,0.0,48.0,22.9,0.0,0.0,0.0,3.41,3.61,3.61,3.61,23.29,27.15,27.26,27.25,27.25,0.54,0.0,1.0,0.0,53.0,0.0,0.0,20.6,0.0,52.0,0.0,0.0,20.4,1.0,1.0,1.0
2022-10-18 00:15:15,17.1,1.0,1.0,20.5,1.0,0.0,0.0,20.4,53.0,21.7,0.0,0.0,0.0,65.0,12.0,0.0,0.0,44.0,23.0,0.0,0.0,42.0,22.8,0.0,0.0,46.0,21.6,0.0,0.0,46.0,21.9,0.0,0.0,0.0,49.0,21.6,0.0,27.0,0.0,52.0,19.8,0.0,0.0,0.0,2.35,2.49,2.49,2.49,16.09,18.72,18.79,18.79,18.8,0.55,22.2,1.0,0.0,20.9,20.2,0.0,1.0,47.0,23.0,0.0,48.0,22.9,0.0,0.0,0.0,3.41,3.61,3.61,3.61,23.29,27.15,27.26,27.25,27.25,0.54,0.0,1.0,0.0,53.0,0.0,0.0,20.6,0.0,52.0,0.0,0.0,20.4,1.0,1.0,1.0
2022-10-18 00:15:16,17.1,1.0,1.0,20.5,1.0,0.0,0.0,20.4,53.0,21.7,0.0,0.0,0.0,65.0,12.0,0.0,0.0,44.0,23.0,0.0,0.0,42.0,22.8,0.0,0.0,46.0,21.6,0.0,0.0,46.0,21.9,0.0,0.0,0.0,49.0,21.6,0.0,27.0,0.0,52.0,19.8,0.0,0.0,0.0,2.35,2.49,2.49,2.49,16.09,18.72,18.79,18.79,18.8,0.55,22.2,1.0,0.0,20.9,20.2,0.0,1.0,47.0,23.0,0.0,48.0,22.9,0.0,0.0,0.0,3.41,3.61,3.61,3.61,23.29,27.15,27.26,27.25,27.25,0.54,0.0,1.0,0.0,53.0,0.0,0.0,20.6,0.0,52.0,0.0,0.0,20.4,1.0,1.0,1.0
2022-10-18 00:15:17,17.1,1.0,1.0,20.5,1.0,0.0,0.0,20.4,53.0,21.7,0.0,0.0,0.0,65.0,12.0,0.0,0.0,44.0,23.0,0.0,0.0,42.0,22.8,0.0,0.0,46.0,21.6,0.0,0.0,46.0,21.9,0.0,0.0,0.0,49.0,21.6,0.0,27.0,0.0,52.0,19.8,0.0,0.0,0.0,2.35,2.49,2.49,2.49,16.09,18.72,18.79,18.79,18.8,0.55,22.2,1.0,0.0,20.9,20.2,0.0,1.0,47.0,23.0,0.0,48.0,22.9,0.0,0.0,0.0,3.41,3.61,3.61,3.61,23.29,27.15,27.26,27.25,27.25,0.54,0.0,1.0,0.0,53.0,0.0,0.0,20.6,0.0,52.0,0.0,0.0,20.4,1.0,1.0,1.0
2022-10-18 00:15:18,17.1,1.0,1.0,20.5,1.0,0.0,0.0,20.4,53.0,21.7,0.0,0.0,0.0,65.0,12.0,0.0,0.0,44.0,23.0,0.0,0.0,42.0,22.8,0.0,0.0,46.0,21.6,0.0,0.0,46.0,21.9,0.0,0.0,0.0,49.0,21.6,0.0,27.0,0.0,52.0,19.8,0.0,0.0,0.0,2.35,2.49,2.49,2.49,16.09,18.72,18.79,18.79,18.8,0.55,22.2,1.0,0.0,20.9,20.2,0.0,1.0,47.0,23.0,0.0,48.0,22.9,0.0,0.0,0.0,3.41,3.61,3.61,3.61,23.29,27.15,27.26,27.25,27.25,0.54,0.0,1.0,0.0,53.0,0.0,0.0,20.6,0.0,52.0,0.0,0.0,20.4,1.0,1.0,1.0
2022-10-18 00:15:19,17.1,1.0,1.0,20.5,1.0,0.0,0.0,20.4,53.0,21.7,0.0,0.0,0.0,65.0,12.0,0.0,0.0,44.0,23.0,0.0,0.0,42.0,22.8,0.0,0.0,46.0,21.6,0.0,0.0,46.0,21.9,0.0,0.0,0.0,49.0,21.6,0.0,27.0,0.0,52.0,19.8,0.0,0.0,0.0,2.35,2.49,2.49,2.49,16.09,18.72,18.79,18.79,18.8,0.55,22.2,1.0,0.0,20.9,20.2,0.0,1.0,47.0,23.0,0.0,48.0,22.9,0.0,0.0,0.0,3.41,3.61,3.61,3.61,23.29,27.15,27.26,27.25,27.25,0.54,0.0,1.0,0.0,53.0,0.0,0.0,20.6,0.0,52.0,0.0,0.0,20.4,1.0,1.0,1.0
2022-10-18 00:15:20,17.1,1.0,1.0,20.5,1.0,0.0,0.0,20.4,53.0,21.7,0.0,0.0,0.0,65.0,12.0,0.0,0.0,44.0,23.0,0.0,0.0,42.0,22.8,0.0,0.0,46.0,21.6,0.0,0.0,46.0,21.9,0.0,0.0,0.0,49.0,21.6,0.0,27.0,0.0,52.0,19.8,0.0,0.0,0.0,2.35,2.49,2.49,2.49,16.09,18.72,18.79,18.79,18.8,0.55,22.2,1.0,0.0,20.9,20.2,0.0,1.0,47.0,23.0,0.0,48.0,22.9,0.0,0.0,0.0,3.41,3.61,3.61,3.61,23.29,27.15,27.26,27.25,27.25,0.54,0.0,1.0,0.0,53.0,0.0,0.0,20.6,0.0,52.0,0.0,0.0,20.4,1.0,1.0,1.0
2022-10-18 00:15:21,17.1,1.0,1.0,20.5,1.0,0.0,0.0,20.4,53.0,21.7,0.0,0.0,0.0,65.0,12.0,0.0,0.0,44.0,23.0,0.0,0.0,42.0,22.8,0.0,0.0,46.0,21.6,0.0,0.0,46.0,21.9,0.0,0.0,0.0,49.0,21.6,0.0,27.0,0.0,52.0,19.8,0.0,0.0,0.0,2.35,2.49,2.49,2.49,16.09,18.72,18.79,18.79,18.8,0.55,22.2,1.0,0.0,20.9,20.2,0.0,1.0,47.0,23.0,0.0,48.0,22.9,0.0,0.0,0.0,3.41,3.61,3.61,3.61,23.29,27.15,27.26,27.25,27.25,0.54,0.0,1.0,0.0,53.0,0.0,0.0,20.6,0.0,52.0,0.0,0.0,20.4,1.0,1.0,1.0
2022-10-18 00:15:22,17.1,1.0,1.0,20.5,1.0,0.0,0.0,20.4,53.0,21.7,0.0,0.0,0.0,65.0,12.0,0.0,0.0,44.0,23.0,0.0,0.0,42.0,22.8,0.0,0.0,46.0,21.6,0.0,0.0,46.0,21.9,0.0,0.0,0.0,49.0,21.6,0.0,27.0,0.0,52.0,19.8,0.0,0.0,0.0,2.35,2.49,2.49,2.49,16.09,18.72,18.79,18.79,18.8,0.55,22.2,1.0,0.0,20.9,20.2,0.0,1.0,47.0,23.0,0.0,48.0,22.9,0.0,0.0,0.0,3.41,3.61,3.61,3.61,23.29,27.15,27.26,27.25,27.25,0.54,0.0,1.0,0.0,53.0,0.0,0.0,20.6,0.0,52.0,0.0,0.0,20.4,1.0,1.0,1.0
2022-10-18 00:15:23,17.1,1.0,1.0,20.5,1.0,0.0,0.0,20.4,53.0,21.7,0.0,0.0,0.0,65.0,12.0,0.0,0.0,44.0,23.0,0.0,0.0,42.0,22.8,0.0,0.0,46.0,21.6,0.0,0.0,46.0,21.9,0.0,0.0,0.0,49.0,21.6,0.0,27.0,0.0,52.0,19.8,0.0,0.0,0.0,2.35,2.49,2.49,2.49,16.09,18.72,18.79,18.79,18.8,0.55,22.2,1.0,0.0,20.9,20.2,0.0,1.0,47.0,23.0,0.0,48.0,22.9,0.0,0.0,0.0,3.41,3.61,3.61,3.61,23.29,27.15,27.26,27.25,27.25,0.54,0.0,1.0,0.0,53.0,0.0,0.0,20.6,0.0,52.0,0.0,0.0,20.4,1.0,1.0,1.0
2022-10-18 00:15:24,17.1,1.0,1.0,20.5,1.0,0.0,0.0,20.4,53.0,21.7,0.0,0.0,0.0,65.0,12.0,0.0,0.0,44.0,23.0,0.0,0.0,42.0,22.8,0.0,0.0,46.0,21.6,0.0,0.0,46.0,21.9,0.0,0.0,0.0,49.0,21.6,0.0,27.0,0.0,52.0,19.8,0.0,0.0,0.0,2.35,2.49,2.49,2.49,16.09,18.72,18.79,18.79,18.8,0.55,22.2,1.0,0.0,20.9,20.2,0.0,1.0,47.0,23.0,0.0,48.0,22.9,0.0,0.0,0.0,3.41,3.61,3.61,3.61,23.29,27.15,27.26,27.25,27.25,0.54,0.0,1.0,0.0,53.0,0.0,0.0,20.6,0.0,52.0,0.0,0.0,20.4,1.0,1.0,1.0
2022-10-18 00:15:25,17.1,1.0,1.0,20.5,1.0,0.0,0.0,20.4,53.0,21.7,0.0,0.0,0.0,65.0,12.0,0.0,0.0,44.0,23.0,0.0,0.0,42.0,22.8,0.0,0.0,46.0,21.6,0.0,0.0,46.0,21.9,0.0,0.0,0.0,49.0,21.6,0.0,27.0,0.0,52.0,19.8,0.0,0.0,0.0,2.35,2.49,2.49,2.49,16.09,18.72,18.79,18.79,18.8,0.55,22.2,1.0,0.0,20.9,20.2,0.0,1.0,47.0,23.0,0.0,48.0,22.9,0.0,0.0,0.0,3.41,3.61,3.61,3.61,23.29,27.15,27.26,27.25,27.25,0.54,0.0,1.0,0.0,53.0,0.0,0.0,20.6,0.0,52.0,0.0,0.0,20.4,1.0,1.0,1.0
2022-10-18 00:15:26,17.1,1.0,1.0,20.5,1.0,0.0,0.0,20.4,53.0,21.7,0.0,0.0,0.0,65.0,12.0,0.0,0.0,44.0,23.0,0.0,0.0,42.0,22.8,0.0,0.0,46.0,21.6,0.0,0.0,46.0,21.9,0.0,0.0,0.0,49.0,21.6,0.0,27.0,0.0,52.0,19.8,0.0,0.0,0.0,2.35,2.49,2.49,2.49,16.09,18.72,18.79,18.79,18.8,0.55,22.2,1.0,0.0,20.9,20.2,0.0,1.0,47.0,23.0,0.0,48.0,22.9,0.0,0.0,0.0,3.41,3.61,3.61,3.61,23.29,27.15,27.26,27.25,27.25,0.54,0.0,1.0,0.0,53.0,0.0,0.0,20.6,0.0,52.0,0.0,0.0,20.4,1.0,1.0,1.0
2022-10-18 00:15:27,17.1,1.0,1.0,20.5,1.0,0.0,0.0,20.4,53.0,21.7,0.0,0.0,0.0,65.0,12.0,0.0,0.0,44.0,23.0,0.0,0.0,42.0,22.8,0.0,0.0,46.0,21.6,0.0,0.0,46.0,21.9,0.0,0.0,0.0,49.0,21.6,0.0,27.0,0.0,52.0,19.8,0.0,0.0,0.0,2.35,2.49,2.49,2.49,16.09,18.72,18.79,18.79,18.8,0.55,22.2,1.0,0.0,20.9,20.2,0.0,1.0,47.0,23.0,0.0,48.0,22.9,0.0,0.0,0.0,3.41,3.61,3.61,3.61,23.29,27.15,27.26,27.25,27.25,0.54,0.0,1.0,0.0,53.0,0.0,0.0,20.6,0.0,52.0,0.0,0.0,20.4,1.0,1.0,1.0
2022-10-18 00:15:28,17.1,1.0,1.0,20.5,1.0,0.0,0.0,20.4,53.0,21.7,0.0,0.0,0.0,65.0,12.0,0.0,0.0,44.0,23.0,0.0,0.0,42.0,22.8,0.0,0.0,46.0,21.6,0.0,0.0,46.0,21.9,0.0,0.0,0.0,49.0,21.6,0.0,27.0,0.0,52.0,19.8,0.0,0.0,0.0,2.35,2.49,2.49,2.49,16.09,18.72,18.79,18.79,18.8,0.55,22.2,1.0,0.0,20.9,20.2,0.0,1.0,47.0,23.0,0.0,48.0,22.9,0.0,0.0,0.0,3.41,3.61,3.61,3.61,23.29,27.15,27.26,27.25,27.25,0.54,0.0,1.0,0.0,53.0,0.0,0.0,20.6,0.0,52.0,0.0,0.0,20.4,1.0,1.0,1.0
2022-10-18 00:15:29,17.1,1.0,1.0,20.5,1.0,0.0,0.0,20.4,53.0,21.7,0.0,0.0,0.0,65.0,12.0,0.0,0.0,44.0,23.0,0.0,0.0,42.0,22.8,0.0,0.0,46.0,21.6,0.0,0.0,46.0,21.9,0.0,0.0,0.0,49.0,21.6,0.0,27.0,0.0,52.0,19.8,0.0,0.0,0.0,2.35,2.49,2.49,2.49,16.09,18.72,18.79,18.79,18.8,0.55,22.2,1.0,0.0,20.9,20.2,0.0,1.0,47.0,23.0,0.0,48.0,22.9,0.0,0.0,0.0,3.41,3.61,3.61,3.61,23.29,27.15,27.26,27.25,27.25,0.54,0.0,1.0,0.0,53.0,0.0,0.0,20.6,0.0,52.0,0.0,0.0,20.4,1.0,1.0,1.0
2022-10-18 00:15:30,17.1,1.0,1.0,20.5,1.0,0.0,0.0,20.4,53.0,21.7,0.0,0.0,0.0,65.0,12.0,0.0,0.0,44.0,23.0,0.0,0.0,42.0,22.8,0.0,0.0,46.0,21.6,0.0,0.0,46.0,21.9,0.0,0.0,0.0,49.0,21.6,0.0,27.0,0.0,52.0,19.8,0.0,0.0,0.0,2.35,2.49,2.49,2.49,16.09,18.72,18.79,18.79,18.8,0.55,22.2,1.0,0.0,20.9,20.2,0.0,1.0,47.0,23.0,0.0,48.0,22.9,0.0,0.0,0.0,3.41,3.61,3.61,3.61,23.29,27.15,27.26,27.25,27.25,0.54,0.0,1.0,0.0,53.0,0.0,0.0,20.6,0.0,52.0,0.0,0.0,20.4,1.0,1.0,1.0
2022-10-18 00:15:31,17.1,1.0,1.0,20.5,1.0,0.0,0.0,20.4,53.0,21.7,0.0,0.0,0.0,65.0,12.0,0.0,0.0,44.0,23.0,0.0,0.0,42.0,22.8,0.0,0.0,46.0,21.6,0.0,0.0,46.0,21.9,0.0,0.0,0.0,49.0,21.6,0.0,27.0,0.0,52.0,19.8,0.0,0.0,0.0,2.35,2.49,2.49,2.49,16.09,18.72,18.79,18.79,18.8,0.55,22.2,1.0,0.0,20.9,20.2,0.0,1.0,47.0,23.0,0.0,48.0,22.9,0.0,0.0,0.0,3.41,3.61,3.61,3.61,23.29,27.15,27.26,27.25,27.25,0.54,0.0,1.0,0.0,53.0,0.0,0.0,20.6,0.0,52.0,0.0,0.0,20.4,1.0,1.0,1.0
2022-10-18 00:15:32,17.1,1.0,1.0,20.5,1.0,0.0,0.0,20.4,53.0,21.7,0.0,0.0,0.0,65.0,12.0,0.0,0.0,44.0,23.0,0.0,0.0,42.0,22.8,0.0,0.0,46.0,21.6,0.0,0.0,46.0,21.9,0.0,0.0,0.0,49.0,21.6,0.0,27.0,0.0,52.0,19.8,0.0,0.0,0.0,2.35,2.49,2.49,2.49,16.09,18.72,18.79,18.79,18.8,0.55,22.2,1.0,0.0,20.9,20.2,0.0,1.0,47.0,23.0,0.0,48.0,22.9,0.0,0.0,0.0,3.41,3.61,3.61,3.61,23.29,27.15,27.26,27.25,27.25,0.54,0.0,1.0,0.0,53.0,0.0,0.0,20.6,0.0,52.0,0.0,0.0,20.4,1.0,1.0,1.0
2022-10-18 00:15:33,17.1,1.0,1.0,20.5,1.0,0.0,0.0,20.4,53.0,21.7,0.0,0.0,0.0,65.0,12.0,0.0,0.0,44.0,23.0,0.0,0.0,42.0,22.8,0.0,0.0,46.0,21.6,0.0,0.0,46.0,21.9,0.0,0.0,0.0,49.0,21.6,0.0,27.0,0.0,52.0,19.8,0.0,0.0,0.0,2.35,2.49,2.49,2.49,16.09,18.72,18.79,18.79,18.8,0.55,22.2,1.0,0.0,20.9,20.2,0.0,1.0,47.0,23.0,0.0,48.0,22.9,0.0,0.0,0.0,3.41,3.61,3.61,3.61,23.29,27.15,27.26,27.25,27.25,0.54,0.0,1.0,0.0,53.0,0.0,0.0,20.6,0.0,52.0,0.0,0.0,20.4,1.0,1.0,1.0
2022-10-18 00:15:34,17.1,1.0,1.0,20.5,1.0,0.0,0.0,20.4,53.0,21.7,0.0,0.0,0.0,65.0,12.0,0.0,0.0,44.0,23.0,0.0,0.0,42.0,22.8,0.0,0.0,46.0,21.6,0.0,0.0,46.0,21.9,0.0,0.0,0.0,49.0,21.6,0.0,27.0,0.0,52.0,19.8,0.0,0.0,0.0,2.35,2.49,2.49,2.49,16.09,18.72,18.79,18.79,18.8,0.55,22.2,1.0,0.0,20.9,20.2,0.0,1.0,47.0,23.0,0.0,48.0,22.9,0.0,0.0,0.0,3.41,3.61,3.61,3.61,23.29,27.15,27.26,27.25,27.25,0.54,0.0,1.0,0.0,53.0,0.0,0.0,20.6,0.0,52.0,0.0,0.0,20.4,1.0,1.0,1.0
2022-10-18 00:15:35,17.1,1.0,1.0,20.5,1.0,0.0,0.0,20.4,53.0,21.7,0.0,0.0,0.0,65.0,12.0,0.0,0.0,44.0,23.0,0.0,0.0,42.0,22.8,0.0,0.0,46.0,21.6,0.0,0.0,46.0,21.9,0.0,0.0,0.0,49.0,21.6,0.0,27.0,0.0,52.0,19.8,0.0,0.0,0.0,2.35,2.49,2.49,2.49,16.09,18.72,18.79,18.79,18.8,0.55,22.2,1.0,0.0,20.9,20.2,0.0,1.0,47.0,23.0,0.0,48.0,22.9,0.0,0.0,0.0,3.41,3.61,3.61,3.61,23.29,27.15,27.26,27.25,27.25,0.54,0.0,1.0,0.0,53.0,0.0,0.0,20.6,0.0,52.0,0.0,0.0,20.4,1.0,1.0,1.0
2022-10-18 00:15:36,17.1,1.0,1.0,20.5,1.0,0.0,0.0,20.4,53.0,21.7,0.0,0.0,0.0,65.0,12.0,0.0,0.0,44.0,23.0,0.0,0.0,42.0,22.8,0.0,0.0,46.0,21.6,0.0,0.0,46.0,21.9,0.0,0.0,0.0,49.0,21.6,0.0,27.0,0.0,52.0,19.8,0.0,0.0,0.0,2.35,2.49,2.49,2.49,16.09,18.72,18.79,18.79,18.8,0.55,22.2,1.0,0.0,20.9,20.2,0.0,1.0,47.0,23.0,0.0,48.0,22.9,0.0,0.0,0.0,3.41,3.61,3.61,3.61,23.29,27.15,27.26,27.25,27.25,0.54,0.0,1.0,0.0,53.0,0.0,0.0,20.6,0.0,52.0,0.0,0.0,20.4,1.0,1.0,1.0
2022-10-18 00:15:37,17.1,1.0,1.0,20.5,1.0,0.0,0.0,20.4,53.0,21.7,0.0,0.0,0.0,65.0,12.0,0.0,0.0,44.0,23.0,0.0,0.0,42.0,22.8,0.0,0.0,46.0,21.6,0.0,0.0,46.0,21.9,0.0,0.0,0.0,49.0,21.6,0.0,27.0,0.0,52.0,19.8,0.0,0.0,0.0,2.35,2.49,2.49,2.49,16.09,18.72,18.79,18.79,18.8,0.55,22.2,1.0,0.0,20.9,20.2,0.0,1.0,47.0,23.0,0.0,48.0,22.9,0.0,0.0,0.0,3.41,3.61,3.61,3.61,23.29,27.15,27.26,27.25,27.25,0.54,0.0,1.0,0.0,53.0,0.0,0.0,20.6,0.0,52.0,0.0,0.0,20.4,1.0,1.0,1.0
2022-10-18 00:15:38,17.1,1.0,1.0,20.5,1.0,0.0,0.0,20.4,53.0,21.7,0.0,0.0,0.0,65.0,12.0,0.0,0.0,44.0,23.0,0.0,0.0,42.0,22.8,0.0,0.0,46.0,21.6,0.0,0.0,46.0,21.9,0.0,0.0,0.0,49.0,21.6,0.0,27.0,0.0,52.0,19.8,0.0,0.0,0.0,2.35,2.49,2.49,2.49,16.09,18.72,18.79,18.79,18.8,0.55,22.2,1.0,0.0,20.9,20.2,0.0,1.0,47.0,23.0,0.0,48.0,22.9,0.0,0.0,0.0,3.41,3.61,3.61,3.61,23.29,27.15,27.26,27.25,27.25,0.54,0.0,1.0,0.0,53.0,0.0,0.0,20.6,0.0,52.0,0.0,0.0,20.4,1.0,1.0,1.0
2022-10-18 00:15:39,17.1,1.0,1.0,20.5,1.0,0.0,0.0,20.4,53.0,21.7,0.0,0.0,0.0,65.0,12.0,0.0,0.0,44.0,23.0,0.0,0.0,42.0,22.8,0.0,0.0,46.0,21.6,0.0,0.0,46.0,21.9,0.0,0.0,0.0,49.0,21.6,0.0,27.0,0.0,52.0,19.8,0.0,0.0,0.0,2.35,2.49,2.49,2.49,16.09,18.72,18.79,18.79,18.8,0.55,22.2,1.0,0.0,20.9,20.2,0.0,1.0,47.0,23.0,0.0,48.0,22.9,0.0,0.0,0.0,3.41,3.61,3.61,3.61,23.29,27.15,27.26,27.25,27.25,0.54,0.0,1.0,0.0,53.0,0.0,0.0,20.6,0.0,52.0,0.0,0.0,20.4,1.0,1.0,1.0
2022-10-18 00:15:40,17.1,1.0,1.0,20.5,1.0,0.0,0.0,20.4,53.0,21.7,0.0,0.0,0.0,65.0,12.0,0.0,0.0,44.0,23.0,0.0,0.0,42.0,22.8,0.0,0.0,46.0,21.6,0.0,0.0,46.0,21.9,0.0,0.0,0.0,49.0,21.6,0.0,27.0,0.0,52.0,19.8,0.0,0.0,0.0,2.35,2.49,2.49,2.49,16.09,18.72,18.79,18.79,18.8,0.55,22.2,1.0,0.0,20.9,20.2,0.0,1.0,47.0,23.0,0.0,48.0,22.9,0.0,0.0,0.0,3.41,3.61,3.61,3.61,23.29,27.15,27.26,27.25,27.25,0.54,0.0,1.0,0.0,53.0,0.0,0.0,20.6,0.0,52.0,0.0,0.0,20.4,1.0,1.0,1.0
2022-10-18 00:15:41,17.1,1.0,1.0,20.5,1.0,0.0,0.0,20.4,53.0,21.7,0.0,0.0,0.0,65.0,12.0,0.0,0.0,44.0,23.0,0.0,0.0,42.0,22.8,0.0,0.0,46.0,21.6,0.0,0.0,46.0,21.9,0.0,0.0,0.0,49.0,21.6,0.0,27.0,0.0,52.0,19.8,0.0,0.0,0.0,2.35,2.49,2.49,2.49,16.09,18.72,18.79,18.79,18.8,0.55,22.2,1.0,0.0,20.9,20.2,0.0,1.0,47.0,23.0,0.0,48.0,22.9,0.0,0.0,0.0,3.41,3.61,3.61,3.61,23.29,27.15,27.26,27.25,27.25,0.54,0.0,1.0,0.0,53.0,0.0,0.0,20.6,0.0,52.0,0.0,0.0,20.4,1.0,1.0,1.0
2022-10-18 00:15:42,17.1,1.0,1.0,20.5,1.0,0.0,0.0,20.4,53.0,21.7,0.0,0.0,0.0,65.0,12.0,0.0,0.0,44.0,23.0,0.0,0.0,42.0,22.8,0.0,0.0,46.0,21.6,0.0,0.0,46.0,21.9,0.0,0.0,0.0,49.0,21.6,0.0,27.0,0.0,52.0,19.8,0.0,0.0,0.0,2.35,2.49,2.49,2.49,16.09,18.72,18.79,18.79,18.8,0.55,22.2,1.0,0.0,20.9,20.2,0.0,1.0,47.0,23.0,0.0,48.0,22.9,0.0,0.0,0.0,3.41,3.61,3.61,3.61,23.29,27.15,27.26,27.25,27.25,0.54,0.0,1.0,0.0,53.0,0.0,0.0,20.6,0.0,52.0,0.0,0.0,20.4,1.0,1.0,1.0
2022-10-18 00:15:43,17.1,1.0,1.0,20.5,1.0,0.0,0.0,20.4,53.0,21.7,0.0,0.0,0.0,65.0,12.0,0.0,0.0,44.0,23.0,0.0,0.0,42.0,22.8,0.0,0.0,46.0,21.6,0.0,0.0,46.0,21.9,0.0,0.0,0.0,49.0,21.6,0.0,27.0,0.0,52.0,19.8,0.0,0.0,0.0,2.35,2.49,2.49,2.49,16.09,18.72,18.79,18.79,18.8,0.55,22.2,1.0,0.0,20.9,20.2,0.0,1.0,47.0,23.0,0.0,48.0,22.9,0.0,0.0,0.0,3.41,3.61,3.61,3.61,23.29,27.15,27.26,27.25,27.25,0.54,0.0,1.0,0.0,53.0,0.0,0.0,20.6,0.0,52.0,0.0,0.0,20.4,1.0,1.0,1.0
2022-10-18 00:15:44,17.1,1.0,1.0,20.5,1.0,0.0,0.0,20.4,53.0,21.7,0.0,0.0,0.0,65.0,12.0,0.0,0.0,44.0,23.0,0.0,0.0,42.0,22.8,0.0,0.0,46.0,21.6,0.0,0.0,46.0,21.9,0.0,0.0,0.0,49.0,21.6,0.0,27.0,0.0,52.0,19.8,0.0,0.0,0.0,2.35,2.49,2.49,2.49,16.09,18.72,18.79,18.79,18.8,0.55,22.2,1.0,0.0,20.9,20.2,0.0,1.0,47.0,23.0,0.0,48.0,22.9,0.0,0.0,0.0,3.41,3.61,3.61,3.61,23.29,27.15,27.26,27.25,27.25,0.54,0.0,1.0,0.0,53.0,0.0,0.0,20.6,0.0,52.0,0.0,0.0,20.4,1.0,1.0,1.0
2022-10-18 00:15:45,17.1,1.0,1.0,20.5,1.0,0.0,0.0,20.4,53.0,21.7,0.0,0.0,0.0,65.0,12.0,0.0,0.0,44.0,23.0,0.0,0.0,42.0,22.8,0.0,0.0,46.0,21.6,0.0,0.0,46.0,21.9,0.0,0.0,0.0,49.0,21.6,0.0,27.0,0.0,52.0,19.8,0.0,0.0,0.0,2.35,2.49,2.49,2.49,16.09,18.72,18.79,18.79,18.8,0.55,22.2,1.0,0.0,20.9,20.2,0.0,1.0,47.0,23.0,0.0,48.0,22.9,0.0,0.0,0.0,3.41,3.61,3.61,3.61,23.29,27.15,27.26,27.25,27.25,0.54,0.0,1.0,0.0,53.0,0.0,0.0,20.6,0.0,52.0,0.0,0.0,20.4,1.0,1.0,1.0
2022-10-18 00:15:46,17.1,1.0,1.0,20.5,1.0,0.0,0.0,20.4,53.0,21.7,0.0,0.0,0.0,65.0,12.0,0.0,0.0,44.0,23.0,0.0,0.0,42.0,22.8,0.0,0.0,46.0,21.6,0.0,0.0,46.0,21.9,0.0,0.0,0.0,49.0,21.6,0.0,27.0,0.0,52.0,19.8,0.0,0.0,0.0,2.35,2.49,2.49,2.49,16.09,18.72,18.79,18.79,18.8,0.55,22.2,1.0,0.0,20.9,20.2,0.0,1.0,47.0,23.0,0.0,48.0,22.9,0.0,0.0,0.0,3.41,3.61,3.61,3.61,23.29,27.15,27.26,27.25,27.25,0.54,0.0,1.0,0.0,53.0,0.0,0.0,20.6,0.0,52.0,0.0,0.0,20.4,1.0,1.0,1.0
2022-10-18 00:15:47,17.1,1.0,1.0,20.5,1.0,0.0,0.0,20.4,53.0,21.7,0.0,0.0,0.0,65.0,12.0,0.0,0.0,44.0,23.0,0.0,0.0,42.0,22.8,0.0,0.0,46.0,21.6,0.0,0.0,46.0,21.9,0.0,0.0,0.0,49.0,21.6,0.0,27.0,0.0,52.0,19.8,0.0,0.0,0.0,2.35,2.49,2.49,2.49,16.09,18.72,18.79,18.79,18.8,0.55,22.2,1.0,0.0,20.9,20.2,0.0,1.0,47.0,23.0,0.0,48.0,22.9,0.0,0.0,0.0,3.41,3.61,3.61,3.61,23.29,27.15,27.26,27.25,27.25,0.54,0.0,1.0,0.0,53.0,0.0,0.0,20.6,0.0,52.0,0.0,0.0,20.4,1.0,1.0,1.0
2022-10-18 00:15:48,17.1,1.0,1.0,20.5,1.0,0.0,0.0,20.4,53.0,21.7,0.0,0.0,0.0,65.0,12.0,0.0,0.0,44.0,23.0,0.0,0.0,42.0,22.8,0.0,0.0,46.0,21.6,0.0,0.0,46.0,21.9,0.0,0.0,0.0,49.0,21.6,0.0,27.0,0.0,52.0,19.8,0.0,0.0,0.0,2.35,2.49,2.49,2.49,16.09,18.72,18.79,18.79,18.8,0.55,22.2,1.0,0.0,20.9,20.2,0.0,1.0,47.0,23.0,0.0,48.0,22.9,0.0,0.0,0.0,3.41,3.61,3.61,3.61,23.29,27.15,27.26,27.25,27.25,0.54,0.0,1.0,0.0,53.0,0.0,0.0,20.6,0.0,52.0,0.0,0.0,20.4,1.0,1.0,1.0
2022-10-18 00:15:49,17.1,1.0,1.0,20.5,1.0,0.0,0.0,20.4,53.0,21.7,0.0,0.0,0.0,65.0,12.0,0.0,0.0,44.0,23.0,0.0,0.0,42.0,22.8,0.0,0.0,46.0,21.6,0.0,0.0,46.0,21.9,0.0,0.0,0.0,49.0,21.6,0.0,27.0,0.0,52.0,19.8,0.0,0.0,0.0,2.35,2.49,2.49,2.49,16.09,18.72,18.79,18.79,18.8,0.55,22.2,1.0,0.0,20.9,20.2,0.0,1.0,47.0,23.0,0.0,48.0,22.9,0.0,0.0,0.0,3.41,3.61,3.61,3.61,23.29,27.15,27.26,27.25,27.25,0.54,0.0,1.0,0.0,53.0,0.0,0.0,20.6,0.0,52.0,0.0,0.0,20.4,1.0,1.0,1.0
2022-10-18 00:15:50,17.1,1.0,1.0,20.5,1.0,0.0,0.0,20.4,53.0,21.7,0.0,0.0,0.0,65.0,12.0,0.0,0.0,44.0,23.0,0.0,0.0,42.0,22.8,0.0,0.0,46.0,21.6,0.0,0.0,46.0,21.9,0.0,0.0,0.0,49.0,21.6,0.0,27.0,0.0,52.0,19.8,0.0,0.0,0.0,2.35,2.49,2.49,2.49,16.09,18.72,18.79,18.79,18.8,0.55,22.2,1.0,0.0,20.9,20.2,0.0,1.0,47.0,23.0,0.0,48.0,22.9,0.0,0.0,0.0,3.41,3.61,3.61,3.61,23.29,27.15,27.26,27.25,27.25,0.54,0.0,1.0,0.0,53.0,0.0,0.0,20.6,0.0,52.0,0.0,0.0,20.4,1.0,1.0,1.0
2022-10-18 00:15:51,17.1,1.0,1.0,20.5,1.0,0.0,0.0,20.4,53.0,21.7,0.0,0.0,0.0,65.0,12.0,0.0,0.0,44.0,23.0,0.0,0.0,42.0,22.8,0.0,0.0,46.0,21.6,0.0,0.0,46.0,21.9,0.0,0.0,0.0,49.0,21.6,0.0,27.0,0.0,52.0,19.8,0.0,0.0,0.0,2.35,2.49,2.49,2.49,16.09,18.72,18.79,18.79,18.8,0.55,22.2,1.0,0.0,20.9,20.2,0.0,1.0,47.0,23.0,0.0,48.0,22.9,0.0,0.0,0.0,3.41,3.61,3.61,3.61,23.29,27.15,27.26,27.25,27.25,0.54,0.0,1.0,0.0,53.0,0.0,0.0,20.6,0.0,52.0,0.0,0.0,20.4,1.0,1.0,1.0
2022-10-18 00:15:52,17.1,1.0,1.0,20.5,1.0,0.0,0.0,20.4,53.0,21.7,0.0,0.0,0.0,65.0,12.0,0.0,0.0,44.0,23.0,0.0,0.0,42.0,22.8,0.0,0.0,46.0,21.6,0.0,0.0,46.0,21.9,0.0,0.0,0.0,49.0,21.6,0.0,27.0,0.0,52.0,19.8,0.0,0.0,0.0,2.35,2.49,2.49,2.49,16.09,18.72,18.79,18.79,18.8,0.55,22.2,1.0,0.0,20.9,20.2,0.0,1.0,47.0,23.0,0.0,48.0,22.9,0.0,0.0,0.0,3.41,3.61,3.61,3.61,23.29,27.15,27.26,27.25,27.25,0.54,0.0,1.0,0.0,53.0,0.0,0.0,20.6,0.0,52.0,0.0,0.0,20.4,1.0,1.0,1.0
2022-10-18 00:15:53,17.1,1.0,1.0,20.5,1.0,0.0,0.0,20.4,53.0,21.7,0.0,0.0,0.0,65.0,12.0,0.0,0.0,44.0,23.0,0.0,0.0,42.0,22.8,0.0,0.0,46.0,21.6,0.0,0.0,46.0,21.9,0.0,0.0,0.0,49.0,21.6,0.0,27.0,0.0,52.0,19.8,0.0,0.0,0.0,2.35,2.49,2.49,2.49,16.09,18.72,18.79,18.79,18.8,0.55,22.2,1.0,0.0,20.9,20.2,0.0,1.0,47.0,23.0,0.0,48.0,22.9,0.0,0.0,0.0,3.41,3.61,3.61,3.61,23.29,27.15,27.26,27.25,27.25,0.54,0.0,1.0,0.0,53.0,0.0,0.0,20.6,0.0,52.0,0.0,0.0,20.4,1.0,1.0,1.0
2022-10-18 00:15:54,17.1,1.0,1.0,20.5,1.0,0.0,0.0,20.4,53.0,21.7,0.0,0.0,0.0,65.0,12.0,0.0,0.0,44.0,23.0,0.0,0.0,42.0,22.8,0.0,0.0,46.0,21.6,0.0,0.0,46.0,21.9,0.0,0.0,0.0,49.0,21.6,0.0,27.0,0.0,52.0,19.8,0.0,0.0,0.0,2.35,2.49,2.49,2.49,16.09,18.72,18.79,18.79,18.8,0.55,22.2,1.0,0.0,20.9,20.2,0.0,1.0,47.0,23.0,0.0,48.0,22.9,0.0,0.0,0.0,3.41,3.61,3.61,3.61,23.29,27.15,27.26,27.25,27.25,0.54,0.0,1.0,0.0,53.0,0.0,0.0,20.6,0.0,52.0,0.0,0.0,20.4,1.0,1.0,1.0
2022-10-18 00:15:55,17.1,1.0,1.0,20.5,1.0,0.0,0.0,20.4,53.0,21.7,0.0,0.0,0.0,65.0,12.0,0.0,0.0,44.0,23.0,0.0,0.0,42.0,22.8,0.0,0.0,46.0,21.6,0.0,0.0,46.0,21.9,0.0,0.0,0.0,49.0,21.6,0.0,27.0,0.0,52.0,19.8,0.0,0.0,0.0,2.35,2.49,2.49,2.49,16.09,18.72,18.79,18.79,18.8,0.55,22.2,1.0,0.0,20.9,20.2,0.0,1.0,47.0,23.0,0.0,48.0,22.9,0.0,0.0,0.0,3.41,3.61,3.61,3.61,23.29,27.15,27.26,27.25,27.25,0.54,0.0,1.0,0.0,53.0,0.0,0.0,20.6,0.0,52.0,0.0,0.0,20.4,1.0,1.0,1.0
2022-10-18 00:15:56,17.1,1.0,1.0,20.5,1.0,0.0,0.0,20.4,53.0,21.7,0.0,0.0,0.0,65.0,12.0,0.0,0.0,44.0,23.0,0.0,0.0,42.0,22.8,0.0,0.0,46.0,21.6,0.0,0.0,46.0,21.9,0.0,0.0,0.0,49.0,21.6,0.0,27.0,0.0,52.0,19.8,0.0,0.0,0.0,2.35,2.49,2.49,2.49,16.09,18.72,18.79,18.79,18.8,0.55,22.2,1.0,0.0,20.9,20.2,0.0,1.0,47.0,23.0,0.0,48.0,22.9,0.0,0.0,0.0,3.41,3.61,3.61,3.61,23.29,27.15,27.26,27.25,27.25,0.54,0.0,1.0,0.0,53.0,0.0,0.0,20.6,0.0,52.0,0.0,0.0,20.4,1.0,1.0,1.0
2022-10-18 00:15:57,17.1,1.0,1.0,20.5,1.0,0.0,0.0,20.4,53.0,21.7,0.0,0.0,0.0,65.0,12.0,0.0,0.0,44.0,23.0,0.0,0.0,42.0,22.8,0.0,0.0,46.0,21.6,0.0,0.0,46.0,21.9,0.0,0.0,0.0,49.0,21.6,0.0,27.0,0.0,52.0,19.8,0.0,0.0,0.0,2.35,2.49,2.49,2.49,16.09,18.72,18.79,18.79,18.8,0.55,22.2,1.0,0.0,20.9,20.2,0.0,1.0,47.0,23.0,0.0,48.0,22.9,0.0,0.0,0.0,3.41,3.61,3.61,3.61,23.29,27.15,27.26,27.25,27.25,0.54,0.0,1.0,0.0,53.0,0.0,0.0,20.6,0.0,52.0,0.0,0.0,20.4,1.0,1.0,1.0
2022-10-18 00:15:58,17.1,1.0,1.0,20.5,1.0,0.0,0.0,20.4,53.0,21.7,0.0,0.0,0.0,65.0,12.0,0.0,0.0,44.0,23.0,0.0,0.0,42.0,22.8,0.0,0.0,46.0,21.6,0.0,0.0,46.0,21.9,0.0,0.0,0.0,49.0,21.6,0.0,27.0,0.0,52.0,19.8,0.0,0.0,0.0,2.35,2.49,2.49,2.49,16.09,18.72,18.79,18.79,18.8,0.55,22.2,1.0,0.0,20.9,20.2,0.0,1.0,47.0,23.0,0.0,48.0,22.9,0.0,0.0,0.0,3.41,3.61,3.61,3.61,23.29,27.15,27.26,27.25,27.25,0.54,0.0,1.0,0.0,53.0,0.0,0.0,20.6,0.0,52.0,0.0,0.0,20.4,1.0,1.0,1.0
2022-10-18 00:15:59,17.1,1.0,1.0,20.5,1.0,0.0,0.0,20.4,53.0,21.7,0.0,0.0,0.0,65.0,12.0,0.0,0.0,44.0,23.0,0.0,0.0,42.0,22.8,0.0,0.0,46.0,21.6,0.0,0.0,46.0,21.9,0.0,0.0,0.0,49.0,21.6,0.0,27.0,0.0,52.0,19.8,0.0,0.0,0.0,2.35,2.49,2.49,2.49,16.09,18.72,18.79,18.79,18.8,0.55,22.2,1.0,0.0,20.9,20.2,0.0,1.0,47.0,23.0,0.0,48.0,22.9,0.0,0.0,0.0,3.41,3.61,3.61,3.61,23.29,27.15,27.26,27.25,27.25,0.54,0.0,1.0,0.0,53.0,0.0,0.0,20.6,0.0,52.0,0.0,0.0,20.4,1.0,1.0,1.0
2022-10-18 00:16:00,17.1,1.0,1.0,20.5,1.0,0.0,0.0,20.4,53.0,21.7,0.0,0.0,0.0,65.0,12.0,0.0,0.0,44.0,23.0,0.0,0.0,42.0,22.8,0.0,0.0,46.0,21.6,0.0,0.0,46.0,21.9,0.0,0.0,0.0,49.0,21.6,0.0,27.0,0.0,52.0,19.8,0.0,0.0,0.0,2.35,2.49,2.49,2.49,16.09,18.72,18.79,18.79,18.8,0.55,22.2,1.0,0.0,20.9,20.2,0.0,1.0,47.0,23.0,0.0,48.0,22.9,0.0,0.0,0.0,3.41,3.61,3.61,3.61,23.29,27.15,27.26,27.25,27.25,0.54,0.0,1.0,0.0,53.0,0.0,0.0,20.6,0.0,52.0,0.0,0.0,20.4,1.0,1.0,1.0
2022-10-18 00:16:01,17.1,1.0,1.0,20.5,1.0,0.0,0.0,20.4,53.0,21.7,0.0,0.0,0.0,65.0,12.0,0.0,0.0,44.0,23.0,0.0,0.0,42.0,22.8,0.0,0.0,46.0,21.6,0.0,0.0,46.0,21.9,0.0,0.0,0.0,49.0,21.6,0.0,27.0,0.0,52.0,19.8,0.0,0.0,0.0,2.35,2.49,2.49,2.49,16.09,18.72,18.79,18.79,18.8,0.55,22.2,1.0,0.0,20.9,20.2,0.0,1.0,47.0,23.0,0.0,48.0,22.9,0.0,0.0,0.0,3.41,3.61,3.61,3.61,23.29,27.15,27.26,27.25,27.25,0.54,0.0,1.0,0.0,53.0,0.0,0.0,20.6,0.0,52.0,0.0,0.0,20.4,1.0,1.0,1.0
2022-10-18 00:16:02,17.1,1.0,1.0,20.5,1.0,0.0,0.0,20.4,53.0,21.7,0.0,0.0,0.0,65.0,12.0,0.0,0.0,44.0,23.0,0.0,0.0,42.0,22.8,0.0,0.0,46.0,21.6,0.0,0.0,46.0,21.9,0.0,0.0,0.0,49.0,21.6,0.0,27.0,0.0,52.0,19.8,0.0,0.0,0.0,2.35,2.49,2.49,2.49,16.09,18.72,18.79,18.79,18.8,0.55,22.2,1.0,0.0,20.9,20.2,0.0,1.0,47.0,23.0,0.0,48.0,22.9,0.0,0.0,0.0,3.41,3.61,3.61,3.61,23.29,27.15,27.26,27.25,27.25,0.54,0.0,1.0,0.0,53.0,0.0,0.0,20.6,0.0,52.0,0.0,0.0,20.4,1.0,1.0,1.0
2022-10-18 00:16:03,17.1,1.0,1.0,20.5,1.0,0.0,0.0,20.4,53.0,21.7,0.0,0.0,0.0,65.0,12.0,0.0,0.0,44.0,23.0,0.0,0.0,42.0,22.8,0.0,0.0,46.0,21.6,0.0,0.0,46.0,21.9,0.0,0.0,0.0,49.0,21.6,0.0,27.0,0.0,52.0,19.8,0.0,0.0,0.0,2.35,2.49,2.49,2.49,16.09,18.72,18.79,18.79,18.8,0.55,22.2,1.0,0.0,20.9,20.2,0.0,1.0,47.0,23.0,0.0,48.0,22.9,0.0,0.0,0.0,3.41,3.61,3.61,3.61,23.29,27.15,27.26,27.25,27.25,0.54,0.0,1.0,0.0,53.0,0.0,0.0,20.6,0.0,52.0,0.0,0.0,20.4,1.0,1.0,1.0
2022-10-18 00:16:04,17.1,1.0,1.0,20.5,1.0,0.0,0.0,20.4,53.0,21.7,0.0,0.0,0.0,65.0,12.0,0.0,0.0,44.0,23.0,0.0,0.0,42.0,22.8,0.0,0.0,46.0,21.6,0.0,0.0,46.0,21.9,0.0,0.0,0.0,49.0,21.6,0.0,27.0,0.0,52.0,19.8,0.0,0.0,0.0,2.35,2.49,2.49,2.49,16.09,18.72,18.79,18.79,18.8,0.55,22.2,1.0,0.0,20.9,20.2,0.0,1.0,47.0,23.0,0.0,48.0,22.9,0.0,0.0,0.0,3.41,3.61,3.61,3.61,23.29,27.15,27.26,27.25,27.25,0.54,0.0,1.0,0.0,53.0,0.0,0.0,20.6,0.0,52.0,0.0,0.0,20.4,1.0,1.0,1.0
2022-10-18 00:16:05,17.1,1.0,1.0,20.5,1.0,0.0,0.0,20.4,53.0,21.7,0.0,0.0,0.0,65.0,12.0,0.0,0.0,44.0,23.0,0.0,0.0,42.0,22.8,0.0,0.0,46.0,21.6,0.0,0.0,46.0,21.9,0.0,0.0,0.0,49.0,21.6,0.0,27.0,0.0,52.0,19.8,0.0,0.0,0.0,2.35,2.49,2.49,2.49,16.09,18.72,18.79,18.79,18.8,0.55,22.2,1.0,0.0,20.9,20.2,0.0,1.0,47.0,23.0,0.0,48.0,22.9,0.0,0.0,0.0,3.41,3.61,3.61,3.61,23.29,27.15,27.26,27.25,27.25,0.54,0.0,1.0,0.0,53.0,0.0,0.0,20.6,0.0,52.0,0.0,0.0,20.4,1.0,1.0,1.0
2022-10-18 00:16:06,17.1,1.0,1.0,20.5,1.0,0.0,0.0,20.4,53.0,21.7,0.0,0.0,0.0,65.0,12.0,0.0,0.0,44.0,23.0,0.0,0.0,42.0,22.8,0.0,0.0,46.0,21.6,0.0,0.0,46.0,21.9,0.0,0.0,0.0,49.0,21.6,0.0,27.0,0.0,52.0,19.8,0.0,0.0,0.0,2.35,2.49,2.49,2.49,16.09,18.72,18.79,18.79,18.8,0.55,22.2,1.0,0.0,20.9,20.2,0.0,1.0,47.0,23.0,0.0,48.0,22.9,0.0,0.0,0.0,3.41,3.61,3.61,3.61,23.29,27.15,27.26,27.25,27.25,0.54,0.0,1.0,0.0,53.0,0.0,0.0,20.6,0.0,52.0,0.0,0.0,20.4,1.0,1.0,1.0
2022-10-18 00:16:07,17.1,1.0,1.0,20.5,1.0,0.0,0.0,20.4,53.0,21.7,0.0,0.0,0.0,65.0,12.0,0.0,0.0,44.0,23.0,0.0,0.0,42.0,22.8,0.0,0.0,46.0,21.6,0.0,0.0,46.0,21.9,0.0,0.0,0.0,49.0,21.6,0.0,27.0,0.0,52.0,19.8,0.0,0.0,0.0,2.35,2.49,2.49,2.49,16.09,18.72,18.79,18.79,18.8,0.55,22.2,1.0,0.0,20.9,20.2,0.0,1.0,47.0,23.0,0.0,48.0,22.9,0.0,0.0,0.0,3.41,3.61,3.61,3.61,23.29,27.15,27.26,27.25,27.25,0.54,0.0,1.0,0.0,53.0,0.0,0.0,20.6,0.0,52.0,0.0,0.0,20.4,1.0,1.0,1.0
2022-10-18 00:16:08,17.1,1.0,1.0,20.5,1.0,0.0,0.0,20.4,53.0,21.7,0.0,0.0,0.0,65.0,12.0,0.0,0.0,44.0,23.0,0.0,0.0,42.0,22.8,0.0,0.0,46.0,21.6,0.0,0.0,46.0,21.9,0.0,0.0,0.0,49.0,21.6,0.0,27.0,0.0,52.0,19.8,0.0,0.0,0.0,2.35,2.49,2.49,2.49,16.09,18.72,18.79,18.79,18.8,0.55,22.2,1.0,0.0,20.9,20.2,0.0,1.0,47.0,23.0,0.0,48.0,22.9,0.0,0.0,0.0,3.41,3.61,3.61,3.61,23.29,27.15,27.26,27.25,27.25,0.54,0.0,1.0,0.0,53.0,0.0,0.0,20.6,0.0,52.0,0.0,0.0,20.4,1.0,1.0,1.0
2022-10-18 00:16:09,17.1,1.0,1.0,20.5,1.0,0.0,0.0,20.4,53.0,21.7,0.0,0.0,0.0,65.0,12.0,0.0,0.0,44.0,23.0,0.0,0.0,42.0,22.8,0.0,0.0,46.0,21.6,0.0,0.0,46.0,21.9,0.0,0.0,0.0,49.0,21.6,0.0,27.0,0.0,52.0,19.8,0.0,0.0,0.0,2.35,2.49,2.49,2.49,16.09,18.72,18.79,18.79,18.8,0.55,22.2,1.0,0.0,20.9,20.2,0.0,1.0,47.0,23.0,0.0,48.0,22.9,0.0,0.0,0.0,3.41,3.61,3.61,3.61,23.29,27.15,27.26,27.25,27.25,0.54,0.0,1.0,0.0,53.0,0.0,0.0,20.6,0.0,52.0,0.0,0.0,20.4,1.0,1.0,1.0
2022-10-18 00:16:10,17.1,1.0,1.0,20.5,1.0,0.0,0.0,20.4,53.0,21.7,0.0,0.0,0.0,65.0,12.0,0.0,0.0,44.0,23.0,0.0,0.0,42.0,22.8,0.0,0.0,46.0,21.6,0.0,0.0,46.0,21.9,0.0,0.0,0.0,49.0,21.6,0.0,27.0,0.0,52.0,19.8,0.0,0.0,0.0,2.35,2.49,2.49,2.49,16.09,18.72,18.79,18.79,18.8,0.55,22.2,1.0,0.0,20.9,20.2,0.0,1.0,47.0,23.0,0.0,48.0,22.9,0.0,0.0,0.0,3.41,3.61,3.61,3.61,23.29,27.15,27.26,27.25,27.25,0.54,0.0,1.0,0.0,53.0,0.0,0.0,20.6,0.0,52.0,0.0,0.0,20.4,1.0,1.0,1.0
2022-10-18 00:16:11,17.1,1.0,1.0,20.5,1.0,0.0,0.0,20.4,53.0,21.7,0.0,0.0,0.0,65.0,12.0,0.0,0.0,44.0,23.0,0.0,0.0,42.0,22.8,0.0,0.0,46.0,21.6,0.0,0.0,46.0,21.9,0.0,0.0,0.0,49.0,21.6,0.0,27.0,0.0,52.0,19.8,0.0,0.0,0.0,2.35,2.49,2.49,2.49,16.09,18.72,18.79,18.79,18.8,0.55,22.2,1.0,0.0,20.9,20.2,0.0,1.0,47.0,23.0,0.0,48.0,22.9,0.0,0.0,0.0,3.41,3.61,3.61,3.61,23.29,27.15,27.26,27.25,27.25,0.54,0.0,1.0,0.0,53.0,0.0,0.0,20.6,0.0,52.0,0.0,0.0,20.4,1.0,1.0,1.0
2022-10-18 00:16:12,17.1,1.0,1.0,20.5,1.0,0.0,0.0,20.4,53.0,21.7,0.0,0.0,0.0,65.0,12.0,0.0,0.0,44.0,23.0,0.0,0.0,42.0,22.8,0.0,0.0,46.0,21.6,0.0,0.0,46.0,21.9,0.0,0.0,0.0,49.0,21.6,0.0,27.0,0.0,52.0,19.8,0.0,0.0,0.0,2.35,2.49,2.49,2.49,16.09,18.72,18.79,18.79,18.8,0.55,22.2,1.0,0.0,20.9,20.2,0.0,1.0,47.0,23.0,0.0,48.0,22.9,0.0,0.0,0.0,3.41,3.61,3.61,3.61,23.29,27.15,27.26,27.25,27.25,0.54,0.0,1.0,0.0,53.0,0.0,0.0,20.6,0.0,52.0,0.0,0.0,20.4,1.0,1.0,1.0
2022-10-18 00:16:13,17.1,1.0,1.0,20.5,1.0,0.0,0.0,20.4,53.0,21.7,0.0,0.0,0.0,65.0,12.0,0.0,0.0,44.0,23.0,0.0,0.0,42.0,22.8,0.0,0.0,46.0,21.6,0.0,0.0,46.0,21.9,0.0,0.0,0.0,49.0,21.6,0.0,27.0,0.0,52.0,19.8,0.0,0.0,0.0,2.35,2.49,2.49,2.49,16.09,18.72,18.79,18.79,18.8,0.55,22.2,1.0,0.0,20.9,20.2,0.0,1.0,47.0,23.0,0.0,48.0,22.9,0.0,0.0,0.0,3.41,3.61,3.61,3.61,23.29,27.15,27.26,27.25,27.25,0.54,0.0,1.0,0.0,53.0,0.0,0.0,20.6,0.0,52.0,0.0,0.0,20.4,1.0,1.0,1.0
2022-10-18 00:16:14,17.1,1.0,1.0,20.5,1.0,0.0,0.0,20.4,53.0,21.7,0.0,0.0,0.0,65.0,12.0,0.0,0.0,44.0,23.0,0.0,0.0,42.0,22.8,0.0,0.0,46.0,21.6,0.0,0.0,46.0,21.9,0.0,0.0,0.0,49.0,21.6,0.0,27.0,0.0,52.0,19.8,0.0,0.0,0.0,2.35,2.49,2.49,2.49,16.09,18.72,18.79,18.79,18.8,0.55,22.2,1.0,0.0,20.9,20.2,0.0,1.0,47.0,23.0,0.0,48.0,22.9,0.0,0.0,0.0,3.41,3.61,3.61,3.61,23.29,27.15,27.26,27.25,27.25,0.54,0.0,1.0,0.0,53.0,0.0,0.0,20.6,0.0,52.0,0.0,0.0,20.4,1.0,1.0,1.0
2022-10-18 00:16:15,17.1,1.0,1.0,20.5,1.0,0.0,0.0,20.4,53.0,21.7,0.0,0.0,0.0,65.0,12.0,0.0,0.0,44.0,23.0,0.0,0.0,42.0,22.8,0.0,0.0,46.0,21.6,0.0,0.0,46.0,21.9,0.0,0.0,0.0,49.0,21.6,0.0,27.0,0.0,52.0,19.8,0.0,0.0,0.0,2.35,2.49,2.49,2.49,16.09,18.72,18.79,18.79,18.8,0.55,22.2,1.0,0.0,20.9,20.2,0.0,1.0,47.0,23.0,0.0,48.0,22.9,0.0,0.0,0.0,3.41,3.61,3.61,3.61,23.29,27.15,27.26,27.25,27.25,0.54,0.0,1.0,0.0,53.0,0.0,0.0,20.6,0.0,52.0,0.0,0.0,20.4,1.0,1.0,1.0
2022-10-18 00:16:16,17.1,1.0,1.0,20.5,1.0,0.0,0.0,20.4,53.0,21.7,0.0,0.0,0.0,65.0,12.0,0.0,0.0,44.0,23.0,0.0,0.0,42.0,22.8,0.0,0.0,46.0,21.6,0.0,0.0,46.0,21.9,0.0,0.0,0.0,49.0,21.6,0.0,27.0,0.0,52.0,19.8,0.0,0.0,0.0,2.35,2.49,2.49,2.49,16.09,18.72,18.79,18.79,18.8,0.55,22.2,1.0,0.0,20.9,20.2,0.0,1.0,47.0,23.0,0.0,48.0,22.9,0.0,0.0,0.0,3.41,3.61,3.61,3.61,23.29,27.15,27.26,27.25,27.25,0.54,0.0,1.0,0.0,53.0,0.0,0.0,20.6,0.0,52.0,0.0,0.0,20.4,1.0,1.0,1.0
2022-10-18 00:16:17,17.1,1.0,1.0,20.5,1.0,0.0,0.0,20.4,53.0,21.7,0.0,0.0,0.0,65.0,12.0,0.0,0.0,44.0,23.0,0.0,0.0,42.0,22.8,0.0,0.0,46.0,21.6,0.0,0.0,46.0,21.9,0.0,0.0,0.0,49.0,21.6,0.0,27.0,0.0,52.0,19.8,0.0,0.0,0.0,2.35,2.49,2.49,2.49,16.09,18.72,18.79,18.79,18.8,0.55,22.2,1.0,0.0,20.9,20.2,0.0,1.0,47.0,23.0,0.0,48.0,22.9,0.0,0.0,0.0,3.41,3.61,3.61,3.61,23.29,27.15,27.26,27.25,27.25,0.54,0.0,1.0,0.0,53.0,0.0,0.0,20.6,0.0,52.0,0.0,0.0,20.4,1.0,1.0,1.0
2022-10-18 00:16:18,17.1,1.0,1.0,20.5,1.0,0.0,0.0,20.4,53.0,21.7,0.0,0.0,0.0,65.0,12.0,0.0,0.0,44.0,23.0,0.0,0.0,42.0,22.8,0.0,0.0,46.0,21.6,0.0,0.0,46.0,21.9,0.0,0.0,0.0,49.0,21.6,0.0,27.0,0.0,52.0,19.8,0.0,0.0,0.0,2.35,2.49,2.49,2.49,16.09,18.72,18.79,18.79,18.8,0.55,22.2,1.0,0.0,20.9,20.2,0.0,1.0,47.0,23.0,0.0,48.0,22.9,0.0,0.0,0.0,3.41,3.61,3.61,3.61,23.29,27.15,27.26,27.25,27.25,0.54,0.0,1.0,0.0,53.0,0.0,0.0,20.6,0.0,52.0,0.0,0.0,20.4,1.0,1.0,1.0
2022-10-18 00:16:19,17.1,1.0,1.0,20.5,1.0,0.0,0.0,20.4,53.0,21.7,0.0,0.0,0.0,65.0,12.0,0.0,0.0,44.0,23.0,0.0,0.0,42.0,22.8,0.0,0.0,46.0,21.6,0.0,0.0,46.0,21.9,0.0,0.0,0.0,49.0,21.6,0.0,27.0,0.0,52.0,19.8,0.0,0.0,0.0,2.35,2.49,2.49,2.49,16.09,18.72,18.79,18.79,18.8,0.55,22.2,1.0,0.0,20.9,20.2,0.0,1.0,47.0,23.0,0.0,48.0,22.9,0.0,0.0,0.0,3.41,3.61,3.61,3.61,23.29,27.15,27.26,27.25,27.25,0.54,0.0,1.0,0.0,53.0,0.0,0.0,20.6,0.0,52.0,0.0,0.0,20.4,1.0,1.0,1.0
2022-10-18 00:16:20,17.1,1.0,1.0,20.5,1.0,0.0,0.0,20.4,53.0,21.7,0.0,0.0,0.0,65.0,12.0,0.0,0.0,44.0,23.0,0.0,0.0,42.0,22.8,0.0,0.0,46.0,21.6,0.0,0.0,46.0,21.9,0.0,0.0,0.0,49.0,21.6,0.0,27.0,0.0,52.0,19.8,0.0,0.0,0.0,2.35,2.49,2.49,2.49,16.09,18.72,18.79,18.79,18.8,0.55,22.2,1.0,0.0,20.9,20.2,0.0,1.0,47.0,23.0,0.0,48.0,22.9,0.0,0.0,0.0,3.41,3.61,3.61,3.61,23.29,27.15,27.26,27.25,27.25,0.54,0.0,1.0,0.0,53.0,0.0,0.0,20.6,0.0,52.0,0.0,0.0,20.4,1.0,1.0,1.0
2022-10-18 00:16:21,17.1,1.0,1.0,20.5,1.0,0.0,0.0,20.4,53.0,21.7,0.0,0.0,0.0,65.0,12.0,0.0,0.0,44.0,23.0,0.0,0.0,42.0,22.8,0.0,0.0,46.0,21.6,0.0,0.0,46.0,21.9,0.0,0.0,0.0,49.0,21.6,0.0,27.0,0.0,52.0,19.8,0.0,0.0,0.0,2.35,2.49,2.49,2.49,16.09,18.72,18.79,18.79,18.8,0.55,22.2,1.0,0.0,20.9,20.2,0.0,1.0,47.0,23.0,0.0,48.0,22.9,0.0,0.0,0.0,3.41,3.61,3.61,3.61,23.29,27.15,27.26,27.25,27.25,0.54,0.0,1.0,0.0,53.0,0.0,0.0,20.6,0.0,52.0,0.0,0.0,20.4,1.0,1.0,1.0
2022-10-18 00:16:22,17.1,1.0,1.0,20.5,1.0,0.0,0.0,20.4,53.0,21.7,0.0,0.0,0.0,65.0,12.0,0.0,0.0,44.0,23.0,0.0,0.0,42.0,22.8,0.0,0.0,46.0,21.6,0.0,0.0,46.0,21.9,0.0,0.0,0.0,49.0,21.6,0.0,27.0,0.0,52.0,19.8,0.0,0.0,0.0,2.35,2.49,2.49,2.49,16.09,18.72,18.79,18.79,18.8,0.55,22.2,1.0,0.0,20.9,20.2,0.0,1.0,47.0,23.0,0.0,48.0,22.9,0.0,0.0,0.0,3.41,3.61,3.61,3.61,23.29,27.15,27.26,27.25,27.25,0.54,0.0,1.0,0.0,53.0,0.0,0.0,20.6,0.0,52.0,0.0,0.0,20.4,1.0,1.0,1.0
2022-10-18 00:16:23,17.1,1.0,1.0,20.5,1.0,0.0,0.0,20.4,53.0,21.7,0.0,0.0,0.0,65.0,12.0,0.0,0.0,44.0,23.0,0.0,0.0,42.0,22.8,0.0,0.0,46.0,21.6,0.0,0.0,46.0,21.9,0.0,0.0,0.0,49.0,21.6,0.0,27.0,0.0,52.0,19.8,0.0,0.0,0.0,2.35,2.49,2.49,2.49,16.09,18.72,18.79,18.79,18.8,0.55,22.2,1.0,0.0,20.9,20.2,0.0,1.0,47.0,23.0,0.0,48.0,22.9,0.0,0.0,0.0,3.41,3.61,3.61,3.61,23.29,27.15,27.26,27.25,27.25,0.54,0.0,1.0,0.0,53.0,0.0,0.0,20.6,0.0,52.0,0.0,0.0,20.4,1.0,1.0,1.0
2022-10-18 00:16:24,17.1,1.0,1.0,20.5,1.0,0.0,0.0,20.4,53.0,21.7,0.0,0.0,0.0,65.0,12.0,0.0,0.0,44.0,23.0,0.0,0.0,42.0,22.8,0.0,0.0,46.0,21.6,0.0,0.0,46.0,21.9,0.0,0.0,0.0,49.0,21.6,0.0,27.0,0.0,52.0,19.8,0.0,0.0,0.0,2.35,2.49,2.49,2.49,16.09,18.72,18.79,18.79,18.8,0.55,22.2,1.0,0.0,20.9,20.2,0.0,1.0,47.0,23.0,0.0,48.0,22.9,0.0,0.0,0.0,3.41,3.61,3.61,3.61,23.29,27.15,27.26,27.25,27.25,0.54,0.0,1.0,0.0,53.0,0.0,0.0,20.6,0.0,52.0,0.0,0.0,20.4,1.0,1.0,1.0
2022-10-18 00:16:25,17.1,1.0,1.0,20.5,1.0,0.0,0.0,20.4,53.0,21.7,0.0,0.0,0.0,65.0,12.0,0.0,0.0,44.0,23.0,0.0,0.0,42.0,22.8,0.0,0.0,46.0,21.6,0.0,0.0,46.0,21.9,0.0,0.0,0.0,49.0,21.6,0.0,27.0,0.0,52.0,19.8,0.0,0.0,0.0,2.35,2.49,2.49,2.49,16.09,18.72,18.79,18.79,18.8,0.55,22.2,1.0,0.0,20.9,20.2,0.0,1.0,47.0,23.0,0.0,48.0,22.9,0.0,0.0,0.0,3.41,3.61,3.61,3.61,23.29,27.15,27.26,27.25,27.25,0.54,0.0,1.0,0.0,53.0,0.0,0.0,20.6,0.0,52.0,0.0,0.0,20.4,1.0,1.0,1.0
2022-10-18 00:16:26,17.1,1.0,1.0,20.5,1.0,0.0,0.0,20.4,53.0,21.7,0.0,0.0,0.0,65.0,12.0,0.0,0.0,44.0,23.0,0.0,0.0,42.0,22.8,0.0,0.0,46.0,21.6,0.0,0.0,46.0,21.9,0.0,0.0,0.0,49.0,21.6,0.0,27.0,0.0,52.0,19.8,0.0,0.0,0.0,2.35,2.49,2.49,2.49,16.09,18.72,18.79,18.79,18.8,0.55,22.2,1.0,0.0,20.9,20.2,0.0,1.0,47.0,23.0,0.0,48.0,22.9,0.0,0.0,0.0,3.41,3.61,3.61,3.61,23.29,27.15,27.26,27.25,27.25,0.54,0.0,1.0,0.0,53.0,0.0,0.0,20.6,0.0,52.0,0.0,0.0,20.4,1.0,1.0,1.0
2022-10-18 00:16:27,17.1,1.0,1.0,20.5,1.0,0.0,0.0,20.4,53.0,21.7,0.0,0.0,0.0,65.0,12.0,0.0,0.0,44.0,23.0,0.0,0.0,42.0,22.8,0.0,0.0,46.0,21.6,0.0,0.0,46.0,21.9,0.0,0.0,0.0,49.0,21.6,0.0,27.0,0.0,52.0,19.8,0.0,0.0,0.0,2.35,2.49,2.49,2.49,16.09,18.72,18.79,18.79,18.8,0.55,22.2,1.0,0.0,20.9,20.2,0.0,1.0,47.0,23.0,0.0,48.0,22.9,0.0,0.0,0.0,3.41,3.61,3.61,3.61,23.29,27.15,27.26,27.25,27.25,0.54,0.0,1.0,0.0,53.0,0.0,0.0,20.6,0.0,52.0,0.0,0.0,20.4,1.0,1.0,1.0
2022-10-18 00:16:28,17.1,1.0,1.0,20.5,1.0,0.0,0.0,20.4,53.0,21.7,0.0,0.0,0.0,65.0,12.0,0.0,0.0,44.0,23.0,0.0,0.0,42.0,22.8,0.0,0.0,46.0,21.6,0.0,0.0,46.0,21.9,0.0,0.0,0.0,49.0,21.6,0.0,27.0,0.0,52.0,19.8,0.0,0.0,0.0,2.35,2.49,2.49,2.49,16.09,18.72,18.79,18.79,18.8,0.55,22.2,1.0,0.0,20.9,20.2,0.0,1.0,47.0,23.0,0.0,48.0,22.9,0.0,0.0,0.0,3.41,3.61,3.61,3.61,23.29,27.15,27.26,27.25,27.25,0.54,0.0,1.0,0.0,53.0,0.0,0.0,20.6,0.0,52.0,0.0,0.0,20.4,1.0,1.0,1.0
2022-10-18 00:16:29,17.1,1.0,1.0,20.5,1.0,0.0,0.0,20.4,53.0,21.7,0.0,0.0,0.0,65.0,12.0,0.0,0.0,44.0,23.0,0.0,0.0,42.0,22.8,0.0,0.0,46.0,21.6,0.0,0.0,46.0,21.9,0.0,0.0,0.0,49.0,21.6,0.0,27.0,0.0,52.0,19.8,0.0,0.0,0.0,2.35,2.49,2.49,2.49,16.09,18.72,18.79,18.79,18.8,0.55,22.2,1.0,0.0,20.9,20.2,0.0,1.0,47.0,23.0,0.0,48.0,22.9,0.0,0.0,0.0,3.41,3.61,3.61,3.61,23.29,27.15,27.26,27.25,27.25,0.54,0.0,1.0,0.0,53.0,0.0,0.0,20.6,0.0,52.0,0.0,0.0,20.4,1.0,1.0,1.0
2022-10-18 00:16:30,17.1,1.0,1.0,20.5,1.0,0.0,0.0,20.4,53.0,21.7,0.0,0.0,0.0,65.0,12.0,0.0,0.0,44.0,23.0,0.0,0.0,42.0,22.8,0.0,0.0,46.0,21.6,0.0,0.0,46.0,21.9,0.0,0.0,0.0,49.0,21.6,0.0,27.0,0.0,52.0,19.8,0.0,0.0,0.0,2.35,2.49,2.49,2.49,16.09,18.72,18.79,18.79,18.8,0.55,22.2,1.0,0.0,20.9,20.2,0.0,1.0,47.0,23.0,0.0,48.0,22.9,0.0,0.0,0.0,3.41,3.61,3.61,3.61,23.29,27.15,27.26,27.25,27.25,0.54,0.0,1.0,0.0,53.0,0.0,0.0,20.6,0.0,52.0,0.0,0.0,20.4,1.0,1.0,1.0
2022-10-18 00:16:31,17.1,1.0,1.0,20.5,1.0,0.0,0.0,20.4,53.0,21.7,0.0,0.0,0.0,65.0,12.0,0.0,0.0,44.0,23.0,0.0,0.0,42.0,22.8,0.0,0.0,46.0,21.6,0.0,0.0,46.0,21.9,0.0,0.0,0.0,49.0,21.6,0.0,27.0,0.0,52.0,19.8,0.0,0.0,0.0,2.35,2.49,2.49,2.49,16.09,18.72,18.79,18.79,18.8,0.55,22.2,1.0,0.0,20.9,20.2,0.0,1.0,47.0,23.0,0.0,48.0,22.9,0.0,0.0,0.0,3.41,3.61,3.61,3.61,23.29,27.15,27.26,27.25,27.25,0.54,0.0,1.0,0.0,53.0,0.0,0.0,20.6,0.0,52.0,0.0,0.0,20.4,1.0,1.0,1.0
2022-10-18 00:16:32,17.1,1.0,1.0,20.5,1.0,0.0,0.0,20.4,53.0,21.7,0.0,0.0,0.0,65.0,12.0,0.0,0.0,44.0,23.0,0.0,0.0,42.0,22.8,0.0,0.0,46.0,21.6,0.0,0.0,46.0,21.9,0.0,0.0,0.0,49.0,21.6,0.0,27.0,0.0,52.0,19.8,0.0,0.0,0.0,2.35,2.49,2.49,2.49,16.09,18.72,18.79,18.79,18.8,0.55,22.2,1.0,0.0,20.9,20.2,0.0,1.0,47.0,23.0,0.0,48.0,22.9,0.0,0.0,0.0,3.41,3.61,3.61,3.61,23.29,27.15,27.26,27.25,27.25,0.54,0.0,1.0,0.0,53.0,0.0,0.0,20.6,0.0,52.0,0.0,0.0,20.4,1.0,1.0,1.0
2022-10-18 00:16:33,17.1,1.0,1.0,20.5,1.0,0.0,0.0,20.4,53.0,21.7,0.0,0.0,0.0,65.0,12.0,0.0,0.0,44.0,23.0,0.0,0.0,42.0,22.8,0.0,0.0,46.0,21.6,0.0,0.0,46.0,21.9,0.0,0.0,0.0,49.0,21.6,0.0,27.0,0.0,52.0,19.8,0.0,0.0,0.0,2.35,2.49,2.49,2.49,16.09,18.72,18.79,18.79,18.8,0.55,22.2,1.0,0.0,20.9,20.2,0.0,1.0,47.0,23.0,0.0,48.0,22.9,0.0,0.0,0.0,3.41,3.61,3.61,3.61,23.29,27.15,27.26,27.25,27.25,0.54,0.0,1.0,0.0,53.0,0.0,0.0,20.6,0.0,52.0,0.0,0.0,20.4,1.0,1.0,1.0
2022-10-18 00:16:34,17.1,1.0,1.0,20.5,1.0,0.0,0.0,20.4,53.0,21.7,0.0,0.0,0.0,65.0,12.0,0.0,0.0,44.0,23.0,0.0,0.0,42.0,22.8,0.0,0.0,46.0,21.6,0.0,0.0,46.0,21.9,0.0,0.0,0.0,49.0,21.6,0.0,27.0,0.0,52.0,19.8,0.0,0.0,0.0,2.35,2.49,2.49,2.49,16.09,18.72,18.79,18.79,18.8,0.55,22.2,1.0,0.0,20.9,20.2,0.0,1.0,47.0,23.0,0.0,48.0,22.9,0.0,0.0,0.0,3.41,3.61,3.61,3.61,23.29,27.15,27.26,27.25,27.25,0.54,0.0,1.0,0.0,53.0,0.0,0.0,20.6,0.0,52.0,0.0,0.0,20.4,1.0,1.0,1.0
2022-10-18 00:16:35,17.1,1.0,1.0,20.5,1.0,0.0,0.0,20.4,53.0,21.7,0.0,0.0,0.0,65.0,12.0,0.0,0.0,44.0,23.0,0.0,0.0,42.0,22.8,0.0,0.0,46.0,21.6,0.0,0.0,46.0,21.9,0.0,0.0,0.0,49.0,21.6,0.0,27.0,0.0,52.0,19.8,0.0,0.0,0.0,2.35,2.49,2.49,2.49,16.09,18.72,18.79,18.79,18.8,0.55,22.2,1.0,0.0,20.9,20.2,0.0,1.0,47.0,23.0,0.0,48.0,22.9,0.0,0.0,0.0,3.41,3.61,3.61,3.61,23.29,27.15,27.26,27.25,27.25,0.54,0.0,1.0,0.0,53.0,0.0,0.0,20.6,0.0,52.0,0.0,0.0,20.4,1.0,1.0,1.0
2022-10-18 00:16:36,17.1,1.0,1.0,20.5,1.0,0.0,0.0,20.4,53.0,21.7,0.0,0.0,0.0,65.0,12.0,0.0,0.0,44.0,23.0,0.0,0.0,42.0,22.8,0.0,0.0,46.0,21.6,0.0,0.0,46.0,21.9,0.0,0.0,0.0,49.0,21.6,0.0,27.0,0.0,52.0,19.8,0.0,0.0,0.0,2.35,2.49,2.49,2.49,16.09,18.72,18.79,18.79,18.8,0.55,22.2,1.0,0.0,20.9,20.2,0.0,1.0,47.0,23.0,0.0,48.0,22.9,0.0,0.0,0.0,3.41,3.61,3.61,3.61,23.29,27.15,27.26,27.25,27.25,0.54,0.0,1.0,0.0,53.0,0.0,0.0,20.6,0.0,52.0,0.0,0.0,20.4,1.0,1.0,1.0
2022-10-18 00:16:37,17.1,1.0,1.0,20.5,1.0,0.0,0.0,20.4,53.0,21.7,0.0,0.0,0.0,65.0,12.0,0.0,0.0,44.0,23.0,0.0,0.0,42.0,22.8,0.0,0.0,46.0,21.6,0.0,0.0,46.0,21.9,0.0,0.0,0.0,49.0,21.6,0.0,27.0,0.0,52.0,19.8,0.0,0.0,0.0,2.35,2.49,2.49,2.49,16.09,18.72,18.79,18.79,18.8,0.55,22.2,1.0,0.0,20.9,20.2,0.0,1.0,47.0,23.0,0.0,48.0,22.9,0.0,0.0,0.0,3.41,3.61,3.61,3.61,23.29,27.15,27.26,27.25,27.25,0.54,0.0,1.0,0.0,53.0,0.0,0.0,20.6,0.0,52.0,0.0,0.0,20.4,1.0,1.0,1.0
2022-10-18 00:16:38,17.1,1.0,1.0,20.5,1.0,0.0,0.0,20.4,53.0,21.7,0.0,0.0,0.0,65.0,12.0,0.0,0.0,44.0,23.0,0.0,0.0,42.0,22.8,0.0,0.0,46.0,21.6,0.0,0.0,46.0,21.9,0.0,0.0,0.0,49.0,21.6,0.0,27.0,0.0,52.0,19.8,0.0,0.0,0.0,2.35,2.49,2.49,2.49,16.09,18.72,18.79,18.79,18.8,0.55,22.2,1.0,0.0,20.9,20.2,0.0,1.0,47.0,23.0,0.0,48.0,22.9,0.0,0.0,0.0,3.41,3.61,3.61,3.61,23.29,27.15,27.26,27.25,27.25,0.54,0.0,1.0,0.0,53.0,0.0,0.0,20.6,0.0,52.0,0.0,0.0,20.4,1.0,1.0,1.0
2022-10-18 00:16:39,17.1,1.0,1.0,20.5,1.0,0.0,0.0,20.4,53.0,21.7,0.0,0.0,0.0,65.0,12.0,0.0,0.0,44.0,23.0,0.0,0.0,42.0,22.8,0.0,0.0,46.0,21.6,0.0,0.0,46.0,21.9,0.0,0.0,0.0,49.0,21.6,0.0,27.0,0.0,52.0,19.8,0.0,0.0,0.0,2.35,2.49,2.49,2.49,16.09,18.72,18.79,18.79,18.8,0.55,22.2,1.0,0.0,20.9,20.2,0.0,1.0,47.0,23.0,0.0,48.0,22.9,0.0,0.0,0.0,3.41,3.61,3.61,3.61,23.29,27.15,27.26,27.25,27.25,0.54,0.0,1.0,0.0,53.0,0.0,0.0,20.6,0.0,52.0,0.0,0.0,20.4,1.0,1.0,1.0
2022-10-18 00:16:40,17.1,1.0,1.0,20.5,1.0,0.0,0.0,20.4,53.0,21.7,0.0,0.0,0.0,65.0,12.0,0.0,0.0,44.0,23.0,0.0,0.0,42.0,22.8,0.0,0.0,46.0,21.6,0.0,0.0,46.0,21.9,0.0,0.0,0.0,49.0,21.6,0.0,27.0,0.0,52.0,19.8,0.0,0.0,0.0,2.35,2.49,2.49,2.49,16.09,18.72,18.79,18.79,18.8,0.55,22.2,1.0,0.0,20.9,20.2,0.0,1.0,47.0,23.0,0.0,48.0,22.9,0.0,0.0,0.0,3.41,3.61,3.61,3.61,23.29,27.15,27.26,27.25,27.25,0.54,0.0,1.0,0.0,53.0,0.0,0.0,20.6,0.0,52.0,0.0,0.0,20.4,1.0,1.0,1.0
2022-10-18 00:16:41,17.1,1.0,1.0,20.5,1.0,0.0,0.0,20.4,53.0,21.7,0.0,0.0,0.0,65.0,12.0,0.0,0.0,44.0,23.0,0.0,0.0,42.0,22.8,0.0,0.0,46.0,21.6,0.0,0.0,46.0,21.9,0.0,0.0,0.0,49.0,21.6,0.0,27.0,0.0,52.0,19.8,0.0,0.0,0.0,2.35,2.49,2.49,2.49,16.09,18.72,18.79,18.79,18.8,0.55,22.2,1.0,0.0,20.9,20.2,0.0,1.0,47.0,23.0,0.0,48.0,22.9,0.0,0.0,0.0,3.41,3.61,3.61,3.61,23.29,27.15,27.26,27.25,27.25,0.54,0.0,1.0,0.0,53.0,0.0,0.0,20.6,0.0,52.0,0.0,0.0,20.4,1.0,1.0,1.0
2022-10-18 00:16:42,17.1,1.0,1.0,20.5,1.0,0.0,0.0,20.4,53.0,21.7,0.0,0.0,0.0,65.0,12.0,0.0,0.0,44.0,23.0,0.0,0.0,42.0,22.8,0.0,0.0,46.0,21.6,0.0,0.0,46.0,21.9,0.0,0.0,0.0,49.0,21.6,0.0,27.0,0.0,52.0,19.8,0.0,0.0,0.0,2.35,2.49,2.49,2.49,16.09,18.72,18.79,18.79,18.8,0.55,22.2,1.0,0.0,20.9,20.2,0.0,1.0,47.0,23.0,0.0,48.0,22.9,0.0,0.0,0.0,3.41,3.61,3.61,3.61,23.29,27.15,27.26,27.25,27.25,0.54,0.0,1.0,0.0,53.0,0.0,0.0,20.6,0.0,52.0,0.0,0.0,20.4,1.0,1.0,1.0
2022-10-18 00:16:43,17.1,1.0,1.0,20.5,1.0,0.0,0.0,20.4,53.0,21.7,0.0,0.0,0.0,65.0,12.0,0.0,0.0,44.0,23.0,0.0,0.0,42.0,22.8,0.0,0.0,46.0,21.6,0.0,0.0,46.0,21.9,0.0,0.0,0.0,49.0,21.6,0.0,27.0,0.0,52.0,19.8,0.0,0.0,0.0,2.35,2.49,2.49,2.49,16.09,18.72,18.79,18.79,18.8,0.55,22.2,1.0,0.0,20.9,20.2,0.0,1.0,47.0,23.0,0.0,48.0,22.9,0.0,0.0,0.0,3.41,3.61,3.61,3.61,23.29,27.15,27.26,27.25,27.25,0.54,0.0,1.0,0.0,53.0,0.0,0.0,20.6,0.0,52.0,0.0,0.0,20.4,1.0,1.0,1.0
2022-10-18 00:16:44,17.1,1.0,1.0,20.5,1.0,0.0,0.0,20.4,53.0,21.7,0.0,0.0,0.0,65.0,12.0,0.0,0.0,44.0,23.0,0.0,0.0,42.0,22.8,0.0,0.0,46.0,21.6,0.0,0.0,46.0,21.9,0.0,0.0,0.0,49.0,21.6,0.0,27.0,0.0,52.0,19.8,0.0,0.0,0.0,2.35,2.49,2.49,2.49,16.09,18.72,18.79,18.79,18.8,0.55,22.2,1.0,0.0,20.9,20.2,0.0,1.0,47.0,23.0,0.0,48.0,22.9,0.0,0.0,0.0,3.41,3.61,3.61,3.61,23.29,27.15,27.26,27.25,27.25,0.54,0.0,1.0,0.0,53.0,0.0,0.0,20.6,0.0,52.0,0.0,0.0,20.4,1.0,1.0,1.0
2022-10-18 00:16:45,17.1,1.0,1.0,20.5,1.0,0.0,0.0,20.4,53.0,21.7,0.0,0.0,0.0,65.0,12.0,0.0,0.0,44.0,23.0,0.0,0.0,42.0,22.8,0.0,0.0,46.0,21.6,0.0,0.0,46.0,21.9,0.0,0.0,0.0,49.0,21.6,0.0,27.0,0.0,52.0,19.8,0.0,0.0,0.0,2.35,2.49,2.49,2.49,16.09,18.72,18.79,18.79,18.8,0.55,22.2,1.0,0.0,20.9,20.2,0.0,1.0,47.0,23.0,0.0,48.0,22.9,0.0,0.0,0.0,3.41,3.61,3.61,3.61,23.29,27.15,27.26,27.25,27.25,0.54,0.0,1.0,0.0,53.0,0.0,0.0,20.6,0.0,52.0,0.0,0.0,20.4,1.0,1.0,1.0
2022-10-18 00:16:46,17.1,1.0,1.0,20.5,1.0,0.0,0.0,20.4,53.0,21.7,0.0,0.0,0.0,65.0,12.0,0.0,0.0,44.0,23.0,0.0,0.0,42.0,22.8,0.0,0.0,46.0,21.6,0.0,0.0,46.0,21.9,0.0,0.0,0.0,49.0,21.6,0.0,27.0,0.0,52.0,19.8,0.0,0.0,0.0,2.35,2.49,2.49,2.49,16.09,18.72,18.79,18.79,18.8,0.55,22.2,1.0,0.0,20.9,20.2,0.0,1.0,47.0,23.0,0.0,48.0,22.9,0.0,0.0,0.0,3.41,3.61,3.61,3.61,23.29,27.15,27.26,27.25,27.25,0.54,0.0,1.0,0.0,53.0,0.0,0.0,20.6,0.0,52.0,0.0,0.0,20.4,1.0,1.0,1.0
